2025-04-28 13:29:09,241 - trading_bot - INFO - Initializing MetaTrader 5...
2025-04-28 13:29:13,465 - trading_bot - INFO - MT5 version: (500, 4885, '28 Feb 2025')
2025-04-28 13:30:32,969 - trading_bot - INFO - Initializing MetaTrader 5...
2025-04-28 13:30:32,979 - trading_bot - INFO - MT5 version: (500, 4885, '28 Feb 2025')
2025-04-28 13:30:32,980 - trading_bot - INFO - Connected to: MetaTrader 5
2025-04-28 13:30:32,980 - trading_bot - INFO - Connection status: Connected
2025-04-28 13:30:32,981 - trading_bot - INFO - Initializing components...
2025-04-28 13:31:30,181 - trading_bot - INFO - Initializing MetaTrader 5...
2025-04-28 13:31:30,191 - trading_bot - INFO - MT5 version: (500, 4885, '28 Feb 2025')
2025-04-28 13:31:30,193 - trading_bot - INFO - Connected to: MetaTrader 5
2025-04-28 13:31:30,193 - trading_bot - INFO - Connection status: Connected
2025-04-28 13:31:30,193 - trading_bot - INFO - Initializing components...
2025-04-28 13:32:43,194 - trading_bot - INFO - Initializing MetaTrader 5...
2025-04-28 13:32:43,204 - trading_bot - INFO - MT5 version: (500, 4885, '28 Feb 2025')
2025-04-28 13:32:43,205 - trading_bot - INFO - Connected to: MetaTrader 5
2025-04-28 13:32:43,206 - trading_bot - INFO - Connection status: Connected
2025-04-28 13:32:43,206 - trading_bot - INFO - Initializing components...
2025-04-28 13:32:43,206 - trading_bot - INFO - Starting trading bot...
2025-04-28 13:32:43,208 - trading_bot - INFO - Trading bot started successfully
2025-04-28 13:32:43,254 - trading_bot - ERROR - Error calculating indicators: 'close'
2025-04-28 13:32:43,254 - trading_bot - ERROR - Error generating signals: 'close'
2025-04-28 13:32:43,255 - trading_bot - ERROR - Error analyzing market: 'int' object has no attribute 'iloc'
2025-04-28 13:32:43,255 - trading_bot - ERROR - Error calculating indicators: 'close'
2025-04-28 13:32:43,255 - trading_bot - ERROR - Error generating signals: 'close'
2025-04-28 13:32:43,255 - trading_bot - ERROR - Error analyzing market: 'int' object has no attribute 'iloc'
2025-04-28 13:32:43,255 - trading_bot - ERROR - Error calculating indicators: 'close'
2025-04-28 13:32:43,255 - trading_bot - ERROR - Error generating signals: 'close'
2025-04-28 13:32:43,256 - trading_bot - ERROR - Error analyzing market: 'int' object has no attribute 'iloc'
2025-04-28 13:33:43,258 - trading_bot - ERROR - Error calculating indicators: 'close'
2025-04-28 13:33:43,258 - trading_bot - ERROR - Error generating signals: 'close'
2025-04-28 13:33:43,260 - trading_bot - ERROR - Error analyzing market: 'int' object has no attribute 'iloc'
2025-04-28 13:33:43,260 - trading_bot - ERROR - Error calculating indicators: 'close'
2025-04-28 13:33:43,260 - trading_bot - ERROR - Error generating signals: 'close'
2025-04-28 13:33:43,260 - trading_bot - ERROR - Error analyzing market: 'int' object has no attribute 'iloc'
2025-04-28 13:33:43,260 - trading_bot - ERROR - Error calculating indicators: 'close'
2025-04-28 13:33:43,260 - trading_bot - ERROR - Error generating signals: 'close'
2025-04-28 13:33:43,260 - trading_bot - ERROR - Error analyzing market: 'int' object has no attribute 'iloc'
2025-04-28 13:33:58,187 - trading_bot - INFO - Initializing MetaTrader 5...
2025-04-28 13:33:58,198 - trading_bot - INFO - MT5 version: (500, 4885, '28 Feb 2025')
2025-04-28 13:33:58,199 - trading_bot - INFO - Connected to: MetaTrader 5
2025-04-28 13:33:58,199 - trading_bot - INFO - Connection status: Connected
2025-04-28 13:33:58,199 - trading_bot - INFO - Initializing components...
2025-04-28 13:33:58,199 - trading_bot - INFO - Starting trading bot...
2025-04-28 13:33:58,200 - trading_bot - INFO - Trading bot started successfully
2025-04-28 13:33:58,201 - trading_bot - ERROR - Error analyzing market: 'Strategy' object has no attribute 'calculate_indicators'
2025-04-28 13:33:58,201 - trading_bot - ERROR - Error analyzing market: 'Strategy' object has no attribute 'calculate_indicators'
2025-04-28 13:33:58,201 - trading_bot - ERROR - Error analyzing market: 'Strategy' object has no attribute 'calculate_indicators'
2025-04-28 13:35:24,103 - trading_bot - INFO - Initializing MetaTrader 5...
2025-04-28 13:35:24,114 - trading_bot - INFO - MT5 version: (500, 4885, '28 Feb 2025')
2025-04-28 13:35:24,117 - trading_bot - INFO - Connected to: MetaTrader 5
2025-04-28 13:35:24,117 - trading_bot - INFO - Connection status: Connected
2025-04-28 13:35:24,117 - trading_bot - INFO - Initializing components...
2025-04-28 13:35:24,117 - trading_bot - INFO - Starting trading bot...
2025-04-28 13:35:24,118 - trading_bot - INFO - Trading bot started successfully
2025-04-28 13:35:24,119 - trading_bot - ERROR - Error analyzing market: 'Strategy' object has no attribute 'calculate_indicators'
2025-04-28 13:35:24,119 - trading_bot - ERROR - Error analyzing market: 'Strategy' object has no attribute 'calculate_indicators'
2025-04-28 13:35:24,119 - trading_bot - ERROR - Error analyzing market: 'Strategy' object has no attribute 'calculate_indicators'
2025-04-28 13:36:24,132 - trading_bot - ERROR - Error analyzing market: 'Strategy' object has no attribute 'calculate_indicators'
2025-04-28 13:36:24,133 - trading_bot - ERROR - Error analyzing market: 'Strategy' object has no attribute 'calculate_indicators'
2025-04-28 13:36:24,133 - trading_bot - ERROR - Error analyzing market: 'Strategy' object has no attribute 'calculate_indicators'
2025-04-28 13:36:28,917 - trading_bot - INFO - Initializing MetaTrader 5...
2025-04-28 13:36:28,929 - trading_bot - INFO - MT5 version: (500, 4885, '28 Feb 2025')
2025-04-28 13:36:28,930 - trading_bot - INFO - Connected to: MetaTrader 5
2025-04-28 13:36:28,930 - trading_bot - INFO - Connection status: Connected
2025-04-28 13:36:28,930 - trading_bot - INFO - Initializing components...
2025-04-28 13:36:28,930 - trading_bot - INFO - Starting trading bot...
2025-04-28 13:36:28,932 - trading_bot - INFO - Trading bot started successfully
2025-04-28 13:36:28,950 - trading_bot - INFO - Calculated position size for EURUSD: 99.61 lots
2025-04-28 13:36:28,950 - trading_bot - INFO - Placing 0 order for EURUSD with lot size 99.61
2025-04-28 13:36:28,950 - trading_bot - ERROR - Order failed: No prices
2025-04-28 13:36:28,950 - trading_bot - ERROR - Failed to open position for EURUSD: No prices
2025-04-28 13:36:28,955 - trading_bot - INFO - Calculated position size for GBPUSD: 99.61 lots
2025-04-28 13:36:28,955 - trading_bot - INFO - Placing 0 order for GBPUSD with lot size 99.61
2025-04-28 13:36:28,955 - trading_bot - ERROR - Order failed: No money
2025-04-28 13:36:28,955 - trading_bot - ERROR - Failed to open position for GBPUSD: No money
2025-04-28 13:36:28,959 - trading_bot - INFO - Calculated position size for USDJPY: 142.88 lots
2025-04-28 13:36:28,959 - trading_bot - INFO - Placing 0 order for USDJPY with lot size 142.88
2025-04-28 13:36:28,960 - trading_bot - ERROR - Order failed: No money
2025-04-28 13:36:28,960 - trading_bot - ERROR - Failed to open position for USDJPY: No money
2025-04-28 13:37:28,979 - trading_bot - INFO - Calculated position size for EURUSD: 99.61 lots
2025-04-28 13:37:28,979 - trading_bot - INFO - Placing 0 order for EURUSD with lot size 99.61
2025-04-28 13:37:28,979 - trading_bot - ERROR - Order failed: No prices
2025-04-28 13:37:28,979 - trading_bot - ERROR - Failed to open position for EURUSD: No prices
2025-04-28 13:37:28,983 - trading_bot - INFO - Calculated position size for GBPUSD: 99.61 lots
2025-04-28 13:37:28,983 - trading_bot - INFO - Placing 0 order for GBPUSD with lot size 99.61
2025-04-28 13:37:28,984 - trading_bot - ERROR - Order failed: No money
2025-04-28 13:37:28,984 - trading_bot - ERROR - Failed to open position for GBPUSD: No money
2025-04-28 13:37:28,990 - trading_bot - INFO - Calculated position size for USDJPY: 142.86 lots
2025-04-28 13:37:28,990 - trading_bot - INFO - Placing 1 order for USDJPY with lot size 142.86
2025-04-28 13:37:28,990 - trading_bot - ERROR - Order failed: Invalid stops
2025-04-28 13:37:28,990 - trading_bot - ERROR - Failed to open position for USDJPY: Invalid stops
2025-04-28 13:37:34,157 - trading_bot - INFO - Initializing MetaTrader 5...
2025-04-28 13:37:34,168 - trading_bot - INFO - MT5 version: (500, 4885, '28 Feb 2025')
2025-04-28 13:37:34,169 - trading_bot - INFO - Connected to: MetaTrader 5
2025-04-28 13:37:34,169 - trading_bot - INFO - Connection status: Connected
2025-04-28 13:37:34,170 - trading_bot - INFO - Initializing components...
2025-04-28 13:37:34,170 - trading_bot - INFO - Starting trading bot...
2025-04-28 13:37:34,170 - trading_bot - INFO - Trading bot started successfully
2025-04-28 13:37:34,177 - trading_bot - ERROR - Invalid margin requirement for EURUSD
2025-04-28 13:37:34,177 - trading_bot - INFO - Placing 0 order for EURUSD with lot size 0.0
2025-04-28 13:37:34,177 - trading_bot - ERROR - Order failed: Invalid volume
2025-04-28 13:37:34,177 - trading_bot - ERROR - Failed to open position for EURUSD: Invalid volume
2025-04-28 13:37:34,181 - trading_bot - ERROR - Invalid margin requirement for GBPUSD
2025-04-28 13:37:34,182 - trading_bot - INFO - Placing 0 order for GBPUSD with lot size 0.0
2025-04-28 13:37:34,182 - trading_bot - ERROR - Order failed: Invalid volume
2025-04-28 13:37:34,182 - trading_bot - ERROR - Failed to open position for GBPUSD: Invalid volume
2025-04-28 13:37:34,185 - trading_bot - ERROR - Invalid margin requirement for USDJPY
2025-04-28 13:37:34,186 - trading_bot - INFO - Placing 1 order for USDJPY with lot size 0.0
2025-04-28 13:37:34,186 - trading_bot - ERROR - Order failed: Invalid volume
2025-04-28 13:37:34,186 - trading_bot - ERROR - Failed to open position for USDJPY: Invalid volume
2025-04-28 13:38:25,150 - trading_bot - INFO - Initializing MetaTrader 5...
2025-04-28 13:38:25,161 - trading_bot - INFO - MT5 version: (500, 4885, '28 Feb 2025')
2025-04-28 13:38:25,162 - trading_bot - INFO - Connected to: MetaTrader 5
2025-04-28 13:38:25,162 - trading_bot - INFO - Connection status: Connected
2025-04-28 13:38:25,163 - trading_bot - INFO - Initializing components...
2025-04-28 13:38:25,163 - trading_bot - INFO - Starting trading bot...
2025-04-28 13:38:25,164 - trading_bot - INFO - Trading bot started successfully
2025-04-28 13:38:25,171 - trading_bot - WARNING - Insufficient margin for EURUSD. Required: 331458.93, Available: 99610.36
2025-04-28 13:38:25,171 - trading_bot - INFO - Calculated position size for EURUSD: 31.26 lots
2025-04-28 13:38:25,172 - trading_bot - INFO - Placing 0 order for EURUSD with lot size 31.26
2025-04-28 13:38:25,172 - trading_bot - ERROR - Order failed: No prices
2025-04-28 13:38:25,172 - trading_bot - ERROR - Failed to open position for EURUSD: No prices
2025-04-28 13:38:25,176 - trading_bot - WARNING - Insufficient margin for GBPUSD. Required: 390803.58, Available: 99610.36
2025-04-28 13:38:25,177 - trading_bot - INFO - Calculated position size for GBPUSD: 25.32 lots
2025-04-28 13:38:25,177 - trading_bot - INFO - Placing 0 order for GBPUSD with lot size 25.32
2025-04-28 13:38:25,411 - trading_bot - ERROR - Order failed: Price changed
2025-04-28 13:38:25,411 - trading_bot - ERROR - Failed to open position for GBPUSD: Price changed
2025-04-28 13:38:25,416 - trading_bot - WARNING - Insufficient margin for USDJPY. Required: 420580.0, Available: 99610.36
2025-04-28 13:38:25,416 - trading_bot - INFO - Calculated position size for USDJPY: 32.69 lots
2025-04-28 13:38:25,416 - trading_bot - INFO - Placing 1 order for USDJPY with lot size 32.69
2025-04-28 13:38:25,417 - trading_bot - ERROR - Order failed: Invalid stops
2025-04-28 13:38:25,417 - trading_bot - ERROR - Failed to open position for USDJPY: Invalid stops
2025-04-28 13:42:39,932 - trading_bot - INFO - Initializing MetaTrader 5...
2025-04-28 13:42:39,944 - trading_bot - INFO - MT5 version: (500, 4885, '28 Feb 2025')
2025-04-28 13:42:39,945 - trading_bot - INFO - Connected to: MetaTrader 5
2025-04-28 13:42:39,945 - trading_bot - INFO - Connection status: Connected
2025-04-28 13:42:39,945 - trading_bot - INFO - Initializing components...
2025-04-28 13:42:39,945 - trading_bot - INFO - Starting trading bot...
2025-04-28 13:42:39,946 - trading_bot - INFO - Trading bot started successfully
2025-04-28 13:42:39,954 - trading_bot - WARNING - Insufficient margin for EURUSD. Required: 161745.01, Available: 79688.29
2025-04-28 13:42:39,954 - trading_bot - INFO - Calculated position size for EURUSD: 24.90 lots
2025-04-28 13:42:39,954 - trading_bot - INFO - Placing 0 order for EURUSD with lot size 24.900000000000002
2025-04-28 13:42:39,955 - trading_bot - ERROR - Error placing order: 'SymbolInfo' object has no attribute 'stops_level'
2025-04-28 13:42:39,955 - trading_bot - ERROR - Failed to open position for EURUSD: 'SymbolInfo' object has no attribute 'stops_level'
2025-04-28 13:42:39,958 - trading_bot - WARNING - Insufficient margin for GBPUSD. Required: 191447.21, Available: 79688.29
2025-04-28 13:42:39,959 - trading_bot - INFO - Calculated position size for GBPUSD: 12.45 lots
2025-04-28 13:42:39,959 - trading_bot - INFO - Placing 0 order for GBPUSD with lot size 12.450000000000001
2025-04-28 13:42:39,959 - trading_bot - ERROR - Error placing order: 'SymbolInfo' object has no attribute 'stops_level'
2025-04-28 13:42:39,959 - trading_bot - ERROR - Failed to open position for GBPUSD: 'SymbolInfo' object has no attribute 'stops_level'
2025-04-28 13:42:39,965 - trading_bot - WARNING - Insufficient margin for USDJPY. Required: 206290.00, Available: 79688.29
2025-04-28 13:42:39,965 - trading_bot - INFO - Calculated position size for USDJPY: 17.86 lots
2025-04-28 13:42:39,965 - trading_bot - INFO - Placing 1 order for USDJPY with lot size 17.86
2025-04-28 13:42:39,965 - trading_bot - ERROR - Error placing order: 'SymbolInfo' object has no attribute 'stops_level'
2025-04-28 13:42:39,966 - trading_bot - ERROR - Failed to open position for USDJPY: 'SymbolInfo' object has no attribute 'stops_level'
2025-04-28 13:43:39,974 - trading_bot - WARNING - Insufficient margin for EURUSD. Required: 161734.55, Available: 79688.29
2025-04-28 13:43:39,974 - trading_bot - INFO - Calculated position size for EURUSD: 24.90 lots
2025-04-28 13:43:39,974 - trading_bot - INFO - Placing 0 order for EURUSD with lot size 24.900000000000002
2025-04-28 13:43:39,975 - trading_bot - ERROR - Error placing order: 'SymbolInfo' object has no attribute 'stops_level'
2025-04-28 13:43:39,975 - trading_bot - ERROR - Failed to open position for EURUSD: 'SymbolInfo' object has no attribute 'stops_level'
2025-04-28 13:43:39,979 - trading_bot - WARNING - Insufficient margin for GBPUSD. Required: 191441.23, Available: 79688.29
2025-04-28 13:43:39,979 - trading_bot - INFO - Calculated position size for GBPUSD: 12.45 lots
2025-04-28 13:43:39,980 - trading_bot - INFO - Placing 0 order for GBPUSD with lot size 12.450000000000001
2025-04-28 13:43:39,980 - trading_bot - ERROR - Error placing order: 'SymbolInfo' object has no attribute 'stops_level'
2025-04-28 13:43:39,980 - trading_bot - ERROR - Failed to open position for GBPUSD: 'SymbolInfo' object has no attribute 'stops_level'
2025-04-28 13:43:39,985 - trading_bot - WARNING - Insufficient margin for USDJPY. Required: 206290.00, Available: 79688.29
2025-04-28 13:43:39,985 - trading_bot - INFO - Calculated position size for USDJPY: 17.86 lots
2025-04-28 13:43:39,986 - trading_bot - INFO - Placing 1 order for USDJPY with lot size 17.86
2025-04-28 13:43:39,986 - trading_bot - ERROR - Error placing order: 'SymbolInfo' object has no attribute 'stops_level'
2025-04-28 13:43:39,986 - trading_bot - ERROR - Failed to open position for USDJPY: 'SymbolInfo' object has no attribute 'stops_level'
2025-04-28 13:44:07,930 - trading_bot - INFO - Trading bot received shutdown signal
2025-04-28 13:44:12,006 - trading_bot - INFO - Initializing MetaTrader 5...
2025-04-28 13:44:12,016 - trading_bot - INFO - MT5 version: (500, 4885, '28 Feb 2025')
2025-04-28 13:44:12,018 - trading_bot - INFO - Connected to: MetaTrader 5
2025-04-28 13:44:12,018 - trading_bot - INFO - Connection status: Connected
2025-04-28 13:44:12,018 - trading_bot - INFO - Initializing components...
2025-04-28 13:44:12,019 - trading_bot - INFO - Starting trading bot...
2025-04-28 13:44:12,020 - trading_bot - INFO - Trading bot started successfully
2025-04-28 13:44:12,027 - trading_bot - WARNING - Insufficient margin for EURUSD. Required: 161728.57, Available: 79688.29
2025-04-28 13:44:12,027 - trading_bot - INFO - Calculated position size for EURUSD: 24.90 lots
2025-04-28 13:44:12,027 - trading_bot - INFO - Placing 0 order for EURUSD with lot size 24.900000000000002
2025-04-28 13:44:12,027 - trading_bot - ERROR - Order failed: No prices
2025-04-28 13:44:12,027 - trading_bot - ERROR - Failed to open position for EURUSD: No prices
2025-04-28 13:44:12,032 - trading_bot - WARNING - Insufficient margin for GBPUSD. Required: 191432.27, Available: 79688.29
2025-04-28 13:44:12,032 - trading_bot - INFO - Calculated position size for GBPUSD: 12.45 lots
2025-04-28 13:44:12,032 - trading_bot - INFO - Placing 0 order for GBPUSD with lot size 12.450000000000001
2025-04-28 13:44:12,495 - trading_bot - INFO - Order placed successfully: Request executed
2025-04-28 13:44:12,496 - trading_bot - INFO - Successfully opened 0 position for GBPUSD
2025-04-28 13:44:12,499 - trading_bot - WARNING - Insufficient margin for USDJPY. Required: 206290.00, Available: 79688.29
2025-04-28 13:44:12,500 - trading_bot - INFO - Calculated position size for USDJPY: 17.86 lots
2025-04-28 13:44:12,500 - trading_bot - INFO - Placing 1 order for USDJPY with lot size 17.86
2025-04-28 13:44:12,500 - trading_bot - ERROR - Order failed: Invalid stops
2025-04-28 13:44:12,501 - trading_bot - ERROR - Failed to open position for USDJPY: Invalid stops
2025-04-28 13:44:22,264 - trading_bot - INFO - Trading bot received shutdown signal
2025-04-28 13:45:22,931 - trading_bot - INFO - Initializing MetaTrader 5...
2025-04-28 13:45:22,942 - trading_bot - INFO - MT5 version: (500, 4885, '28 Feb 2025')
2025-04-28 13:45:22,944 - trading_bot - INFO - Connected to: MetaTrader 5
2025-04-28 13:45:22,944 - trading_bot - INFO - Connection status: Connected
2025-04-28 13:45:22,944 - trading_bot - INFO - Initializing components...
2025-04-28 13:45:22,944 - trading_bot - INFO - Starting trading bot...
2025-04-28 13:45:22,946 - trading_bot - INFO - Trading bot started successfully
2025-04-28 13:45:22,953 - trading_bot - WARNING - Insufficient margin for EURUSD. Required: 161727.08, Available: 79688.29
2025-04-28 13:45:22,953 - trading_bot - INFO - Calculated position size for EURUSD: 24.90 lots
2025-04-28 13:45:22,953 - trading_bot - INFO - Placing 1 order for EURUSD with lot size 24.900000000000002
2025-04-28 13:45:22,954 - trading_bot - ERROR - Order failed: No money
2025-04-28 13:45:22,954 - trading_bot - ERROR - Failed to open position for EURUSD: No money
2025-04-28 13:45:22,958 - trading_bot - INFO - Active position exists for GBPUSD, skipping
2025-04-28 13:45:22,963 - trading_bot - WARNING - Insufficient margin for USDJPY. Required: 206290.00, Available: 79688.29
2025-04-28 13:45:22,963 - trading_bot - INFO - Calculated position size for USDJPY: 17.86 lots
2025-04-28 13:45:22,963 - trading_bot - INFO - Placing 1 order for USDJPY with lot size 17.86
2025-04-28 13:45:22,964 - trading_bot - INFO - Adjusted stop loss to minimum distance for USDJPY
2025-04-28 13:45:22,964 - trading_bot - INFO - Adjusted take profit to minimum distance for USDJPY
2025-04-28 13:45:22,964 - trading_bot - ERROR - Order failed: Invalid stops
2025-04-28 13:45:22,964 - trading_bot - ERROR - Failed to open position for USDJPY: Invalid stops
2025-04-28 13:45:36,638 - trading_bot - INFO - Trading bot received shutdown signal
2025-04-28 13:46:28,325 - trading_bot - INFO - Initializing MetaTrader 5...
2025-04-28 13:47:06,646 - trading_bot - INFO - MT5 version: (500, 4885, '28 Feb 2025')
2025-04-28 13:47:06,647 - trading_bot - INFO - Connected to: MetaTrader 5
2025-04-28 13:47:06,648 - trading_bot - INFO - Connection status: Connected
2025-04-28 13:47:06,648 - trading_bot - INFO - Initializing components...
2025-04-28 13:47:06,648 - trading_bot - INFO - Starting trading bot...
2025-04-28 13:47:06,649 - trading_bot - INFO - Trading bot started successfully
2025-04-28 13:47:06,698 - trading_bot - INFO - Calculated position size for EURUSD: 0.02 lots
2025-04-28 13:47:06,698 - trading_bot - INFO - Placing 1 order for EURUSD with lot size 0.02
2025-04-28 13:47:15,867 - trading_bot - ERROR - Order failed: Requote
2025-04-28 13:47:15,868 - trading_bot - ERROR - Failed to open position for EURUSD: Requote
2025-04-28 13:47:15,874 - trading_bot - INFO - Active position exists for GBPUSD, skipping
2025-04-28 13:47:15,878 - trading_bot - INFO - Calculated position size for USDJPY: 0.04 lots
2025-04-28 13:47:15,878 - trading_bot - INFO - Placing 1 order for USDJPY with lot size 0.04
2025-04-28 13:47:15,879 - trading_bot - INFO - Adjusted stop loss to minimum distance for USDJPY
2025-04-28 13:47:15,879 - trading_bot - INFO - Adjusted take profit to minimum distance for USDJPY
2025-04-28 13:47:15,879 - trading_bot - ERROR - Order failed: Invalid stops
2025-04-28 13:47:15,879 - trading_bot - ERROR - Failed to open position for USDJPY: Invalid stops
2025-04-28 13:48:05,532 - trading_bot - INFO - Trading bot received shutdown signal
2025-04-28 13:54:08,690 - trading_bot - INFO - Initializing MetaTrader 5...
2025-04-28 13:54:08,701 - trading_bot - INFO - MT5 version: (500, 4885, '28 Feb 2025')
2025-04-28 13:54:08,702 - trading_bot - INFO - Connected to: MetaTrader 5
2025-04-28 13:54:08,702 - trading_bot - INFO - Connection status: Connected
2025-04-28 13:54:08,702 - trading_bot - INFO - Initializing components...
2025-04-28 13:54:08,702 - trading_bot - INFO - Starting trading bot...
2025-04-28 13:54:09,243 - trading_bot - INFO - Trading bot started successfully
2025-04-28 13:54:09,792 - trading_bot - INFO - Calculated levels - Entry: 1.13557, SL: 1.13591, TP: 1.13455
2025-04-28 13:54:09,793 - trading_bot - INFO - Calculated position size for EURUSD: 0.01 lots
2025-04-28 13:54:09,793 - trading_bot - INFO - Placing 1 order for EURUSD with lot size 0.01
2025-04-28 13:54:10,300 - trading_bot - ERROR - Order failed: No prices
2025-04-28 13:54:10,831 - trading_bot - ERROR - Failed to place order for EURUSD: No prices
2025-04-28 13:54:11,324 - trading_bot - INFO - Calculated levels - Entry: 1.33427, SL: 1.33391, TP: 1.33534
2025-04-28 13:54:11,324 - trading_bot - INFO - Active position exists for GBPUSD, skipping
2025-04-28 13:54:11,328 - trading_bot - INFO - Calculated levels - Entry: 143.424, SL: 143.37957, TP: 143.55729
2025-04-28 13:54:11,328 - trading_bot - INFO - Calculated position size for USDJPY: 0.02 lots
2025-04-28 13:54:11,329 - trading_bot - INFO - Placing 0 order for USDJPY with lot size 0.02
2025-04-28 13:54:13,140 - trading_bot - ERROR - Order failed: No prices
2025-04-28 13:54:13,657 - trading_bot - ERROR - Failed to place order for USDJPY: No prices
2025-04-28 13:55:14,146 - trading_bot - INFO - Calculated levels - Entry: 1.13537, SL: 1.13573, TP: 1.13429
2025-04-28 13:55:14,146 - trading_bot - INFO - Calculated position size for EURUSD: 0.01 lots
2025-04-28 13:55:14,147 - trading_bot - INFO - Placing 1 order for EURUSD with lot size 0.01
2025-04-28 13:55:14,649 - trading_bot - ERROR - Order failed: No prices
2025-04-28 13:55:15,119 - trading_bot - ERROR - Failed to place order for EURUSD: No prices
2025-04-28 13:55:15,637 - trading_bot - INFO - Calculated levels - Entry: 1.33413, SL: 1.33451, TP: 1.333
2025-04-28 13:55:15,637 - trading_bot - INFO - Active position exists for GBPUSD, skipping
2025-04-28 13:55:15,642 - trading_bot - INFO - Calculated levels - Entry: 143.46, SL: 143.412, TP: 143.604
2025-04-28 13:55:15,642 - trading_bot - INFO - Calculated position size for USDJPY: 0.02 lots
2025-04-28 13:55:15,642 - trading_bot - INFO - Placing 0 order for USDJPY with lot size 0.02
2025-04-28 13:55:16,101 - trading_bot - ERROR - Order failed: No prices
2025-04-28 13:55:16,558 - trading_bot - ERROR - Failed to place order for USDJPY: No prices
2025-04-28 13:56:17,040 - trading_bot - INFO - Calculated levels - Entry: 1.13516, SL: 1.13554, TP: 1.13403
2025-04-28 13:56:17,041 - trading_bot - INFO - Calculated position size for EURUSD: 0.01 lots
2025-04-28 13:56:17,041 - trading_bot - INFO - Placing 1 order for EURUSD with lot size 0.01
2025-04-28 13:56:17,749 - trading_bot - ERROR - Order failed: No prices
2025-04-28 13:56:18,229 - trading_bot - ERROR - Failed to place order for EURUSD: No prices
2025-04-28 13:56:18,733 - trading_bot - INFO - Calculated levels - Entry: 1.33385, SL: 1.33426, TP: 1.33263
2025-04-28 13:56:18,733 - trading_bot - INFO - Active position exists for GBPUSD, skipping
2025-04-28 13:56:18,736 - trading_bot - INFO - Calculated levels - Entry: 143.468, SL: 143.51171, TP: 143.33686
2025-04-28 13:56:18,736 - trading_bot - INFO - Calculated position size for USDJPY: 0.02 lots
2025-04-28 13:56:18,737 - trading_bot - INFO - Placing 1 order for USDJPY with lot size 0.02
2025-04-28 13:56:19,836 - trading_bot - ERROR - Order failed: No prices
2025-04-28 13:56:20,304 - trading_bot - ERROR - Failed to place order for USDJPY: No prices
2025-04-28 13:56:32,930 - trading_bot - INFO - Trading bot received shutdown signal
2025-04-28 14:03:03,079 - trading_bot - INFO - Initializing MetaTrader 5...
2025-04-28 14:03:03,100 - trading_bot - INFO - MT5 version: (500, 4885, '28 Feb 2025')
2025-04-28 14:03:03,102 - trading_bot - INFO - Connected to: MetaTrader 5
2025-04-28 14:03:03,103 - trading_bot - INFO - Connection status: Connected
2025-04-28 14:03:03,103 - trading_bot - INFO - Initializing components...
2025-04-28 14:03:03,103 - trading_bot - INFO - Starting trading bot...
2025-04-28 14:03:04,089 - trading_bot - INFO - Trading bot started successfully
2025-04-28 14:03:04,580 - trading_bot - INFO - Calculated levels - Entry: 1.13453, SL: 1.13409, TP: 1.13586
2025-04-28 14:03:04,609 - trading_bot - ERROR - Error calculating position size: 'Config' object has no attribute 'risk_per_trade'
2025-04-28 14:03:04,609 - trading_bot - INFO - Placing 0 order for EURUSD with lot size 0.0
2025-04-28 14:03:08,128 - trading_bot - ERROR - Order failed: Invalid volume
2025-04-28 14:03:08,652 - trading_bot - ERROR - Failed to place order for EURUSD: Invalid volume
2025-04-28 14:03:09,138 - trading_bot - INFO - Calculated levels - Entry: 1.33362, SL: 1.33416, TP: 1.33201
2025-04-28 14:03:09,138 - trading_bot - INFO - Active position exists for GBPUSD, skipping
2025-04-28 14:03:09,142 - trading_bot - INFO - Calculated levels - Entry: 143.469, SL: 143.42314, TP: 143.60657
2025-04-28 14:03:09,147 - trading_bot - ERROR - Error calculating position size: 'Config' object has no attribute 'risk_per_trade'
2025-04-28 14:03:09,147 - trading_bot - INFO - Placing 0 order for USDJPY with lot size 0.0
2025-04-28 14:03:12,858 - trading_bot - ERROR - Order failed: Invalid volume
2025-04-28 14:03:13,656 - trading_bot - ERROR - Failed to place order for USDJPY: Invalid volume
2025-04-28 14:03:16,856 - trading_bot - INFO - Trading bot received shutdown signal
2025-04-28 14:04:23,706 - trading_bot - INFO - Initializing MetaTrader 5...
2025-04-28 14:04:23,718 - trading_bot - INFO - MT5 version: (500, 4885, '28 Feb 2025')
2025-04-28 14:04:23,719 - trading_bot - INFO - Connected to: MetaTrader 5
2025-04-28 14:04:23,719 - trading_bot - INFO - Connection status: Connected
2025-04-28 14:04:23,719 - trading_bot - INFO - Initializing components...
2025-04-28 14:04:23,720 - trading_bot - INFO - Starting trading bot...
2025-04-28 14:04:24,380 - trading_bot - INFO - Trading bot started successfully
2025-04-28 14:04:26,222 - trading_bot - INFO - Calculated levels - Entry: 1.13452, SL: 1.13408, TP: 1.13583
2025-04-28 14:04:26,222 - trading_bot - ERROR - Error processing EURUSD: 'Config' object has no attribute 'max_risk_per_trade'
2025-04-28 14:04:26,831 - trading_bot - INFO - Calculated levels - Entry: 1.33348, SL: 1.33294, TP: 1.33509
2025-04-28 14:04:26,831 - trading_bot - INFO - Active position exists for GBPUSD, skipping
2025-04-28 14:04:26,836 - trading_bot - INFO - Calculated levels - Entry: 143.457, SL: 143.412, TP: 143.592
2025-04-28 14:04:26,837 - trading_bot - ERROR - Error processing USDJPY: 'Config' object has no attribute 'max_risk_per_trade'
2025-04-28 14:04:27,533 - trading_bot - ERROR - Error in trading cycle: 'Config' object has no attribute 'trading_interval'
2025-04-28 14:04:33,094 - trading_bot - INFO - Calculated levels - Entry: 1.13457, SL: 1.13413, TP: 1.13588
2025-04-28 14:04:33,095 - trading_bot - ERROR - Error processing EURUSD: 'Config' object has no attribute 'max_risk_per_trade'
2025-04-28 14:04:33,658 - trading_bot - INFO - Calculated levels - Entry: 1.33349, SL: 1.33295, TP: 1.3351
2025-04-28 14:04:33,659 - trading_bot - INFO - Active position exists for GBPUSD, skipping
2025-04-28 14:04:33,662 - trading_bot - INFO - Calculated levels - Entry: 143.454, SL: 143.409, TP: 143.589
2025-04-28 14:04:33,663 - trading_bot - ERROR - Error processing USDJPY: 'Config' object has no attribute 'max_risk_per_trade'
2025-04-28 14:04:34,224 - trading_bot - ERROR - Error in trading cycle: 'Config' object has no attribute 'trading_interval'
2025-04-28 14:04:39,954 - trading_bot - INFO - Calculated levels - Entry: 1.13461, SL: 1.13416, TP: 1.13596
2025-04-28 14:04:39,954 - trading_bot - ERROR - Error processing EURUSD: 'Config' object has no attribute 'max_risk_per_trade'
2025-04-28 14:04:40,426 - trading_bot - INFO - Calculated levels - Entry: 1.33347, SL: 1.33293, TP: 1.33508
2025-04-28 14:04:40,426 - trading_bot - INFO - Active position exists for GBPUSD, skipping
2025-04-28 14:04:40,430 - trading_bot - INFO - Calculated levels - Entry: 143.455, SL: 143.40943, TP: 143.59171
2025-04-28 14:04:40,430 - trading_bot - ERROR - Error processing USDJPY: 'Config' object has no attribute 'max_risk_per_trade'
2025-04-28 14:04:40,889 - trading_bot - ERROR - Error in trading cycle: 'Config' object has no attribute 'trading_interval'
2025-04-28 14:04:46,367 - trading_bot - INFO - Calculated levels - Entry: 1.13453, SL: 1.1341, TP: 1.13583
2025-04-28 14:04:46,367 - trading_bot - ERROR - Error processing EURUSD: 'Config' object has no attribute 'max_risk_per_trade'
2025-04-28 14:04:46,823 - trading_bot - INFO - Calculated levels - Entry: 1.33347, SL: 1.33398, TP: 1.33194
2025-04-28 14:04:46,824 - trading_bot - INFO - Active position exists for GBPUSD, skipping
2025-04-28 14:04:46,828 - trading_bot - INFO - Calculated levels - Entry: 143.462, SL: 143.419, TP: 143.591
2025-04-28 14:04:46,829 - trading_bot - ERROR - Error processing USDJPY: 'Config' object has no attribute 'max_risk_per_trade'
2025-04-28 14:04:47,331 - trading_bot - ERROR - Error in trading cycle: 'Config' object has no attribute 'trading_interval'
2025-04-28 14:04:52,854 - trading_bot - INFO - Calculated levels - Entry: 1.13444, SL: 1.13399, TP: 1.13578
2025-04-28 14:04:52,854 - trading_bot - ERROR - Error processing EURUSD: 'Config' object has no attribute 'max_risk_per_trade'
2025-04-28 14:04:53,891 - trading_bot - INFO - Calculated levels - Entry: 1.33341, SL: 1.33289, TP: 1.33496
2025-04-28 14:04:53,891 - trading_bot - INFO - Active position exists for GBPUSD, skipping
2025-04-28 14:04:53,896 - trading_bot - INFO - Calculated levels - Entry: 143.465, SL: 143.42186, TP: 143.59443
2025-04-28 14:04:53,897 - trading_bot - ERROR - Error processing USDJPY: 'Config' object has no attribute 'max_risk_per_trade'
2025-04-28 14:04:56,527 - trading_bot - ERROR - Error in trading cycle: 'Config' object has no attribute 'trading_interval'
2025-04-28 14:05:03,767 - trading_bot - INFO - Calculated levels - Entry: 1.13453, SL: 1.13408, TP: 1.13587
2025-04-28 14:05:03,767 - trading_bot - ERROR - Error processing EURUSD: 'Config' object has no attribute 'max_risk_per_trade'
2025-04-28 14:05:04,526 - trading_bot - INFO - Calculated levels - Entry: 1.33347, SL: 1.33399, TP: 1.33191
2025-04-28 14:05:04,526 - trading_bot - INFO - Active position exists for GBPUSD, skipping
2025-04-28 14:05:04,530 - trading_bot - INFO - Calculated levels - Entry: 143.465, SL: 143.42186, TP: 143.59443
2025-04-28 14:05:04,530 - trading_bot - ERROR - Error processing USDJPY: 'Config' object has no attribute 'max_risk_per_trade'
2025-04-28 14:05:05,000 - trading_bot - ERROR - Error in trading cycle: 'Config' object has no attribute 'trading_interval'
2025-04-28 14:05:10,485 - trading_bot - INFO - Calculated levels - Entry: 1.13467, SL: 1.13421, TP: 1.13605
2025-04-28 14:05:10,486 - trading_bot - ERROR - Error processing EURUSD: 'Config' object has no attribute 'max_risk_per_trade'
2025-04-28 14:05:10,961 - trading_bot - INFO - Calculated levels - Entry: 1.33354, SL: 1.33407, TP: 1.33196
2025-04-28 14:05:10,963 - trading_bot - INFO - Active position exists for GBPUSD, skipping
2025-04-28 14:05:10,969 - trading_bot - INFO - Calculated levels - Entry: 143.45, SL: 143.40529, TP: 143.58414
2025-04-28 14:05:10,970 - trading_bot - ERROR - Error processing USDJPY: 'Config' object has no attribute 'max_risk_per_trade'
2025-04-28 14:05:12,798 - trading_bot - ERROR - Error in trading cycle: 'Config' object has no attribute 'trading_interval'
2025-04-28 14:05:18,309 - trading_bot - INFO - Calculated levels - Entry: 1.13478, SL: 1.13431, TP: 1.1362
2025-04-28 14:05:18,309 - trading_bot - ERROR - Error processing EURUSD: 'Config' object has no attribute 'max_risk_per_trade'
2025-04-28 14:05:19,791 - trading_bot - INFO - Calculated levels - Entry: 1.3336, SL: 1.33414, TP: 1.33199
2025-04-28 14:05:19,791 - trading_bot - INFO - Active position exists for GBPUSD, skipping
2025-04-28 14:05:19,796 - trading_bot - INFO - Calculated levels - Entry: 143.445, SL: 143.39843, TP: 143.58471
2025-04-28 14:05:19,796 - trading_bot - ERROR - Error processing USDJPY: 'Config' object has no attribute 'max_risk_per_trade'
2025-04-28 14:05:20,312 - trading_bot - ERROR - Error in trading cycle: 'Config' object has no attribute 'trading_interval'
2025-04-28 14:05:25,768 - trading_bot - INFO - Calculated levels - Entry: 1.13473, SL: 1.13426, TP: 1.13615
2025-04-28 14:05:25,769 - trading_bot - ERROR - Error processing EURUSD: 'Config' object has no attribute 'max_risk_per_trade'
2025-04-28 14:05:26,280 - trading_bot - INFO - Calculated levels - Entry: 1.33354, SL: 1.33408, TP: 1.33193
2025-04-28 14:05:26,281 - trading_bot - INFO - Active position exists for GBPUSD, skipping
2025-04-28 14:05:26,285 - trading_bot - INFO - Calculated levels - Entry: 143.447, SL: 143.40043, TP: 143.58671
2025-04-28 14:05:26,285 - trading_bot - ERROR - Error processing USDJPY: 'Config' object has no attribute 'max_risk_per_trade'
2025-04-28 14:05:26,776 - trading_bot - ERROR - Error in trading cycle: 'Config' object has no attribute 'trading_interval'
2025-04-28 14:05:32,244 - trading_bot - INFO - Calculated levels - Entry: 1.13473, SL: 1.13426, TP: 1.13615
2025-04-28 14:05:32,244 - trading_bot - ERROR - Error processing EURUSD: 'Config' object has no attribute 'max_risk_per_trade'
2025-04-28 14:05:32,715 - trading_bot - INFO - Calculated levels - Entry: 1.33357, SL: 1.33411, TP: 1.33196
2025-04-28 14:05:32,716 - trading_bot - INFO - Active position exists for GBPUSD, skipping
2025-04-28 14:05:32,719 - trading_bot - INFO - Calculated levels - Entry: 143.451, SL: 143.40443, TP: 143.59071
2025-04-28 14:05:32,720 - trading_bot - ERROR - Error processing USDJPY: 'Config' object has no attribute 'max_risk_per_trade'
2025-04-28 14:05:33,192 - trading_bot - ERROR - Error in trading cycle: 'Config' object has no attribute 'trading_interval'
2025-04-28 14:05:38,675 - trading_bot - INFO - Calculated levels - Entry: 1.13468, SL: 1.13421, TP: 1.1361
2025-04-28 14:05:38,675 - trading_bot - ERROR - Error processing EURUSD: 'Config' object has no attribute 'max_risk_per_trade'
2025-04-28 14:05:39,214 - trading_bot - INFO - Calculated levels - Entry: 1.33361, SL: 1.33415, TP: 1.33199
2025-04-28 14:05:39,215 - trading_bot - INFO - Active position exists for GBPUSD, skipping
2025-04-28 14:05:39,219 - trading_bot - INFO - Calculated levels - Entry: 143.46, SL: 143.41343, TP: 143.59971
2025-04-28 14:05:39,219 - trading_bot - ERROR - Error processing USDJPY: 'Config' object has no attribute 'max_risk_per_trade'
2025-04-28 14:05:39,772 - trading_bot - ERROR - Error in trading cycle: 'Config' object has no attribute 'trading_interval'
2025-04-28 14:05:45,272 - trading_bot - INFO - Calculated levels - Entry: 1.13467, SL: 1.13421, TP: 1.13605
2025-04-28 14:05:45,272 - trading_bot - ERROR - Error processing EURUSD: 'Config' object has no attribute 'max_risk_per_trade'
2025-04-28 14:05:45,744 - trading_bot - INFO - Calculated levels - Entry: 1.33363, SL: 1.33416, TP: 1.33204
2025-04-28 14:05:45,744 - trading_bot - INFO - Active position exists for GBPUSD, skipping
2025-04-28 14:05:45,748 - trading_bot - INFO - Calculated levels - Entry: 143.458, SL: 143.41471, TP: 143.58786
2025-04-28 14:05:45,749 - trading_bot - ERROR - Error processing USDJPY: 'Config' object has no attribute 'max_risk_per_trade'
2025-04-28 14:05:46,222 - trading_bot - ERROR - Error in trading cycle: 'Config' object has no attribute 'trading_interval'
2025-04-28 14:05:51,721 - trading_bot - INFO - Calculated levels - Entry: 1.13477, SL: 1.13429, TP: 1.1362
2025-04-28 14:05:51,721 - trading_bot - ERROR - Error processing EURUSD: 'Config' object has no attribute 'max_risk_per_trade'
2025-04-28 14:05:52,214 - trading_bot - INFO - Calculated levels - Entry: 1.33371, SL: 1.33426, TP: 1.33207
2025-04-28 14:05:52,215 - trading_bot - INFO - Active position exists for GBPUSD, skipping
2025-04-28 14:05:52,219 - trading_bot - INFO - Calculated levels - Entry: 143.451, SL: 143.40671, TP: 143.58386
2025-04-28 14:05:52,219 - trading_bot - ERROR - Error processing USDJPY: 'Config' object has no attribute 'max_risk_per_trade'
2025-04-28 14:05:52,897 - trading_bot - ERROR - Error in trading cycle: 'Config' object has no attribute 'trading_interval'
2025-04-28 14:05:58,492 - trading_bot - INFO - Calculated levels - Entry: 1.13469, SL: 1.13421, TP: 1.13612
2025-04-28 14:05:58,492 - trading_bot - ERROR - Error processing EURUSD: 'Config' object has no attribute 'max_risk_per_trade'
2025-04-28 14:05:58,956 - trading_bot - INFO - Calculated levels - Entry: 1.33364, SL: 1.33419, TP: 1.332
2025-04-28 14:05:58,956 - trading_bot - INFO - Active position exists for GBPUSD, skipping
2025-04-28 14:05:58,960 - trading_bot - INFO - Calculated levels - Entry: 143.457, SL: 143.41243, TP: 143.59071
2025-04-28 14:05:58,961 - trading_bot - ERROR - Error processing USDJPY: 'Config' object has no attribute 'max_risk_per_trade'
2025-04-28 14:05:59,427 - trading_bot - ERROR - Error in trading cycle: 'Config' object has no attribute 'trading_interval'
2025-04-28 14:06:05,340 - trading_bot - INFO - Calculated levels - Entry: 1.13467, SL: 1.13419, TP: 1.1361
2025-04-28 14:06:05,340 - trading_bot - ERROR - Error processing EURUSD: 'Config' object has no attribute 'max_risk_per_trade'
2025-04-28 14:06:07,028 - trading_bot - INFO - Calculated levels - Entry: 1.33363, SL: 1.33418, TP: 1.33199
2025-04-28 14:06:07,028 - trading_bot - INFO - Active position exists for GBPUSD, skipping
2025-04-28 14:06:07,033 - trading_bot - INFO - Calculated levels - Entry: 143.456, SL: 143.41143, TP: 143.58971
2025-04-28 14:06:07,033 - trading_bot - ERROR - Error processing USDJPY: 'Config' object has no attribute 'max_risk_per_trade'
2025-04-28 14:06:07,553 - trading_bot - ERROR - Error in trading cycle: 'Config' object has no attribute 'trading_interval'
2025-04-28 14:06:13,046 - trading_bot - INFO - Calculated levels - Entry: 1.13468, SL: 1.1342, TP: 1.13611
2025-04-28 14:06:13,046 - trading_bot - ERROR - Error processing EURUSD: 'Config' object has no attribute 'max_risk_per_trade'
2025-04-28 14:06:13,640 - trading_bot - INFO - Calculated levels - Entry: 1.33362, SL: 1.33417, TP: 1.33198
2025-04-28 14:06:13,641 - trading_bot - INFO - Active position exists for GBPUSD, skipping
2025-04-28 14:06:13,645 - trading_bot - INFO - Calculated levels - Entry: 143.456, SL: 143.41143, TP: 143.58971
2025-04-28 14:06:13,645 - trading_bot - ERROR - Error processing USDJPY: 'Config' object has no attribute 'max_risk_per_trade'
2025-04-28 14:06:14,093 - trading_bot - ERROR - Error in trading cycle: 'Config' object has no attribute 'trading_interval'
2025-04-28 14:06:19,610 - trading_bot - INFO - Calculated levels - Entry: 1.13463, SL: 1.13415, TP: 1.13608
2025-04-28 14:06:19,610 - trading_bot - ERROR - Error processing EURUSD: 'Config' object has no attribute 'max_risk_per_trade'
2025-04-28 14:06:20,119 - trading_bot - INFO - Calculated levels - Entry: 1.33362, SL: 1.33417, TP: 1.33197
2025-04-28 14:06:20,120 - trading_bot - INFO - Active position exists for GBPUSD, skipping
2025-04-28 14:06:20,124 - trading_bot - INFO - Calculated levels - Entry: 143.455, SL: 143.41043, TP: 143.58871
2025-04-28 14:06:20,124 - trading_bot - ERROR - Error processing USDJPY: 'Config' object has no attribute 'max_risk_per_trade'
2025-04-28 14:06:20,716 - trading_bot - ERROR - Error in trading cycle: 'Config' object has no attribute 'trading_interval'
2025-04-28 14:06:26,218 - trading_bot - INFO - Calculated levels - Entry: 1.13463, SL: 1.13415, TP: 1.13608
2025-04-28 14:06:26,218 - trading_bot - ERROR - Error processing EURUSD: 'Config' object has no attribute 'max_risk_per_trade'
2025-04-28 14:06:26,748 - trading_bot - INFO - Calculated levels - Entry: 1.33363, SL: 1.33418, TP: 1.33198
2025-04-28 14:06:26,748 - trading_bot - INFO - Active position exists for GBPUSD, skipping
2025-04-28 14:06:26,751 - trading_bot - INFO - Calculated levels - Entry: 143.457, SL: 143.41243, TP: 143.59071
2025-04-28 14:06:26,752 - trading_bot - ERROR - Error processing USDJPY: 'Config' object has no attribute 'max_risk_per_trade'
2025-04-28 14:06:27,227 - trading_bot - ERROR - Error in trading cycle: 'Config' object has no attribute 'trading_interval'
2025-04-28 14:06:32,705 - trading_bot - INFO - Calculated levels - Entry: 1.13463, SL: 1.13415, TP: 1.13608
2025-04-28 14:06:32,706 - trading_bot - ERROR - Error processing EURUSD: 'Config' object has no attribute 'max_risk_per_trade'
2025-04-28 14:06:33,395 - trading_bot - INFO - Calculated levels - Entry: 1.33362, SL: 1.33417, TP: 1.33197
2025-04-28 14:06:33,396 - trading_bot - INFO - Active position exists for GBPUSD, skipping
2025-04-28 14:06:33,403 - trading_bot - INFO - Calculated levels - Entry: 143.46, SL: 143.50471, TP: 143.32586
2025-04-28 14:06:33,403 - trading_bot - ERROR - Error processing USDJPY: 'Config' object has no attribute 'max_risk_per_trade'
2025-04-28 14:06:34,532 - trading_bot - ERROR - Error in trading cycle: 'Config' object has no attribute 'trading_interval'
2025-04-28 14:06:39,259 - trading_bot - INFO - Initializing MetaTrader 5...
2025-04-28 14:06:39,271 - trading_bot - INFO - MT5 version: (500, 4885, '28 Feb 2025')
2025-04-28 14:06:39,272 - trading_bot - INFO - Connected to: MetaTrader 5
2025-04-28 14:06:39,272 - trading_bot - INFO - Connection status: Connected
2025-04-28 14:06:39,272 - trading_bot - INFO - Initializing components...
2025-04-28 14:06:39,273 - trading_bot - INFO - Starting trading bot...
2025-04-28 14:06:40,147 - trading_bot - INFO - Trading bot started successfully
2025-04-28 14:06:40,867 - trading_bot - INFO - Calculated levels - Entry: 1.13466, SL: 1.13418, TP: 1.13611
2025-04-28 14:06:40,901 - trading_bot - INFO - Placing 0 order for EURUSD with lot size 0.01
2025-04-28 14:06:41,669 - trading_bot - INFO - Order placed successfully: Request executed
2025-04-28 14:06:41,674 - trading_bot - INFO - Calculated levels - Entry: 1.33363, SL: 1.33418, TP: 1.33198
2025-04-28 14:06:41,675 - trading_bot - INFO - Active position exists for GBPUSD, skipping
2025-04-28 14:06:41,679 - trading_bot - INFO - Calculated levels - Entry: 143.457, SL: 143.41229, TP: 143.59114
2025-04-28 14:06:41,686 - trading_bot - INFO - Placing 0 order for USDJPY with lot size 0.01
2025-04-28 14:06:45,151 - trading_bot - ERROR - Order failed: No prices
2025-04-28 14:06:45,609 - trading_bot - ERROR - Failed to place order for USDJPY: No prices
2025-04-28 14:07:47,155 - trading_bot - INFO - Calculated levels - Entry: 1.13462, SL: 1.13419, TP: 1.13592
2025-04-28 14:07:47,156 - trading_bot - INFO - Placing 0 order for EURUSD with lot size 0.01
2025-04-28 14:07:48,000 - trading_bot - INFO - Order placed successfully: Request executed
2025-04-28 14:07:48,005 - trading_bot - INFO - Calculated levels - Entry: 1.33363, SL: 1.33414, TP: 1.33211
2025-04-28 14:07:48,005 - trading_bot - INFO - Active position exists for GBPUSD, skipping
2025-04-28 14:07:48,009 - trading_bot - INFO - Calculated levels - Entry: 143.453, SL: 143.49329, TP: 143.33214
2025-04-28 14:07:48,010 - trading_bot - INFO - Placing 1 order for USDJPY with lot size 0.01
2025-04-28 14:07:51,497 - trading_bot - ERROR - Order failed: No prices
2025-04-28 14:07:51,959 - trading_bot - ERROR - Failed to place order for USDJPY: No prices
2025-04-28 14:07:52,447 - trading_bot - INFO - Trading bot received shutdown signal
2025-04-28 15:22:00,155 - trading_bot - INFO - Initializing MetaTrader 5...
2025-04-28 15:22:00,172 - trading_bot - INFO - MT5 version: (500, 4885, '28 Feb 2025')
2025-04-28 15:22:00,174 - trading_bot - INFO - Connected to: MetaTrader 5
2025-04-28 15:22:00,174 - trading_bot - INFO - Connection status: Connected
2025-04-28 15:22:00,174 - trading_bot - INFO - Initializing components...
2025-04-28 15:22:00,175 - trading_bot - INFO - Starting trading bot...
2025-04-28 15:22:00,869 - trading_bot - INFO - Trading bot started successfully
2025-04-28 15:22:01,334 - trading_bot - ERROR - Error in trading cycle: object function can't be used in 'await' expression
2025-04-28 15:22:09,547 - trading_bot - INFO - Trading bot received shutdown signal
2025-04-28 15:59:40,736 - trading_bot - INFO - Initializing MetaTrader 5...
2025-04-28 15:59:40,746 - trading_bot - INFO - MT5 version: (500, 4885, '28 Feb 2025')
2025-04-28 15:59:40,748 - trading_bot - INFO - Connected to: MetaTrader 5
2025-04-28 15:59:40,748 - trading_bot - INFO - Connection status: Connected
2025-04-28 15:59:40,749 - trading_bot - INFO - Initializing components...
2025-04-28 15:59:40,749 - trading_bot - INFO - Starting trading bot...
2025-04-28 15:59:41,382 - trading_bot - INFO - Trading bot started successfully
2025-04-28 15:59:41,833 - trading_bot - ERROR - Error in trading cycle: object function can't be used in 'await' expression
2025-04-28 15:59:49,778 - trading_bot - INFO - Trading bot received shutdown signal
2025-04-28 16:09:50,135 - trading_bot - INFO - Initializing MetaTrader 5...
2025-04-28 16:09:50,148 - trading_bot - INFO - MT5 version: (500, 4885, '28 Feb 2025')
2025-04-28 16:09:50,149 - trading_bot - INFO - Connected to: MetaTrader 5
2025-04-28 16:09:50,149 - trading_bot - INFO - Connection status: Connected
2025-04-28 16:09:50,150 - trading_bot - INFO - Initializing components...
2025-04-28 16:09:50,150 - trading_bot - INFO - Starting trading bot...
2025-04-28 16:09:50,813 - trading_bot - INFO - Trading bot started successfully
2025-04-28 16:09:51,471 - trading_bot - INFO - Calculated levels - Entry: 1.13487, SL: 1.13547, TP: 1.13306
2025-04-28 16:09:51,497 - trading_bot - INFO - Placing SELL order for EURUSD with lot size 0.01
2025-04-28 16:09:52,247 - trading_bot - INFO - Order placed successfully: Request executed
2025-04-28 16:09:52,253 - trading_bot - INFO - Calculated levels - Entry: 1.33488, SL: 1.33436, TP: 1.33644
2025-04-28 16:09:52,253 - trading_bot - INFO - Active position exists for GBPUSD, skipping
2025-04-28 16:09:52,257 - trading_bot - INFO - Calculated levels - Entry: 143.354, SL: 143.306, TP: 143.498
2025-04-28 16:09:52,264 - trading_bot - INFO - Placing BUY order for USDJPY with lot size 0.01
2025-04-28 16:09:53,086 - trading_bot - INFO - Order placed successfully: Request executed
2025-04-28 16:10:53,095 - trading_bot - INFO - Calculated levels - Entry: 1.13463, SL: 1.13523, TP: 1.13282
2025-04-28 16:10:53,096 - trading_bot - INFO - Active position exists for EURUSD, skipping
2025-04-28 16:10:53,101 - trading_bot - INFO - Calculated levels - Entry: 1.33483, SL: 1.33432, TP: 1.33636
2025-04-28 16:10:53,101 - trading_bot - INFO - Active position exists for GBPUSD, skipping
2025-04-28 16:10:53,105 - trading_bot - INFO - Calculated levels - Entry: 143.354, SL: 143.30786, TP: 143.49243
2025-04-28 16:10:53,105 - trading_bot - INFO - Active position exists for USDJPY, skipping
2025-04-28 16:10:59,945 - trading_bot - INFO - Trading bot received shutdown signal
2025-04-28 16:11:13,464 - trading_bot - INFO - Initializing MetaTrader 5...
2025-04-28 16:11:13,476 - trading_bot - INFO - MT5 version: (500, 4885, '28 Feb 2025')
2025-04-28 16:11:13,477 - trading_bot - INFO - Connected to: MetaTrader 5
2025-04-28 16:11:13,477 - trading_bot - INFO - Connection status: Connected
2025-04-28 16:11:13,478 - trading_bot - INFO - Initializing components...
2025-04-28 16:11:13,478 - trading_bot - INFO - Starting trading bot...
2025-04-28 16:11:14,018 - trading_bot - INFO - Trading bot started successfully
2025-04-28 16:11:14,486 - trading_bot - INFO - Calculated levels - Entry: 1.13487, SL: 1.13548, TP: 1.13303
2025-04-28 16:11:14,486 - trading_bot - INFO - Active position exists for EURUSD, skipping
2025-04-28 16:11:14,490 - trading_bot - INFO - Calculated levels - Entry: 1.33491, SL: 1.3344, TP: 1.33644
2025-04-28 16:11:14,490 - trading_bot - INFO - Active position exists for GBPUSD, skipping
2025-04-28 16:11:14,495 - trading_bot - INFO - Calculated levels - Entry: 143.354, SL: 143.30657, TP: 143.49629
2025-04-28 16:11:14,495 - trading_bot - INFO - Active position exists for USDJPY, skipping
2025-04-28 16:12:10,162 - trading_bot - INFO - Trading bot received shutdown signal
2025-04-29 00:12:45,174 - trading_bot - INFO - Initializing MetaTrader 5...
2025-04-29 00:12:45,286 - trading_bot - INFO - MT5 version: (500, 4885, '28 Feb 2025')
2025-04-29 00:12:45,288 - trading_bot - INFO - Connected to: MetaTrader 5
2025-04-29 00:12:45,289 - trading_bot - INFO - Connection status: Connected
2025-04-29 00:12:45,289 - trading_bot - INFO - Initializing components...
2025-04-29 00:12:45,289 - trading_bot - INFO - Starting trading bot...
2025-04-29 00:12:46,042 - trading_bot - INFO - Trading bot started successfully
2025-04-29 00:12:46,673 - trading_bot - INFO - Calculated levels - Entry: 1.14198, SL: 1.14161, TP: 1.14309
2025-04-29 00:12:46,685 - trading_bot - INFO - Placing BUY order for EURUSD with lot size 0.01
2025-04-29 00:12:47,615 - trading_bot - INFO - Order placed successfully: Request executed
2025-04-29 00:12:47,620 - trading_bot - INFO - Calculated levels - Entry: 1.34399, SL: 1.34323, TP: 1.34626
2025-04-29 00:12:47,657 - trading_bot - INFO - Placing BUY order for GBPUSD with lot size 0.01
2025-04-29 00:12:51,786 - trading_bot - INFO - Order placed successfully: Request executed
2025-04-29 00:12:51,791 - trading_bot - INFO - Calculated levels - Entry: 142.009, SL: 141.96143, TP: 142.15171
2025-04-29 00:12:51,801 - trading_bot - INFO - Placing BUY order for USDJPY with lot size 0.01
2025-04-29 00:12:52,831 - trading_bot - INFO - Order placed successfully: Request executed
2025-04-29 00:13:52,840 - trading_bot - INFO - Calculated levels - Entry: 1.14192, SL: 1.14166, TP: 1.14269
2025-04-29 00:13:52,840 - trading_bot - INFO - Active position exists for EURUSD, skipping
2025-04-29 00:13:52,847 - trading_bot - INFO - Calculated levels - Entry: 1.34401, SL: 1.3433, TP: 1.34615
2025-04-29 00:13:52,848 - trading_bot - INFO - Active position exists for GBPUSD, skipping
2025-04-29 00:13:52,855 - trading_bot - INFO - Calculated levels - Entry: 141.998, SL: 141.94729, TP: 142.15014
2025-04-29 00:13:52,855 - trading_bot - INFO - Active position exists for USDJPY, skipping
2025-04-29 00:14:52,868 - trading_bot - INFO - Calculated levels - Entry: 1.14194, SL: 1.14218, TP: 1.14122
2025-04-29 00:14:52,868 - trading_bot - INFO - Active position exists for EURUSD, skipping
2025-04-29 00:14:52,874 - trading_bot - INFO - Calculated levels - Entry: 1.34388, SL: 1.34453, TP: 1.34193
2025-04-29 00:14:52,874 - trading_bot - INFO - Active position exists for GBPUSD, skipping
2025-04-29 00:14:52,878 - trading_bot - INFO - Calculated levels - Entry: 142.002, SL: 142.03957, TP: 141.88929
2025-04-29 00:14:52,878 - trading_bot - INFO - Active position exists for USDJPY, skipping
2025-04-29 00:15:52,894 - trading_bot - INFO - Calculated levels - Entry: 1.1419, SL: 1.14174, TP: 1.14237
2025-04-29 00:15:52,895 - trading_bot - INFO - Active position exists for EURUSD, skipping
2025-04-29 00:15:52,900 - trading_bot - INFO - Calculated levels - Entry: 1.34388, SL: 1.34432, TP: 1.34256
2025-04-29 00:15:52,900 - trading_bot - INFO - Active position exists for GBPUSD, skipping
2025-04-29 00:15:52,905 - trading_bot - INFO - Calculated levels - Entry: 142.003, SL: 141.97314, TP: 142.09257
2025-04-29 00:15:52,906 - trading_bot - INFO - Active position exists for USDJPY, skipping
2025-04-29 00:16:52,915 - trading_bot - INFO - Calculated levels - Entry: 1.14192, SL: 1.14176, TP: 1.14241
2025-04-29 00:16:52,916 - trading_bot - INFO - Active position exists for EURUSD, skipping
2025-04-29 00:16:52,920 - trading_bot - INFO - Calculated levels - Entry: 1.34359, SL: 1.34311, TP: 1.34503
2025-04-29 00:16:52,920 - trading_bot - INFO - Active position exists for GBPUSD, skipping
2025-04-29 00:16:52,924 - trading_bot - INFO - Calculated levels - Entry: 142.018, SL: 141.98786, TP: 142.10843
2025-04-29 00:16:52,925 - trading_bot - INFO - Active position exists for USDJPY, skipping
2025-04-29 00:17:52,945 - trading_bot - INFO - Calculated levels - Entry: 1.14196, SL: 1.14183, TP: 1.14236
2025-04-29 00:17:52,945 - trading_bot - INFO - Active position exists for EURUSD, skipping
2025-04-29 00:17:52,949 - trading_bot - INFO - Calculated levels - Entry: 1.34331, SL: 1.3428, TP: 1.34484
2025-04-29 00:17:52,949 - trading_bot - INFO - Active position exists for GBPUSD, skipping
2025-04-29 00:17:52,953 - trading_bot - INFO - Calculated levels - Entry: 142.009, SL: 141.97957, TP: 142.09729
2025-04-29 00:17:52,954 - trading_bot - INFO - Active position exists for USDJPY, skipping
2025-04-29 00:18:12,408 - trading_bot - INFO - Trading bot received shutdown signal
2025-04-29 00:21:21,793 - trading_bot - INFO - Initializing MetaTrader 5...
2025-04-29 00:21:21,805 - trading_bot - INFO - MT5 version: (500, 4885, '28 Feb 2025')
2025-04-29 00:21:21,806 - trading_bot - INFO - Connected to: MetaTrader 5
2025-04-29 00:21:21,806 - trading_bot - INFO - Connection status: Connected
2025-04-29 00:21:21,806 - trading_bot - INFO - Initializing components...
2025-04-29 00:21:21,806 - trading_bot - INFO - Starting trading bot...
2025-04-29 00:21:22,430 - trading_bot - INFO - Trading bot started successfully
2025-04-29 00:21:22,911 - trading_bot - INFO - Calculated levels - Entry: 1.14193, SL: 1.14181, TP: 1.14228
2025-04-29 00:21:22,912 - trading_bot - INFO - Active position exists for EURUSD, skipping
2025-04-29 00:21:22,916 - trading_bot - INFO - Calculated levels - Entry: 1.3437, SL: 1.34328, TP: 1.34495
2025-04-29 00:21:22,917 - trading_bot - INFO - Active position exists for GBPUSD, skipping
2025-04-29 00:21:22,920 - trading_bot - INFO - Calculated levels - Entry: 142.016, SL: 141.99129, TP: 142.09014
2025-04-29 00:21:22,920 - trading_bot - INFO - Active position exists for USDJPY, skipping
2025-04-29 00:22:22,926 - trading_bot - INFO - Calculated levels - Entry: 1.14186, SL: 1.14197, TP: 1.14154
2025-04-29 00:22:22,927 - trading_bot - INFO - Active position exists for EURUSD, skipping
2025-04-29 00:22:22,931 - trading_bot - INFO - Calculated levels - Entry: 1.34356, SL: 1.34316, TP: 1.34475
2025-04-29 00:22:22,931 - trading_bot - INFO - Active position exists for GBPUSD, skipping
2025-04-29 00:22:22,937 - trading_bot - INFO - Calculated levels - Entry: 142.019, SL: 141.99429, TP: 142.09314
2025-04-29 00:22:22,937 - trading_bot - INFO - Active position exists for USDJPY, skipping
2025-04-29 00:23:22,950 - trading_bot - INFO - Calculated levels - Entry: 1.14186, SL: 1.14197, TP: 1.14152
2025-04-29 00:23:22,950 - trading_bot - INFO - Active position exists for EURUSD, skipping
2025-04-29 00:23:22,954 - trading_bot - INFO - Calculated levels - Entry: 1.34352, SL: 1.34313, TP: 1.3447
2025-04-29 00:23:22,955 - trading_bot - INFO - Active position exists for GBPUSD, skipping
2025-04-29 00:23:22,958 - trading_bot - INFO - Calculated levels - Entry: 142.019, SL: 141.99629, TP: 142.08714
2025-04-29 00:23:22,959 - trading_bot - INFO - Active position exists for USDJPY, skipping
2025-04-29 00:24:22,966 - trading_bot - INFO - Calculated levels - Entry: 1.14184, SL: 1.14196, TP: 1.14147
2025-04-29 00:24:22,966 - trading_bot - INFO - Active position exists for EURUSD, skipping
2025-04-29 00:24:22,971 - trading_bot - INFO - Calculated levels - Entry: 1.34335, SL: 1.34369, TP: 1.34234
2025-04-29 00:24:22,971 - trading_bot - INFO - Active position exists for GBPUSD, skipping
2025-04-29 00:24:22,974 - trading_bot - INFO - Calculated levels - Entry: 142.019, SL: 141.99829, TP: 142.08114
2025-04-29 00:24:22,974 - trading_bot - INFO - Active position exists for USDJPY, skipping
2025-04-29 00:25:22,985 - trading_bot - INFO - Calculated levels - Entry: 1.14192, SL: 1.1418, TP: 1.14229
2025-04-29 00:25:22,986 - trading_bot - INFO - Active position exists for EURUSD, skipping
2025-04-29 00:25:22,989 - trading_bot - INFO - Calculated levels - Entry: 1.34343, SL: 1.34376, TP: 1.34244
2025-04-29 00:25:22,990 - trading_bot - INFO - Active position exists for GBPUSD, skipping
2025-04-29 00:25:22,993 - trading_bot - INFO - Calculated levels - Entry: 142.019, SL: 142.00029, TP: 142.07514
2025-04-29 00:25:22,993 - trading_bot - INFO - Active position exists for USDJPY, skipping
2025-04-29 00:26:23,012 - trading_bot - INFO - Calculated levels - Entry: 1.14181, SL: 1.14197, TP: 1.14134
2025-04-29 00:26:23,012 - trading_bot - INFO - Active position exists for EURUSD, skipping
2025-04-29 00:26:23,018 - trading_bot - INFO - Calculated levels - Entry: 1.34335, SL: 1.34365, TP: 1.34245
2025-04-29 00:26:23,018 - trading_bot - INFO - Active position exists for GBPUSD, skipping
2025-04-29 00:26:23,023 - trading_bot - INFO - Calculated levels - Entry: 142.019, SL: 142.003, TP: 142.067
2025-04-29 00:26:23,024 - trading_bot - INFO - Active position exists for USDJPY, skipping
2025-04-29 00:27:23,030 - trading_bot - INFO - Calculated levels - Entry: 1.14192, SL: 1.14208, TP: 1.14143
2025-04-29 00:27:23,031 - trading_bot - INFO - Active position exists for EURUSD, skipping
2025-04-29 00:27:23,034 - trading_bot - INFO - Calculated levels - Entry: 1.34335, SL: 1.34363, TP: 1.34252
2025-04-29 00:27:23,034 - trading_bot - INFO - Active position exists for GBPUSD, skipping
2025-04-29 00:27:23,039 - trading_bot - INFO - Calculated levels - Entry: 142.016, SL: 142.00157, TP: 142.05929
2025-04-29 00:27:23,039 - trading_bot - INFO - Active position exists for USDJPY, skipping
2025-04-29 00:28:23,061 - trading_bot - INFO - Calculated levels - Entry: 1.14185, SL: 1.14201, TP: 1.14136
2025-04-29 00:28:23,065 - trading_bot - INFO - Placing SELL order for EURUSD with lot size 0.01
2025-04-29 00:28:27,026 - trading_bot - INFO - Order placed successfully: Request executed
2025-04-29 00:28:27,032 - trading_bot - INFO - Calculated levels - Entry: 1.34335, SL: 1.3436, TP: 1.34259
2025-04-29 00:28:27,037 - trading_bot - INFO - Placing SELL order for GBPUSD with lot size 0.01
2025-04-29 00:28:27,850 - trading_bot - INFO - Order placed successfully: Request executed
2025-04-29 00:28:27,862 - trading_bot - INFO - Calculated levels - Entry: 142.051, SL: 142.068, TP: 142.0
2025-04-29 00:28:27,875 - trading_bot - INFO - Placing SELL order for USDJPY with lot size 0.01
2025-04-29 00:28:29,720 - trading_bot - INFO - Order placed successfully: Request executed
2025-04-29 00:29:29,731 - trading_bot - INFO - Calculated levels - Entry: 1.14188, SL: 1.14172, TP: 1.14236
2025-04-29 00:29:29,731 - trading_bot - INFO - Active position exists for EURUSD, skipping
2025-04-29 00:29:29,736 - trading_bot - INFO - Calculated levels - Entry: 1.34323, SL: 1.34298, TP: 1.34398
2025-04-29 00:29:29,738 - trading_bot - INFO - Active position exists for GBPUSD, skipping
2025-04-29 00:29:29,741 - trading_bot - INFO - Calculated levels - Entry: 142.052, SL: 142.06943, TP: 141.99971
2025-04-29 00:29:29,742 - trading_bot - INFO - Active position exists for USDJPY, skipping
2025-04-29 00:30:29,749 - trading_bot - INFO - Calculated levels - Entry: 1.1419, SL: 1.14175, TP: 1.14236
2025-04-29 00:30:29,750 - trading_bot - INFO - Active position exists for EURUSD, skipping
2025-04-29 00:30:29,753 - trading_bot - INFO - Calculated levels - Entry: 1.34318, SL: 1.3434, TP: 1.34251
2025-04-29 00:30:29,753 - trading_bot - INFO - Active position exists for GBPUSD, skipping
2025-04-29 00:30:29,759 - trading_bot - INFO - Calculated levels - Entry: 142.07, SL: 142.08786, TP: 142.01643
2025-04-29 00:30:29,759 - trading_bot - INFO - Active position exists for USDJPY, skipping
2025-04-29 00:31:29,769 - trading_bot - INFO - Calculated levels - Entry: 1.14194, SL: 1.14177, TP: 1.14245
2025-04-29 00:31:29,769 - trading_bot - INFO - Active position exists for EURUSD, skipping
2025-04-29 00:31:29,773 - trading_bot - INFO - Calculated levels - Entry: 1.34328, SL: 1.34347, TP: 1.34272
2025-04-29 00:31:29,773 - trading_bot - INFO - Active position exists for GBPUSD, skipping
2025-04-29 00:31:29,778 - trading_bot - INFO - Calculated levels - Entry: 142.065, SL: 142.083, TP: 142.011
2025-04-29 00:31:29,778 - trading_bot - INFO - Active position exists for USDJPY, skipping
2025-04-29 00:32:29,790 - trading_bot - INFO - Calculated levels - Entry: 1.14194, SL: 1.14176, TP: 1.14248
2025-04-29 00:32:29,790 - trading_bot - INFO - Active position exists for EURUSD, skipping
2025-04-29 00:32:29,795 - trading_bot - INFO - Calculated levels - Entry: 1.34331, SL: 1.3435, TP: 1.34275
2025-04-29 00:32:29,796 - trading_bot - INFO - Active position exists for GBPUSD, skipping
2025-04-29 00:32:29,799 - trading_bot - INFO - Calculated levels - Entry: 142.059, SL: 142.076, TP: 142.008
2025-04-29 00:32:29,800 - trading_bot - INFO - Active position exists for USDJPY, skipping
2025-04-29 00:33:29,818 - trading_bot - INFO - Calculated levels - Entry: 1.14191, SL: 1.14171, TP: 1.1425
2025-04-29 00:33:29,818 - trading_bot - INFO - Active position exists for EURUSD, skipping
2025-04-29 00:33:29,823 - trading_bot - INFO - Calculated levels - Entry: 1.34333, SL: 1.34352, TP: 1.34276
2025-04-29 00:33:29,823 - trading_bot - INFO - Active position exists for GBPUSD, skipping
2025-04-29 00:33:29,827 - trading_bot - INFO - Calculated levels - Entry: 142.06, SL: 142.07614, TP: 142.01157
2025-04-29 00:33:29,827 - trading_bot - INFO - Active position exists for USDJPY, skipping
2025-04-29 00:34:29,847 - trading_bot - INFO - Calculated levels - Entry: 1.14192, SL: 1.14175, TP: 1.14244
2025-04-29 00:34:29,847 - trading_bot - INFO - Active position exists for EURUSD, skipping
2025-04-29 00:34:29,852 - trading_bot - INFO - Calculated levels - Entry: 1.34336, SL: 1.34322, TP: 1.34379
2025-04-29 00:34:29,852 - trading_bot - INFO - Active position exists for GBPUSD, skipping
2025-04-29 00:34:29,857 - trading_bot - INFO - Calculated levels - Entry: 142.058, SL: 142.07386, TP: 142.01043
2025-04-29 00:34:29,858 - trading_bot - INFO - Active position exists for USDJPY, skipping
2025-04-29 00:35:29,866 - trading_bot - INFO - Calculated levels - Entry: 1.14191, SL: 1.14176, TP: 1.14237
2025-04-29 00:35:29,867 - trading_bot - INFO - Active position exists for EURUSD, skipping
2025-04-29 00:35:29,871 - trading_bot - INFO - Calculated levels - Entry: 1.34336, SL: 1.34324, TP: 1.34372
2025-04-29 00:35:29,871 - trading_bot - INFO - Active position exists for GBPUSD, skipping
2025-04-29 00:35:29,875 - trading_bot - INFO - Calculated levels - Entry: 142.056, SL: 142.07214, TP: 142.00757
2025-04-29 00:35:29,875 - trading_bot - INFO - Active position exists for USDJPY, skipping
2025-04-29 00:36:29,886 - trading_bot - INFO - Calculated levels - Entry: 1.14181, SL: 1.14166, TP: 1.14227
2025-04-29 00:36:29,887 - trading_bot - INFO - Active position exists for EURUSD, skipping
2025-04-29 00:36:29,891 - trading_bot - INFO - Calculated levels - Entry: 1.34336, SL: 1.34325, TP: 1.34369
2025-04-29 00:36:29,891 - trading_bot - INFO - Active position exists for GBPUSD, skipping
2025-04-29 00:36:29,895 - trading_bot - INFO - Calculated levels - Entry: 142.058, SL: 142.07414, TP: 142.00957
2025-04-29 00:36:29,895 - trading_bot - INFO - Active position exists for USDJPY, skipping
2025-04-29 00:37:29,906 - trading_bot - INFO - Calculated levels - Entry: 1.14181, SL: 1.14196, TP: 1.14137
2025-04-29 00:37:29,906 - trading_bot - INFO - Active position exists for EURUSD, skipping
2025-04-29 00:37:29,910 - trading_bot - INFO - Calculated levels - Entry: 1.3434, SL: 1.34329, TP: 1.34373
2025-04-29 00:37:29,911 - trading_bot - INFO - Active position exists for GBPUSD, skipping
2025-04-29 00:37:29,915 - trading_bot - INFO - Calculated levels - Entry: 142.056, SL: 142.07243, TP: 142.00671
2025-04-29 00:37:29,915 - trading_bot - INFO - Active position exists for USDJPY, skipping
2025-04-29 00:38:29,920 - trading_bot - INFO - Calculated levels - Entry: 1.14183, SL: 1.14197, TP: 1.14142
2025-04-29 00:38:29,921 - trading_bot - INFO - Active position exists for EURUSD, skipping
2025-04-29 00:38:29,925 - trading_bot - INFO - Calculated levels - Entry: 1.3434, SL: 1.34331, TP: 1.34366
2025-04-29 00:38:29,925 - trading_bot - INFO - Active position exists for GBPUSD, skipping
2025-04-29 00:38:29,929 - trading_bot - INFO - Calculated levels - Entry: 142.058, SL: 142.07486, TP: 142.00743
2025-04-29 00:38:29,930 - trading_bot - INFO - Active position exists for USDJPY, skipping
2025-04-29 00:39:29,945 - trading_bot - INFO - Calculated levels - Entry: 1.14187, SL: 1.142, TP: 1.14149
2025-04-29 00:39:29,945 - trading_bot - INFO - Active position exists for EURUSD, skipping
2025-04-29 00:39:29,950 - trading_bot - INFO - Calculated levels - Entry: 1.3434, SL: 1.34332, TP: 1.34364
2025-04-29 00:39:29,950 - trading_bot - INFO - Active position exists for GBPUSD, skipping
2025-04-29 00:39:29,954 - trading_bot - INFO - Calculated levels - Entry: 142.059, SL: 142.07614, TP: 142.00757
2025-04-29 00:39:29,954 - trading_bot - INFO - Active position exists for USDJPY, skipping
2025-04-29 00:40:29,964 - trading_bot - INFO - Calculated levels - Entry: 1.14188, SL: 1.14199, TP: 1.14155
2025-04-29 00:40:29,965 - trading_bot - INFO - Active position exists for EURUSD, skipping
2025-04-29 00:40:29,968 - trading_bot - INFO - Calculated levels - Entry: 1.34339, SL: 1.3433, TP: 1.34367
2025-04-29 00:40:29,969 - trading_bot - INFO - Active position exists for GBPUSD, skipping
2025-04-29 00:40:29,974 - trading_bot - INFO - Calculated levels - Entry: 142.059, SL: 142.076, TP: 142.008
2025-04-29 00:40:29,975 - trading_bot - INFO - Active position exists for USDJPY, skipping
2025-04-29 00:41:29,980 - trading_bot - INFO - Calculated levels - Entry: 1.1419, SL: 1.1418, TP: 1.1422
2025-04-29 00:41:29,981 - trading_bot - INFO - Active position exists for EURUSD, skipping
2025-04-29 00:41:29,986 - trading_bot - INFO - Calculated levels - Entry: 1.34349, SL: 1.34338, TP: 1.34382
2025-04-29 00:41:29,986 - trading_bot - INFO - Active position exists for GBPUSD, skipping
2025-04-29 00:41:29,989 - trading_bot - INFO - Calculated levels - Entry: 142.059, SL: 142.07571, TP: 142.00886
2025-04-29 00:41:29,990 - trading_bot - INFO - Active position exists for USDJPY, skipping
2025-04-29 00:42:30,001 - trading_bot - INFO - Calculated levels - Entry: 1.14189, SL: 1.14179, TP: 1.14218
2025-04-29 00:42:30,002 - trading_bot - INFO - Active position exists for EURUSD, skipping
2025-04-29 00:42:30,006 - trading_bot - INFO - Calculated levels - Entry: 1.34352, SL: 1.34341, TP: 1.34386
2025-04-29 00:42:30,007 - trading_bot - INFO - Active position exists for GBPUSD, skipping
2025-04-29 00:42:30,010 - trading_bot - INFO - Calculated levels - Entry: 142.059, SL: 142.07057, TP: 142.02429
2025-04-29 00:42:30,010 - trading_bot - INFO - Active position exists for USDJPY, skipping
2025-04-29 00:43:30,027 - trading_bot - INFO - Calculated levels - Entry: 1.14191, SL: 1.14181, TP: 1.14221
2025-04-29 00:43:30,028 - trading_bot - INFO - Active position exists for EURUSD, skipping
2025-04-29 00:43:30,035 - trading_bot - INFO - Calculated levels - Entry: 1.34352, SL: 1.34362, TP: 1.34323
2025-04-29 00:43:30,035 - trading_bot - INFO - Active position exists for GBPUSD, skipping
2025-04-29 00:43:30,039 - trading_bot - INFO - Calculated levels - Entry: 142.058, SL: 142.06643, TP: 142.03271
2025-04-29 00:43:30,039 - trading_bot - INFO - Active position exists for USDJPY, skipping
2025-04-29 00:44:30,054 - trading_bot - INFO - Calculated levels - Entry: 1.14193, SL: 1.14184, TP: 1.14221
2025-04-29 00:44:30,054 - trading_bot - INFO - Active position exists for EURUSD, skipping
2025-04-29 00:44:30,058 - trading_bot - INFO - Calculated levels - Entry: 1.34353, SL: 1.34359, TP: 1.34335
2025-04-29 00:44:30,059 - trading_bot - INFO - Active position exists for GBPUSD, skipping
2025-04-29 00:44:30,062 - trading_bot - INFO - Calculated levels - Entry: 142.061, SL: 142.06771, TP: 142.04086
2025-04-29 00:44:30,062 - trading_bot - INFO - Active position exists for USDJPY, skipping
2025-04-29 00:45:30,078 - trading_bot - INFO - Calculated levels - Entry: 1.14193, SL: 1.14185, TP: 1.14217
2025-04-29 00:45:30,079 - trading_bot - INFO - Active position exists for EURUSD, skipping
2025-04-29 00:45:30,082 - trading_bot - INFO - Calculated levels - Entry: 1.34353, SL: 1.34362, TP: 1.34327
2025-04-29 00:45:30,082 - trading_bot - INFO - Active position exists for GBPUSD, skipping
2025-04-29 00:45:30,088 - trading_bot - INFO - Calculated levels - Entry: 142.058, SL: 142.06429, TP: 142.03914
2025-04-29 00:45:30,088 - trading_bot - INFO - Active position exists for USDJPY, skipping
2025-04-29 00:46:30,099 - trading_bot - INFO - Calculated levels - Entry: 1.14193, SL: 1.14186, TP: 1.14214
2025-04-29 00:46:30,100 - trading_bot - INFO - Active position exists for EURUSD, skipping
2025-04-29 00:46:30,106 - trading_bot - INFO - Calculated levels - Entry: 1.34377, SL: 1.3439, TP: 1.34339
2025-04-29 00:46:30,106 - trading_bot - INFO - Active position exists for GBPUSD, skipping
2025-04-29 00:46:30,110 - trading_bot - INFO - Calculated levels - Entry: 142.059, SL: 142.06443, TP: 142.04271
2025-04-29 00:46:30,112 - trading_bot - INFO - Active position exists for USDJPY, skipping
2025-04-29 00:47:30,122 - trading_bot - INFO - Calculated levels - Entry: 1.14194, SL: 1.14189, TP: 1.1421
2025-04-29 00:47:30,122 - trading_bot - INFO - Active position exists for EURUSD, skipping
2025-04-29 00:47:30,126 - trading_bot - INFO - Calculated levels - Entry: 1.34354, SL: 1.34366, TP: 1.34318
2025-04-29 00:47:30,127 - trading_bot - INFO - Active position exists for GBPUSD, skipping
2025-04-29 00:47:30,130 - trading_bot - INFO - Calculated levels - Entry: 142.058, SL: 142.06329, TP: 142.04214
2025-04-29 00:47:30,132 - trading_bot - INFO - Active position exists for USDJPY, skipping
2025-04-29 00:48:30,149 - trading_bot - INFO - Calculated levels - Entry: 1.14194, SL: 1.14189, TP: 1.14209
2025-04-29 00:48:30,149 - trading_bot - INFO - Active position exists for EURUSD, skipping
2025-04-29 00:48:30,153 - trading_bot - INFO - Calculated levels - Entry: 1.34351, SL: 1.34363, TP: 1.34314
2025-04-29 00:48:30,153 - trading_bot - INFO - Active position exists for GBPUSD, skipping
2025-04-29 00:48:30,156 - trading_bot - INFO - Calculated levels - Entry: 142.052, SL: 142.05814, TP: 142.03357
2025-04-29 00:48:30,157 - trading_bot - INFO - Active position exists for USDJPY, skipping
2025-04-29 00:49:30,176 - trading_bot - INFO - Calculated levels - Entry: 1.14192, SL: 1.14186, TP: 1.14209
2025-04-29 00:49:30,177 - trading_bot - INFO - Active position exists for EURUSD, skipping
2025-04-29 00:49:30,180 - trading_bot - INFO - Calculated levels - Entry: 1.34351, SL: 1.34364, TP: 1.34313
2025-04-29 00:49:30,180 - trading_bot - INFO - Active position exists for GBPUSD, skipping
2025-04-29 00:49:30,183 - trading_bot - INFO - Calculated levels - Entry: 142.048, SL: 142.05543, TP: 142.02571
2025-04-29 00:49:30,185 - trading_bot - INFO - Active position exists for USDJPY, skipping
2025-04-29 00:50:30,192 - trading_bot - INFO - Calculated levels - Entry: 1.14189, SL: 1.14184, TP: 1.14204
2025-04-29 00:50:30,192 - trading_bot - INFO - Active position exists for EURUSD, skipping
2025-04-29 00:50:30,197 - trading_bot - INFO - Calculated levels - Entry: 1.34352, SL: 1.34365, TP: 1.34314
2025-04-29 00:50:30,198 - trading_bot - INFO - Active position exists for GBPUSD, skipping
2025-04-29 00:50:30,201 - trading_bot - INFO - Calculated levels - Entry: 142.06, SL: 142.06714, TP: 142.03857
2025-04-29 00:50:30,201 - trading_bot - INFO - Active position exists for USDJPY, skipping
2025-04-29 00:51:30,217 - trading_bot - INFO - Calculated levels - Entry: 1.14184, SL: 1.14189, TP: 1.14169
2025-04-29 00:51:30,218 - trading_bot - INFO - Active position exists for EURUSD, skipping
2025-04-29 00:51:30,222 - trading_bot - INFO - Calculated levels - Entry: 1.34353, SL: 1.34365, TP: 1.34316
2025-04-29 00:51:30,222 - trading_bot - INFO - Active position exists for GBPUSD, skipping
2025-04-29 00:51:30,227 - trading_bot - INFO - Calculated levels - Entry: 142.062, SL: 142.06914, TP: 142.04057
2025-04-29 00:51:30,227 - trading_bot - INFO - Active position exists for USDJPY, skipping
2025-04-29 00:52:30,232 - trading_bot - INFO - Calculated levels - Entry: 1.14185, SL: 1.1419, TP: 1.14171
2025-04-29 00:52:30,232 - trading_bot - INFO - Active position exists for EURUSD, skipping
2025-04-29 00:52:30,238 - trading_bot - INFO - Calculated levels - Entry: 1.34353, SL: 1.34365, TP: 1.34316
2025-04-29 00:52:30,238 - trading_bot - INFO - Active position exists for GBPUSD, skipping
2025-04-29 00:52:30,242 - trading_bot - INFO - Calculated levels - Entry: 142.059, SL: 142.066, TP: 142.038
2025-04-29 00:52:30,242 - trading_bot - INFO - Active position exists for USDJPY, skipping
2025-04-29 00:53:30,260 - trading_bot - INFO - Calculated levels - Entry: 1.14186, SL: 1.14192, TP: 1.14169
2025-04-29 00:53:30,260 - trading_bot - INFO - Active position exists for EURUSD, skipping
2025-04-29 00:53:30,265 - trading_bot - INFO - Calculated levels - Entry: 1.34352, SL: 1.34363, TP: 1.34318
2025-04-29 00:53:30,266 - trading_bot - INFO - Active position exists for GBPUSD, skipping
2025-04-29 00:53:30,270 - trading_bot - INFO - Calculated levels - Entry: 142.06, SL: 142.06671, TP: 142.03986
2025-04-29 00:53:30,270 - trading_bot - INFO - Active position exists for USDJPY, skipping
2025-04-29 00:54:30,284 - trading_bot - INFO - Calculated levels - Entry: 1.14193, SL: 1.14187, TP: 1.14211
2025-04-29 00:54:30,284 - trading_bot - INFO - Active position exists for EURUSD, skipping
2025-04-29 00:54:30,288 - trading_bot - INFO - Calculated levels - Entry: 1.34302, SL: 1.34283, TP: 1.3436
2025-04-29 00:54:30,288 - trading_bot - INFO - Active position exists for GBPUSD, skipping
2025-04-29 00:54:30,291 - trading_bot - INFO - Calculated levels - Entry: 142.06, SL: 142.06671, TP: 142.03986
2025-04-29 00:54:30,292 - trading_bot - INFO - Active position exists for USDJPY, skipping
2025-04-29 00:55:30,307 - trading_bot - INFO - Calculated levels - Entry: 1.14192, SL: 1.14186, TP: 1.1421
2025-04-29 00:55:30,308 - trading_bot - INFO - Active position exists for EURUSD, skipping
2025-04-29 00:55:30,311 - trading_bot - INFO - Calculated levels - Entry: 1.34334, SL: 1.34356, TP: 1.34267
2025-04-29 00:55:30,311 - trading_bot - INFO - Active position exists for GBPUSD, skipping
2025-04-29 00:55:30,315 - trading_bot - INFO - Calculated levels - Entry: 142.06, SL: 142.06671, TP: 142.03986
2025-04-29 00:55:30,315 - trading_bot - INFO - Active position exists for USDJPY, skipping
2025-04-29 00:56:30,332 - trading_bot - INFO - Calculated levels - Entry: 1.14192, SL: 1.14186, TP: 1.1421
2025-04-29 00:56:30,332 - trading_bot - INFO - Active position exists for EURUSD, skipping
2025-04-29 00:56:30,338 - trading_bot - INFO - Calculated levels - Entry: 1.34347, SL: 1.34371, TP: 1.34275
2025-04-29 00:56:30,338 - trading_bot - INFO - Active position exists for GBPUSD, skipping
2025-04-29 00:56:30,342 - trading_bot - INFO - Calculated levels - Entry: 142.047, SL: 142.05571, TP: 142.02086
2025-04-29 00:56:30,343 - trading_bot - INFO - Active position exists for USDJPY, skipping
2025-04-29 00:57:30,358 - trading_bot - INFO - Calculated levels - Entry: 1.14189, SL: 1.14182, TP: 1.14209
2025-04-29 00:57:30,358 - trading_bot - INFO - Active position exists for EURUSD, skipping
2025-04-29 00:57:30,363 - trading_bot - INFO - Calculated levels - Entry: 1.34367, SL: 1.3434, TP: 1.34449
2025-04-29 00:57:30,364 - trading_bot - INFO - Active position exists for GBPUSD, skipping
2025-04-29 00:57:30,368 - trading_bot - INFO - Calculated levels - Entry: 142.058, SL: 142.06857, TP: 142.02629
2025-04-29 00:57:30,369 - trading_bot - INFO - Active position exists for USDJPY, skipping
2025-04-29 00:58:30,374 - trading_bot - INFO - Calculated levels - Entry: 1.14192, SL: 1.14183, TP: 1.14219
2025-04-29 00:58:30,375 - trading_bot - INFO - Active position exists for EURUSD, skipping
2025-04-29 00:58:30,380 - trading_bot - INFO - Calculated levels - Entry: 1.34367, SL: 1.34339, TP: 1.34451
2025-04-29 00:58:30,380 - trading_bot - INFO - Active position exists for GBPUSD, skipping
2025-04-29 00:58:30,384 - trading_bot - INFO - Calculated levels - Entry: 142.045, SL: 142.033, TP: 142.081
2025-04-29 00:58:30,384 - trading_bot - INFO - Active position exists for USDJPY, skipping
2025-04-29 00:59:30,399 - trading_bot - INFO - Calculated levels - Entry: 1.14202, SL: 1.14192, TP: 1.14233
2025-04-29 00:59:30,399 - trading_bot - INFO - Active position exists for EURUSD, skipping
2025-04-29 00:59:30,403 - trading_bot - INFO - Calculated levels - Entry: 1.34374, SL: 1.34348, TP: 1.34452
2025-04-29 00:59:30,403 - trading_bot - INFO - Active position exists for GBPUSD, skipping
2025-04-29 00:59:30,407 - trading_bot - INFO - Calculated levels - Entry: 142.045, SL: 142.05686, TP: 142.00943
2025-04-29 00:59:30,407 - trading_bot - INFO - Active position exists for USDJPY, skipping
2025-04-29 01:00:30,423 - trading_bot - INFO - Calculated levels - Entry: 1.14193, SL: 1.14181, TP: 1.14229
2025-04-29 01:00:30,423 - trading_bot - INFO - Active position exists for EURUSD, skipping
2025-04-29 01:00:30,428 - trading_bot - INFO - Calculated levels - Entry: 1.34349, SL: 1.34322, TP: 1.34429
2025-04-29 01:00:30,428 - trading_bot - INFO - Active position exists for GBPUSD, skipping
2025-04-29 01:00:30,431 - trading_bot - INFO - Calculated levels - Entry: 142.058, SL: 142.07157, TP: 142.01729
2025-04-29 01:00:30,432 - trading_bot - INFO - Active position exists for USDJPY, skipping
2025-04-29 01:01:30,450 - trading_bot - INFO - Calculated levels - Entry: 1.14212, SL: 1.14197, TP: 1.14257
2025-04-29 01:01:30,451 - trading_bot - INFO - Active position exists for EURUSD, skipping
2025-04-29 01:01:30,455 - trading_bot - INFO - Calculated levels - Entry: 1.34404, SL: 1.34364, TP: 1.34525
2025-04-29 01:01:30,456 - trading_bot - INFO - Active position exists for GBPUSD, skipping
2025-04-29 01:01:30,459 - trading_bot - INFO - Calculated levels - Entry: 142.045, SL: 142.06171, TP: 141.99486
2025-04-29 01:01:30,461 - trading_bot - INFO - Active position exists for USDJPY, skipping
2025-04-29 01:02:30,474 - trading_bot - INFO - Calculated levels - Entry: 1.14211, SL: 1.14195, TP: 1.14258
2025-04-29 01:02:30,475 - trading_bot - INFO - Active position exists for EURUSD, skipping
2025-04-29 01:02:30,481 - trading_bot - INFO - Calculated levels - Entry: 1.34429, SL: 1.34385, TP: 1.3456
2025-04-29 01:02:30,481 - trading_bot - INFO - Active position exists for GBPUSD, skipping
2025-04-29 01:02:30,485 - trading_bot - INFO - Calculated levels - Entry: 142.008, SL: 141.98714, TP: 142.07057
2025-04-29 01:02:30,486 - trading_bot - INFO - Active position exists for USDJPY, skipping
2025-04-29 01:03:30,504 - trading_bot - INFO - Calculated levels - Entry: 1.14211, SL: 1.14195, TP: 1.14258
2025-04-29 01:03:30,504 - trading_bot - INFO - Active position exists for EURUSD, skipping
2025-04-29 01:03:30,509 - trading_bot - INFO - Calculated levels - Entry: 1.34431, SL: 1.34387, TP: 1.34562
2025-04-29 01:03:30,510 - trading_bot - INFO - Active position exists for GBPUSD, skipping
2025-04-29 01:03:30,514 - trading_bot - INFO - Calculated levels - Entry: 142.021, SL: 141.99957, TP: 142.08529
2025-04-29 01:03:30,514 - trading_bot - INFO - Active position exists for USDJPY, skipping
2025-04-29 01:04:30,523 - trading_bot - INFO - Calculated levels - Entry: 1.14208, SL: 1.14193, TP: 1.14254
2025-04-29 01:04:30,523 - trading_bot - INFO - Active position exists for EURUSD, skipping
2025-04-29 01:04:30,530 - trading_bot - INFO - Calculated levels - Entry: 1.3443, SL: 1.34387, TP: 1.3456
2025-04-29 01:04:30,531 - trading_bot - INFO - Active position exists for GBPUSD, skipping
2025-04-29 01:04:30,534 - trading_bot - INFO - Calculated levels - Entry: 142.055, SL: 142.08114, TP: 141.97657
2025-04-29 01:04:30,534 - trading_bot - INFO - Active position exists for USDJPY, skipping
2025-04-29 01:05:30,546 - trading_bot - INFO - Calculated levels - Entry: 1.14206, SL: 1.1419, TP: 1.14254
2025-04-29 01:05:30,546 - trading_bot - INFO - Active position exists for EURUSD, skipping
2025-04-29 01:05:30,550 - trading_bot - INFO - Calculated levels - Entry: 1.34423, SL: 1.34379, TP: 1.34556
2025-04-29 01:05:30,551 - trading_bot - INFO - Active position exists for GBPUSD, skipping
2025-04-29 01:05:30,555 - trading_bot - INFO - Calculated levels - Entry: 142.071, SL: 142.10057, TP: 141.98229
2025-04-29 01:05:30,555 - trading_bot - INFO - Active position exists for USDJPY, skipping
2025-04-29 01:06:30,571 - trading_bot - INFO - Calculated levels - Entry: 1.14176, SL: 1.14195, TP: 1.14119
2025-04-29 01:06:30,571 - trading_bot - INFO - Active position exists for EURUSD, skipping
2025-04-29 01:06:30,576 - trading_bot - INFO - Calculated levels - Entry: 1.34371, SL: 1.34319, TP: 1.34527
2025-04-29 01:06:30,577 - trading_bot - INFO - Active position exists for GBPUSD, skipping
2025-04-29 01:06:30,581 - trading_bot - INFO - Calculated levels - Entry: 142.109, SL: 142.07414, TP: 142.21357
2025-04-29 01:06:30,583 - trading_bot - INFO - Active position exists for USDJPY, skipping
2025-04-29 01:07:30,596 - trading_bot - INFO - Calculated levels - Entry: 1.14182, SL: 1.14201, TP: 1.14124
2025-04-29 01:07:30,596 - trading_bot - INFO - Active position exists for EURUSD, skipping
2025-04-29 01:07:30,601 - trading_bot - INFO - Calculated levels - Entry: 1.34391, SL: 1.34339, TP: 1.34546
2025-04-29 01:07:30,601 - trading_bot - INFO - Active position exists for GBPUSD, skipping
2025-04-29 01:07:30,605 - trading_bot - INFO - Calculated levels - Entry: 142.151, SL: 142.192, TP: 142.028
2025-04-29 01:07:30,605 - trading_bot - INFO - Active position exists for USDJPY, skipping
2025-04-29 01:08:30,623 - trading_bot - INFO - Calculated levels - Entry: 1.14191, SL: 1.1421, TP: 1.14134
2025-04-29 01:08:30,624 - trading_bot - INFO - Active position exists for EURUSD, skipping
2025-04-29 01:08:30,629 - trading_bot - INFO - Calculated levels - Entry: 1.34401, SL: 1.34445, TP: 1.34268
2025-04-29 01:08:30,629 - trading_bot - INFO - Active position exists for GBPUSD, skipping
2025-04-29 01:08:30,633 - trading_bot - INFO - Calculated levels - Entry: 142.16, SL: 142.205, TP: 142.025
2025-04-29 01:08:30,633 - trading_bot - INFO - Active position exists for USDJPY, skipping
2025-04-29 01:09:30,648 - trading_bot - INFO - Calculated levels - Entry: 1.14191, SL: 1.14212, TP: 1.14127
2025-04-29 01:09:30,648 - trading_bot - INFO - Active position exists for EURUSD, skipping
2025-04-29 01:09:30,652 - trading_bot - INFO - Calculated levels - Entry: 1.34399, SL: 1.34358, TP: 1.34523
2025-04-29 01:09:30,652 - trading_bot - INFO - Active position exists for GBPUSD, skipping
2025-04-29 01:09:30,656 - trading_bot - INFO - Calculated levels - Entry: 142.173, SL: 142.22129, TP: 142.02814
2025-04-29 01:09:30,656 - trading_bot - INFO - Active position exists for USDJPY, skipping
2025-04-29 01:10:30,662 - trading_bot - INFO - Calculated levels - Entry: 1.1419, SL: 1.14211, TP: 1.14126
2025-04-29 01:10:30,663 - trading_bot - INFO - Active position exists for EURUSD, skipping
2025-04-29 01:10:30,667 - trading_bot - INFO - Calculated levels - Entry: 1.34398, SL: 1.34358, TP: 1.34517
2025-04-29 01:10:30,667 - trading_bot - INFO - Active position exists for GBPUSD, skipping
2025-04-29 01:10:30,671 - trading_bot - INFO - Calculated levels - Entry: 142.168, SL: 142.21629, TP: 142.02314
2025-04-29 01:10:30,671 - trading_bot - INFO - Active position exists for USDJPY, skipping
2025-04-29 01:11:30,684 - trading_bot - INFO - Calculated levels - Entry: 1.14191, SL: 1.14211, TP: 1.14131
2025-04-29 01:11:30,684 - trading_bot - INFO - Active position exists for EURUSD, skipping
2025-04-29 01:11:30,688 - trading_bot - INFO - Calculated levels - Entry: 1.34398, SL: 1.34434, TP: 1.3429
2025-04-29 01:11:30,688 - trading_bot - INFO - Active position exists for GBPUSD, skipping
2025-04-29 01:11:30,693 - trading_bot - INFO - Calculated levels - Entry: 142.16, SL: 142.21014, TP: 142.00957
2025-04-29 01:11:30,693 - trading_bot - INFO - Active position exists for USDJPY, skipping
2025-04-29 01:12:30,713 - trading_bot - INFO - Calculated levels - Entry: 1.14186, SL: 1.14206, TP: 1.14127
2025-04-29 01:12:30,713 - trading_bot - INFO - Active position exists for EURUSD, skipping
2025-04-29 01:12:30,718 - trading_bot - INFO - Calculated levels - Entry: 1.34389, SL: 1.34426, TP: 1.34279
2025-04-29 01:12:30,719 - trading_bot - INFO - Active position exists for GBPUSD, skipping
2025-04-29 01:12:30,723 - trading_bot - INFO - Calculated levels - Entry: 142.16, SL: 142.20914, TP: 142.01257
2025-04-29 01:12:30,723 - trading_bot - INFO - Active position exists for USDJPY, skipping
2025-04-29 01:13:30,741 - trading_bot - INFO - Calculated levels - Entry: 1.1419, SL: 1.14209, TP: 1.14133
2025-04-29 01:13:30,741 - trading_bot - INFO - Active position exists for EURUSD, skipping
2025-04-29 01:13:30,745 - trading_bot - INFO - Calculated levels - Entry: 1.34397, SL: 1.34434, TP: 1.34287
2025-04-29 01:13:30,746 - trading_bot - INFO - Active position exists for GBPUSD, skipping
2025-04-29 01:13:30,752 - trading_bot - INFO - Calculated levels - Entry: 142.154, SL: 142.20329, TP: 142.00614
2025-04-29 01:13:30,752 - trading_bot - INFO - Active position exists for USDJPY, skipping
2025-04-29 01:14:30,763 - trading_bot - INFO - Calculated levels - Entry: 1.14169, SL: 1.1419, TP: 1.14106
2025-04-29 01:14:30,763 - trading_bot - INFO - Active position exists for EURUSD, skipping
2025-04-29 01:14:30,768 - trading_bot - INFO - Calculated levels - Entry: 1.34379, SL: 1.34413, TP: 1.34277
2025-04-29 01:14:30,768 - trading_bot - INFO - Active position exists for GBPUSD, skipping
2025-04-29 01:14:30,772 - trading_bot - INFO - Calculated levels - Entry: 142.151, SL: 142.10043, TP: 142.30271
2025-04-29 01:14:30,772 - trading_bot - INFO - Active position exists for USDJPY, skipping
2025-04-29 01:15:30,792 - trading_bot - INFO - Calculated levels - Entry: 1.14152, SL: 1.14131, TP: 1.14214
2025-04-29 01:15:30,792 - trading_bot - INFO - Active position exists for EURUSD, skipping
2025-04-29 01:15:30,796 - trading_bot - INFO - Calculated levels - Entry: 1.34371, SL: 1.34392, TP: 1.34307
2025-04-29 01:15:30,797 - trading_bot - INFO - Active position exists for GBPUSD, skipping
2025-04-29 01:15:30,800 - trading_bot - INFO - Calculated levels - Entry: 142.166, SL: 142.217, TP: 142.013
2025-04-29 01:15:30,800 - trading_bot - INFO - Active position exists for USDJPY, skipping
2025-04-29 01:16:30,805 - trading_bot - INFO - Calculated levels - Entry: 1.14151, SL: 1.1413, TP: 1.14214
2025-04-29 01:16:30,806 - trading_bot - INFO - Active position exists for EURUSD, skipping
2025-04-29 01:16:30,810 - trading_bot - INFO - Calculated levels - Entry: 1.3437, SL: 1.34349, TP: 1.34432
2025-04-29 01:16:30,810 - trading_bot - INFO - Active position exists for GBPUSD, skipping
2025-04-29 01:16:30,814 - trading_bot - INFO - Calculated levels - Entry: 142.168, SL: 142.21586, TP: 142.02443
2025-04-29 01:16:30,815 - trading_bot - INFO - Active position exists for USDJPY, skipping
2025-04-29 01:17:30,837 - trading_bot - INFO - Calculated levels - Entry: 1.14145, SL: 1.14123, TP: 1.14211
2025-04-29 01:17:30,839 - trading_bot - INFO - Active position exists for EURUSD, skipping
2025-04-29 01:17:30,846 - trading_bot - INFO - Calculated levels - Entry: 1.34369, SL: 1.34347, TP: 1.34435
2025-04-29 01:17:30,846 - trading_bot - INFO - Active position exists for GBPUSD, skipping
2025-04-29 01:17:30,850 - trading_bot - INFO - Calculated levels - Entry: 142.183, SL: 142.23, TP: 142.042
2025-04-29 01:17:30,850 - trading_bot - INFO - Active position exists for USDJPY, skipping
2025-04-29 01:18:30,865 - trading_bot - INFO - Calculated levels - Entry: 1.14157, SL: 1.14134, TP: 1.14227
2025-04-29 01:18:30,865 - trading_bot - INFO - Active position exists for EURUSD, skipping
2025-04-29 01:18:30,870 - trading_bot - INFO - Calculated levels - Entry: 1.34372, SL: 1.3435, TP: 1.34439
2025-04-29 01:18:30,870 - trading_bot - INFO - Active position exists for GBPUSD, skipping
2025-04-29 01:18:30,873 - trading_bot - INFO - Calculated levels - Entry: 142.175, SL: 142.22329, TP: 142.03014
2025-04-29 01:18:30,875 - trading_bot - INFO - Active position exists for USDJPY, skipping
2025-04-29 01:19:30,884 - trading_bot - INFO - Calculated levels - Entry: 1.14143, SL: 1.14117, TP: 1.14221
2025-04-29 01:19:30,884 - trading_bot - INFO - Active position exists for EURUSD, skipping
2025-04-29 01:19:30,888 - trading_bot - INFO - Calculated levels - Entry: 1.34368, SL: 1.34343, TP: 1.34442
2025-04-29 01:19:30,889 - trading_bot - INFO - Active position exists for GBPUSD, skipping
2025-04-29 01:19:30,893 - trading_bot - INFO - Calculated levels - Entry: 142.181, SL: 142.229, TP: 142.037
2025-04-29 01:19:30,893 - trading_bot - INFO - Active position exists for USDJPY, skipping
2025-04-29 01:20:30,904 - trading_bot - INFO - Calculated levels - Entry: 1.14123, SL: 1.14098, TP: 1.14197
2025-04-29 01:20:30,904 - trading_bot - INFO - Active position exists for EURUSD, skipping
2025-04-29 01:20:30,909 - trading_bot - INFO - Calculated levels - Entry: 1.3436, SL: 1.3434, TP: 1.3442
2025-04-29 01:20:30,910 - trading_bot - INFO - Active position exists for GBPUSD, skipping
2025-04-29 01:20:30,913 - trading_bot - INFO - Calculated levels - Entry: 142.176, SL: 142.22114, TP: 142.04057
2025-04-29 01:20:30,913 - trading_bot - INFO - Active position exists for USDJPY, skipping
2025-04-29 01:21:30,933 - trading_bot - INFO - Calculated levels - Entry: 1.14128, SL: 1.14102, TP: 1.14206
2025-04-29 01:21:30,935 - trading_bot - INFO - Active position exists for EURUSD, skipping
2025-04-29 01:21:30,939 - trading_bot - INFO - Calculated levels - Entry: 1.34361, SL: 1.3434, TP: 1.34425
2025-04-29 01:21:30,939 - trading_bot - INFO - Active position exists for GBPUSD, skipping
2025-04-29 01:21:30,946 - trading_bot - INFO - Calculated levels - Entry: 142.17, SL: 142.12986, TP: 142.29043
2025-04-29 01:21:30,946 - trading_bot - INFO - Active position exists for USDJPY, skipping
2025-04-29 01:22:30,962 - trading_bot - INFO - Calculated levels - Entry: 1.14143, SL: 1.14115, TP: 1.14227
2025-04-29 01:22:30,963 - trading_bot - INFO - Active position exists for EURUSD, skipping
2025-04-29 01:22:30,967 - trading_bot - INFO - Calculated levels - Entry: 1.34371, SL: 1.34349, TP: 1.34436
2025-04-29 01:22:30,968 - trading_bot - INFO - Active position exists for GBPUSD, skipping
2025-04-29 01:22:30,973 - trading_bot - INFO - Calculated levels - Entry: 142.176, SL: 142.21543, TP: 142.05771
2025-04-29 01:22:30,973 - trading_bot - INFO - Active position exists for USDJPY, skipping
2025-04-29 01:23:30,988 - trading_bot - INFO - Calculated levels - Entry: 1.14133, SL: 1.14104, TP: 1.1422
2025-04-29 01:23:30,988 - trading_bot - INFO - Active position exists for EURUSD, skipping
2025-04-29 01:23:30,994 - trading_bot - INFO - Calculated levels - Entry: 1.34364, SL: 1.34342, TP: 1.3443
2025-04-29 01:23:30,995 - trading_bot - INFO - Active position exists for GBPUSD, skipping
2025-04-29 01:23:30,999 - trading_bot - INFO - Calculated levels - Entry: 142.174, SL: 142.21129, TP: 142.06214
2025-04-29 01:23:30,999 - trading_bot - INFO - Active position exists for USDJPY, skipping
2025-04-29 01:24:31,020 - trading_bot - INFO - Calculated levels - Entry: 1.14136, SL: 1.14166, TP: 1.14046
2025-04-29 01:24:31,021 - trading_bot - INFO - Active position exists for EURUSD, skipping
2025-04-29 01:24:31,024 - trading_bot - INFO - Calculated levels - Entry: 1.3437, SL: 1.34393, TP: 1.34301
2025-04-29 01:24:31,024 - trading_bot - INFO - Active position exists for GBPUSD, skipping
2025-04-29 01:24:31,028 - trading_bot - INFO - Calculated levels - Entry: 142.184, SL: 142.22157, TP: 142.07129
2025-04-29 01:24:31,028 - trading_bot - INFO - Active position exists for USDJPY, skipping
2025-04-29 01:25:31,043 - trading_bot - INFO - Calculated levels - Entry: 1.14124, SL: 1.14093, TP: 1.14218
2025-04-29 01:25:31,044 - trading_bot - INFO - Active position exists for EURUSD, skipping
2025-04-29 01:25:31,048 - trading_bot - INFO - Calculated levels - Entry: 1.34354, SL: 1.34329, TP: 1.3443
2025-04-29 01:25:31,049 - trading_bot - INFO - Active position exists for GBPUSD, skipping
2025-04-29 01:25:31,052 - trading_bot - INFO - Calculated levels - Entry: 142.186, SL: 142.22071, TP: 142.08186
2025-04-29 01:25:31,053 - trading_bot - INFO - Active position exists for USDJPY, skipping
2025-04-29 01:26:31,065 - trading_bot - INFO - Calculated levels - Entry: 1.14122, SL: 1.1409, TP: 1.14218
2025-04-29 01:26:31,066 - trading_bot - INFO - Active position exists for EURUSD, skipping
2025-04-29 01:26:31,070 - trading_bot - INFO - Calculated levels - Entry: 1.34354, SL: 1.34329, TP: 1.3443
2025-04-29 01:26:31,070 - trading_bot - INFO - Active position exists for GBPUSD, skipping
2025-04-29 01:26:31,075 - trading_bot - INFO - Calculated levels - Entry: 142.197, SL: 142.23514, TP: 142.08257
2025-04-29 01:26:31,075 - trading_bot - INFO - Active position exists for USDJPY, skipping
2025-04-29 01:27:31,081 - trading_bot - INFO - Calculated levels - Entry: 1.14124, SL: 1.14093, TP: 1.14217
2025-04-29 01:27:31,082 - trading_bot - INFO - Active position exists for EURUSD, skipping
2025-04-29 01:27:31,085 - trading_bot - INFO - Calculated levels - Entry: 1.34353, SL: 1.34329, TP: 1.34426
2025-04-29 01:27:31,086 - trading_bot - INFO - Active position exists for GBPUSD, skipping
2025-04-29 01:27:31,090 - trading_bot - INFO - Calculated levels - Entry: 142.194, SL: 142.23086, TP: 142.08343
2025-04-29 01:27:31,090 - trading_bot - INFO - Active position exists for USDJPY, skipping
2025-04-29 01:28:31,110 - trading_bot - INFO - Calculated levels - Entry: 1.14152, SL: 1.14185, TP: 1.14053
2025-04-29 01:28:31,110 - trading_bot - INFO - Active position exists for EURUSD, skipping
2025-04-29 01:28:31,115 - trading_bot - INFO - Calculated levels - Entry: 1.34369, SL: 1.34394, TP: 1.34294
2025-04-29 01:28:31,115 - trading_bot - INFO - Active position exists for GBPUSD, skipping
2025-04-29 01:28:31,119 - trading_bot - INFO - Calculated levels - Entry: 142.153, SL: 142.19514, TP: 142.02657
2025-04-29 01:28:31,119 - trading_bot - INFO - Active position exists for USDJPY, skipping
2025-04-29 01:29:31,134 - trading_bot - INFO - Calculated levels - Entry: 1.14121, SL: 1.14154, TP: 1.14023
2025-04-29 01:29:31,135 - trading_bot - INFO - Active position exists for EURUSD, skipping
2025-04-29 01:29:31,140 - trading_bot - INFO - Calculated levels - Entry: 1.34351, SL: 1.34376, TP: 1.34276
2025-04-29 01:29:31,140 - trading_bot - INFO - Active position exists for GBPUSD, skipping
2025-04-29 01:29:31,143 - trading_bot - INFO - Calculated levels - Entry: 142.163, SL: 142.20357, TP: 142.04129
2025-04-29 01:29:31,143 - trading_bot - INFO - Active position exists for USDJPY, skipping
2025-04-29 01:30:31,155 - trading_bot - INFO - Calculated levels - Entry: 1.14124, SL: 1.14157, TP: 1.14025
2025-04-29 01:30:31,155 - trading_bot - INFO - Active position exists for EURUSD, skipping
2025-04-29 01:30:31,160 - trading_bot - INFO - Calculated levels - Entry: 1.34361, SL: 1.34385, TP: 1.34288
2025-04-29 01:30:31,160 - trading_bot - INFO - Active position exists for GBPUSD, skipping
2025-04-29 01:30:31,164 - trading_bot - INFO - Calculated levels - Entry: 142.174, SL: 142.21457, TP: 142.05229
2025-04-29 01:30:31,164 - trading_bot - INFO - Active position exists for USDJPY, skipping
2025-04-29 01:31:31,176 - trading_bot - INFO - Calculated levels - Entry: 1.14118, SL: 1.14152, TP: 1.14017
2025-04-29 01:31:31,176 - trading_bot - INFO - Active position exists for EURUSD, skipping
2025-04-29 01:31:31,180 - trading_bot - INFO - Calculated levels - Entry: 1.34351, SL: 1.34376, TP: 1.34276
2025-04-29 01:31:31,181 - trading_bot - INFO - Active position exists for GBPUSD, skipping
2025-04-29 01:31:31,184 - trading_bot - INFO - Calculated levels - Entry: 142.155, SL: 142.196, TP: 142.032
2025-04-29 01:31:31,185 - trading_bot - INFO - Active position exists for USDJPY, skipping
2025-04-29 01:32:31,194 - trading_bot - INFO - Calculated levels - Entry: 1.14114, SL: 1.14146, TP: 1.14018
2025-04-29 01:32:31,194 - trading_bot - INFO - Active position exists for EURUSD, skipping
2025-04-29 01:32:31,198 - trading_bot - INFO - Calculated levels - Entry: 1.34351, SL: 1.34375, TP: 1.34279
2025-04-29 01:32:31,199 - trading_bot - INFO - Active position exists for GBPUSD, skipping
2025-04-29 01:32:31,203 - trading_bot - INFO - Calculated levels - Entry: 142.151, SL: 142.19057, TP: 142.03229
2025-04-29 01:32:31,203 - trading_bot - INFO - Active position exists for USDJPY, skipping
2025-04-29 01:33:31,221 - trading_bot - INFO - Calculated levels - Entry: 1.14115, SL: 1.14145, TP: 1.14026
2025-04-29 01:33:31,222 - trading_bot - INFO - Active position exists for EURUSD, skipping
2025-04-29 01:33:31,227 - trading_bot - INFO - Calculated levels - Entry: 1.34351, SL: 1.34373, TP: 1.34286
2025-04-29 01:33:31,228 - trading_bot - INFO - Active position exists for GBPUSD, skipping
2025-04-29 01:33:31,231 - trading_bot - INFO - Calculated levels - Entry: 142.165, SL: 142.20443, TP: 142.04671
2025-04-29 01:33:31,232 - trading_bot - INFO - Active position exists for USDJPY, skipping
2025-04-29 01:34:31,249 - trading_bot - INFO - Calculated levels - Entry: 1.14128, SL: 1.14099, TP: 1.14215
2025-04-29 01:34:31,249 - trading_bot - INFO - Active position exists for EURUSD, skipping
2025-04-29 01:34:31,254 - trading_bot - INFO - Calculated levels - Entry: 1.34362, SL: 1.34383, TP: 1.34299
2025-04-29 01:34:31,254 - trading_bot - INFO - Active position exists for GBPUSD, skipping
2025-04-29 01:34:31,260 - trading_bot - INFO - Calculated levels - Entry: 142.165, SL: 142.20343, TP: 142.04971
2025-04-29 01:34:31,260 - trading_bot - INFO - Active position exists for USDJPY, skipping
2025-04-29 01:35:31,269 - trading_bot - INFO - Calculated levels - Entry: 1.14136, SL: 1.14107, TP: 1.14223
2025-04-29 01:35:31,270 - trading_bot - INFO - Active position exists for EURUSD, skipping
2025-04-29 01:35:31,275 - trading_bot - INFO - Calculated levels - Entry: 1.34361, SL: 1.34338, TP: 1.3443
2025-04-29 01:35:31,276 - trading_bot - INFO - Active position exists for GBPUSD, skipping
2025-04-29 01:35:31,280 - trading_bot - INFO - Calculated levels - Entry: 142.154, SL: 142.19329, TP: 142.03614
2025-04-29 01:35:31,281 - trading_bot - INFO - Active position exists for USDJPY, skipping
2025-04-29 01:36:31,298 - trading_bot - INFO - Calculated levels - Entry: 1.14152, SL: 1.14124, TP: 1.14237
2025-04-29 01:36:31,298 - trading_bot - INFO - Active position exists for EURUSD, skipping
2025-04-29 01:36:31,303 - trading_bot - INFO - Calculated levels - Entry: 1.34363, SL: 1.3434, TP: 1.34432
2025-04-29 01:36:31,303 - trading_bot - INFO - Active position exists for GBPUSD, skipping
2025-04-29 01:36:31,306 - trading_bot - INFO - Calculated levels - Entry: 142.132, SL: 142.17229, TP: 142.01114
2025-04-29 01:36:31,307 - trading_bot - INFO - Active position exists for USDJPY, skipping
2025-04-29 01:37:31,324 - trading_bot - INFO - Calculated levels - Entry: 1.14149, SL: 1.14122, TP: 1.14229
2025-04-29 01:37:31,325 - trading_bot - INFO - Active position exists for EURUSD, skipping
2025-04-29 01:37:31,330 - trading_bot - INFO - Calculated levels - Entry: 1.3437, SL: 1.34347, TP: 1.34439
2025-04-29 01:37:31,330 - trading_bot - INFO - Active position exists for GBPUSD, skipping
2025-04-29 01:37:31,336 - trading_bot - INFO - Calculated levels - Entry: 142.136, SL: 142.17629, TP: 142.01514
2025-04-29 01:37:31,336 - trading_bot - INFO - Active position exists for USDJPY, skipping
2025-04-29 01:38:31,346 - trading_bot - INFO - Calculated levels - Entry: 1.14147, SL: 1.14121, TP: 1.14225
2025-04-29 01:38:31,347 - trading_bot - INFO - Active position exists for EURUSD, skipping
2025-04-29 01:38:31,351 - trading_bot - INFO - Calculated levels - Entry: 1.34362, SL: 1.34339, TP: 1.34432
2025-04-29 01:38:31,351 - trading_bot - INFO - Active position exists for GBPUSD, skipping
2025-04-29 01:38:31,356 - trading_bot - INFO - Calculated levels - Entry: 142.136, SL: 142.17557, TP: 142.01729
2025-04-29 01:38:31,361 - trading_bot - INFO - Active position exists for USDJPY, skipping
2025-04-29 01:39:31,382 - trading_bot - INFO - Calculated levels - Entry: 1.14148, SL: 1.14123, TP: 1.14222
2025-04-29 01:39:31,383 - trading_bot - INFO - Active position exists for EURUSD, skipping
2025-04-29 01:39:31,391 - trading_bot - INFO - Calculated levels - Entry: 1.34354, SL: 1.34331, TP: 1.34423
2025-04-29 01:39:31,391 - trading_bot - INFO - Active position exists for GBPUSD, skipping
2025-04-29 01:39:31,397 - trading_bot - INFO - Calculated levels - Entry: 142.145, SL: 142.18643, TP: 142.02071
2025-04-29 01:39:31,398 - trading_bot - INFO - Active position exists for USDJPY, skipping
2025-04-29 01:40:31,404 - trading_bot - INFO - Calculated levels - Entry: 1.14153, SL: 1.14129, TP: 1.14226
2025-04-29 01:40:31,404 - trading_bot - INFO - Active position exists for EURUSD, skipping
2025-04-29 01:40:31,410 - trading_bot - INFO - Calculated levels - Entry: 1.34354, SL: 1.34331, TP: 1.34422
2025-04-29 01:40:31,410 - trading_bot - INFO - Active position exists for GBPUSD, skipping
2025-04-29 01:40:31,414 - trading_bot - INFO - Calculated levels - Entry: 142.136, SL: 142.09771, TP: 142.25086
2025-04-29 01:40:31,414 - trading_bot - INFO - Active position exists for USDJPY, skipping
2025-04-29 01:41:31,432 - trading_bot - INFO - Calculated levels - Entry: 1.14148, SL: 1.14124, TP: 1.14219
2025-04-29 01:41:31,433 - trading_bot - INFO - Active position exists for EURUSD, skipping
2025-04-29 01:41:31,438 - trading_bot - INFO - Calculated levels - Entry: 1.3436, SL: 1.34337, TP: 1.34429
2025-04-29 01:41:31,438 - trading_bot - INFO - Active position exists for GBPUSD, skipping
2025-04-29 01:41:31,445 - trading_bot - INFO - Calculated levels - Entry: 142.166, SL: 142.20629, TP: 142.04514
2025-04-29 01:41:31,445 - trading_bot - INFO - Active position exists for USDJPY, skipping
2025-04-29 01:42:31,467 - trading_bot - INFO - Calculated levels - Entry: 1.1415, SL: 1.1413, TP: 1.1421
2025-04-29 01:42:31,468 - trading_bot - INFO - Active position exists for EURUSD, skipping
2025-04-29 01:42:31,473 - trading_bot - INFO - Calculated levels - Entry: 1.34352, SL: 1.34331, TP: 1.34415
2025-04-29 01:42:31,474 - trading_bot - INFO - Active position exists for GBPUSD, skipping
2025-04-29 01:42:31,480 - trading_bot - INFO - Calculated levels - Entry: 142.172, SL: 142.20757, TP: 142.06529
2025-04-29 01:42:31,481 - trading_bot - INFO - Active position exists for USDJPY, skipping
2025-04-29 01:43:31,494 - trading_bot - INFO - Calculated levels - Entry: 1.14146, SL: 1.14128, TP: 1.142
2025-04-29 01:43:31,494 - trading_bot - INFO - Active position exists for EURUSD, skipping
2025-04-29 01:43:31,498 - trading_bot - INFO - Calculated levels - Entry: 1.34352, SL: 1.34372, TP: 1.34293
2025-04-29 01:43:31,499 - trading_bot - INFO - Active position exists for GBPUSD, skipping
2025-04-29 01:43:31,503 - trading_bot - INFO - Calculated levels - Entry: 142.163, SL: 142.20086, TP: 142.04943
2025-04-29 01:43:31,503 - trading_bot - INFO - Active position exists for USDJPY, skipping
2025-04-29 01:44:31,520 - trading_bot - INFO - Calculated levels - Entry: 1.1415, SL: 1.14133, TP: 1.14201
2025-04-29 01:44:31,520 - trading_bot - INFO - Active position exists for EURUSD, skipping
2025-04-29 01:44:31,526 - trading_bot - INFO - Calculated levels - Entry: 1.34351, SL: 1.34369, TP: 1.34296
2025-04-29 01:44:31,526 - trading_bot - INFO - Active position exists for GBPUSD, skipping
2025-04-29 01:44:31,531 - trading_bot - INFO - Calculated levels - Entry: 142.171, SL: 142.13257, TP: 142.28629
2025-04-29 01:44:31,531 - trading_bot - INFO - Active position exists for USDJPY, skipping
2025-04-29 01:45:31,531 - trading_bot - INFO - Calculated levels - Entry: 1.14151, SL: 1.14168, TP: 1.14101
2025-04-29 01:45:31,531 - trading_bot - INFO - Active position exists for EURUSD, skipping
2025-04-29 01:45:31,535 - trading_bot - INFO - Calculated levels - Entry: 1.3435, SL: 1.34367, TP: 1.343
2025-04-29 01:45:31,535 - trading_bot - INFO - Active position exists for GBPUSD, skipping
2025-04-29 01:45:31,539 - trading_bot - INFO - Calculated levels - Entry: 142.165, SL: 142.12971, TP: 142.27086
2025-04-29 01:45:31,539 - trading_bot - INFO - Active position exists for USDJPY, skipping
2025-04-29 01:46:31,559 - trading_bot - INFO - Calculated levels - Entry: 1.1415, SL: 1.14166, TP: 1.14102
2025-04-29 01:46:31,559 - trading_bot - INFO - Active position exists for EURUSD, skipping
2025-04-29 01:46:31,565 - trading_bot - INFO - Calculated levels - Entry: 1.34352, SL: 1.34368, TP: 1.34303
2025-04-29 01:46:31,565 - trading_bot - INFO - Active position exists for GBPUSD, skipping
2025-04-29 01:46:31,568 - trading_bot - INFO - Calculated levels - Entry: 142.158, SL: 142.12214, TP: 142.26557
2025-04-29 01:46:31,569 - trading_bot - INFO - Active position exists for USDJPY, skipping
2025-04-29 01:47:31,583 - trading_bot - INFO - Calculated levels - Entry: 1.14147, SL: 1.14164, TP: 1.14097
2025-04-29 01:47:31,583 - trading_bot - INFO - Active position exists for EURUSD, skipping
2025-04-29 01:47:31,587 - trading_bot - INFO - Calculated levels - Entry: 1.34351, SL: 1.34367, TP: 1.34302
2025-04-29 01:47:31,587 - trading_bot - INFO - Active position exists for GBPUSD, skipping
2025-04-29 01:47:31,591 - trading_bot - INFO - Calculated levels - Entry: 142.159, SL: 142.19471, TP: 142.05186
2025-04-29 01:47:31,591 - trading_bot - INFO - Active position exists for USDJPY, skipping
2025-04-29 01:48:31,602 - trading_bot - INFO - Calculated levels - Entry: 1.14141, SL: 1.14126, TP: 1.14185
2025-04-29 01:48:31,602 - trading_bot - INFO - Active position exists for EURUSD, skipping
2025-04-29 01:48:31,606 - trading_bot - INFO - Calculated levels - Entry: 1.3435, SL: 1.34336, TP: 1.34392
2025-04-29 01:48:31,606 - trading_bot - INFO - Active position exists for GBPUSD, skipping
2025-04-29 01:48:31,611 - trading_bot - INFO - Calculated levels - Entry: 142.185, SL: 142.14286, TP: 142.31143
2025-04-29 01:48:31,611 - trading_bot - INFO - Active position exists for USDJPY, skipping
2025-04-29 01:49:31,626 - trading_bot - INFO - Calculated levels - Entry: 1.14131, SL: 1.14116, TP: 1.14176
2025-04-29 01:49:31,627 - trading_bot - INFO - Active position exists for EURUSD, skipping
2025-04-29 01:49:31,632 - trading_bot - INFO - Calculated levels - Entry: 1.34341, SL: 1.34328, TP: 1.34379
2025-04-29 01:49:31,632 - trading_bot - INFO - Active position exists for GBPUSD, skipping
2025-04-29 01:49:31,635 - trading_bot - INFO - Calculated levels - Entry: 142.195, SL: 142.15386, TP: 142.31843
2025-04-29 01:49:31,636 - trading_bot - INFO - Active position exists for USDJPY, skipping
2025-04-29 01:50:31,651 - trading_bot - INFO - Calculated levels - Entry: 1.14121, SL: 1.14108, TP: 1.14161
2025-04-29 01:50:31,651 - trading_bot - INFO - Active position exists for EURUSD, skipping
2025-04-29 01:50:31,656 - trading_bot - INFO - Calculated levels - Entry: 1.34341, SL: 1.3433, TP: 1.34374
2025-04-29 01:50:31,656 - trading_bot - INFO - Active position exists for GBPUSD, skipping
2025-04-29 01:50:31,661 - trading_bot - INFO - Calculated levels - Entry: 142.206, SL: 142.24643, TP: 142.08471
2025-04-29 01:50:31,662 - trading_bot - INFO - Active position exists for USDJPY, skipping
2025-04-29 01:51:31,669 - trading_bot - INFO - Calculated levels - Entry: 1.14127, SL: 1.14141, TP: 1.14086
2025-04-29 01:51:31,669 - trading_bot - INFO - Active position exists for EURUSD, skipping
2025-04-29 01:51:31,674 - trading_bot - INFO - Calculated levels - Entry: 1.3435, SL: 1.34361, TP: 1.34317
2025-04-29 01:51:31,675 - trading_bot - INFO - Active position exists for GBPUSD, skipping
2025-04-29 01:51:31,679 - trading_bot - INFO - Calculated levels - Entry: 142.195, SL: 142.23529, TP: 142.07414
2025-04-29 01:51:31,679 - trading_bot - INFO - Active position exists for USDJPY, skipping
2025-04-29 01:52:31,687 - trading_bot - INFO - Calculated levels - Entry: 1.1413, SL: 1.14143, TP: 1.1409
2025-04-29 01:52:31,687 - trading_bot - INFO - Active position exists for EURUSD, skipping
2025-04-29 01:52:31,691 - trading_bot - INFO - Calculated levels - Entry: 1.3435, SL: 1.3434, TP: 1.34381
2025-04-29 01:52:31,692 - trading_bot - INFO - Active position exists for GBPUSD, skipping
2025-04-29 01:52:31,696 - trading_bot - INFO - Calculated levels - Entry: 142.196, SL: 142.236, TP: 142.076
2025-04-29 01:52:31,696 - trading_bot - INFO - Active position exists for USDJPY, skipping
2025-04-29 01:53:31,712 - trading_bot - INFO - Calculated levels - Entry: 1.14129, SL: 1.14116, TP: 1.14169
2025-04-29 01:53:31,712 - trading_bot - INFO - Active position exists for EURUSD, skipping
2025-04-29 01:53:31,718 - trading_bot - INFO - Calculated levels - Entry: 1.34345, SL: 1.34335, TP: 1.34374
2025-04-29 01:53:31,718 - trading_bot - INFO - Active position exists for GBPUSD, skipping
2025-04-29 01:53:31,722 - trading_bot - INFO - Calculated levels - Entry: 142.198, SL: 142.23514, TP: 142.08657
2025-04-29 01:53:31,722 - trading_bot - INFO - Active position exists for USDJPY, skipping
2025-04-29 01:54:31,735 - trading_bot - INFO - Calculated levels - Entry: 1.1413, SL: 1.14117, TP: 1.14169
2025-04-29 01:54:31,736 - trading_bot - INFO - Active position exists for EURUSD, skipping
2025-04-29 01:54:31,740 - trading_bot - INFO - Calculated levels - Entry: 1.34346, SL: 1.34337, TP: 1.34373
2025-04-29 01:54:31,742 - trading_bot - INFO - Active position exists for GBPUSD, skipping
2025-04-29 01:54:31,747 - trading_bot - INFO - Calculated levels - Entry: 142.204, SL: 142.24186, TP: 142.09043
2025-04-29 01:54:31,747 - trading_bot - INFO - Active position exists for USDJPY, skipping
2025-04-29 01:55:31,762 - trading_bot - INFO - Calculated levels - Entry: 1.14137, SL: 1.14151, TP: 1.14095
2025-04-29 01:55:31,762 - trading_bot - INFO - Active position exists for EURUSD, skipping
2025-04-29 01:55:31,767 - trading_bot - INFO - Calculated levels - Entry: 1.34352, SL: 1.34343, TP: 1.34378
2025-04-29 01:55:31,768 - trading_bot - INFO - Active position exists for GBPUSD, skipping
2025-04-29 01:55:31,772 - trading_bot - INFO - Calculated levels - Entry: 142.195, SL: 142.16043, TP: 142.29871
2025-04-29 01:55:31,772 - trading_bot - INFO - Active position exists for USDJPY, skipping
2025-04-29 01:56:31,784 - trading_bot - INFO - Calculated levels - Entry: 1.14137, SL: 1.14151, TP: 1.14095
2025-04-29 01:56:31,785 - trading_bot - INFO - Active position exists for EURUSD, skipping
2025-04-29 01:56:31,789 - trading_bot - INFO - Calculated levels - Entry: 1.34353, SL: 1.34344, TP: 1.34379
2025-04-29 01:56:31,789 - trading_bot - INFO - Active position exists for GBPUSD, skipping
2025-04-29 01:56:31,793 - trading_bot - INFO - Calculated levels - Entry: 142.194, SL: 142.15886, TP: 142.29943
2025-04-29 01:56:31,793 - trading_bot - INFO - Active position exists for USDJPY, skipping
2025-04-29 01:57:31,807 - trading_bot - INFO - Calculated levels - Entry: 1.14141, SL: 1.14127, TP: 1.14184
2025-04-29 01:57:31,807 - trading_bot - INFO - Active position exists for EURUSD, skipping
2025-04-29 01:57:31,812 - trading_bot - INFO - Calculated levels - Entry: 1.34359, SL: 1.34349, TP: 1.34389
2025-04-29 01:57:31,812 - trading_bot - INFO - Active position exists for GBPUSD, skipping
2025-04-29 01:57:31,815 - trading_bot - INFO - Calculated levels - Entry: 142.194, SL: 142.16229, TP: 142.28914
2025-04-29 01:57:31,815 - trading_bot - INFO - Active position exists for USDJPY, skipping
2025-04-29 01:58:31,825 - trading_bot - INFO - Calculated levels - Entry: 1.14123, SL: 1.1414, TP: 1.14072
2025-04-29 01:58:31,825 - trading_bot - INFO - Active position exists for EURUSD, skipping
2025-04-29 01:58:31,829 - trading_bot - INFO - Calculated levels - Entry: 1.3435, SL: 1.34338, TP: 1.34386
2025-04-29 01:58:31,830 - trading_bot - INFO - Active position exists for GBPUSD, skipping
2025-04-29 01:58:31,834 - trading_bot - INFO - Calculated levels - Entry: 142.213, SL: 142.18086, TP: 142.30943
2025-04-29 01:58:31,834 - trading_bot - INFO - Active position exists for USDJPY, skipping
2025-04-29 01:59:31,852 - trading_bot - INFO - Calculated levels - Entry: 1.14123, SL: 1.14106, TP: 1.14174
2025-04-29 01:59:31,852 - trading_bot - INFO - Active position exists for EURUSD, skipping
2025-04-29 01:59:31,859 - trading_bot - INFO - Calculated levels - Entry: 1.3435, SL: 1.34336, TP: 1.34392
2025-04-29 01:59:31,859 - trading_bot - INFO - Active position exists for GBPUSD, skipping
2025-04-29 01:59:31,862 - trading_bot - INFO - Calculated levels - Entry: 142.213, SL: 142.18143, TP: 142.30771
2025-04-29 01:59:31,862 - trading_bot - INFO - Active position exists for USDJPY, skipping
2025-04-29 02:00:31,873 - trading_bot - INFO - Calculated levels - Entry: 1.14124, SL: 1.14106, TP: 1.14177
2025-04-29 02:00:31,874 - trading_bot - INFO - Active position exists for EURUSD, skipping
2025-04-29 02:00:31,878 - trading_bot - INFO - Calculated levels - Entry: 1.3435, SL: 1.34336, TP: 1.34391
2025-04-29 02:00:31,879 - trading_bot - INFO - Active position exists for GBPUSD, skipping
2025-04-29 02:00:31,883 - trading_bot - INFO - Calculated levels - Entry: 142.206, SL: 142.23529, TP: 142.11814
2025-04-29 02:00:31,883 - trading_bot - INFO - Active position exists for USDJPY, skipping
2025-04-29 02:01:31,893 - trading_bot - INFO - Calculated levels - Entry: 1.14145, SL: 1.14125, TP: 1.14205
2025-04-29 02:01:31,894 - trading_bot - INFO - Active position exists for EURUSD, skipping
2025-04-29 02:01:31,898 - trading_bot - INFO - Calculated levels - Entry: 1.34352, SL: 1.34337, TP: 1.34397
2025-04-29 02:01:31,899 - trading_bot - INFO - Active position exists for GBPUSD, skipping
2025-04-29 02:01:31,903 - trading_bot - INFO - Calculated levels - Entry: 142.183, SL: 142.21471, TP: 142.08786
2025-04-29 02:01:31,903 - trading_bot - INFO - Active position exists for USDJPY, skipping
2025-04-29 02:02:31,913 - trading_bot - INFO - Calculated levels - Entry: 1.14152, SL: 1.14131, TP: 1.14215
2025-04-29 02:02:31,913 - trading_bot - INFO - Active position exists for EURUSD, skipping
2025-04-29 02:02:31,921 - trading_bot - INFO - Calculated levels - Entry: 1.34354, SL: 1.34336, TP: 1.34407
2025-04-29 02:02:31,921 - trading_bot - INFO - Active position exists for GBPUSD, skipping
2025-04-29 02:02:31,928 - trading_bot - INFO - Calculated levels - Entry: 142.172, SL: 142.20243, TP: 142.08071
2025-04-29 02:02:31,929 - trading_bot - INFO - Active position exists for USDJPY, skipping
2025-04-29 02:03:31,942 - trading_bot - INFO - Calculated levels - Entry: 1.14157, SL: 1.14136, TP: 1.1422
2025-04-29 02:03:31,942 - trading_bot - INFO - Active position exists for EURUSD, skipping
2025-04-29 02:03:31,947 - trading_bot - INFO - Calculated levels - Entry: 1.34363, SL: 1.34382, TP: 1.34307
2025-04-29 02:03:31,947 - trading_bot - INFO - Active position exists for GBPUSD, skipping
2025-04-29 02:03:31,953 - trading_bot - INFO - Calculated levels - Entry: 142.19, SL: 142.22014, TP: 142.09957
2025-04-29 02:03:31,953 - trading_bot - INFO - Active position exists for USDJPY, skipping
2025-04-29 02:04:31,960 - trading_bot - INFO - Calculated levels - Entry: 1.14164, SL: 1.14186, TP: 1.14098
2025-04-29 02:04:31,961 - trading_bot - INFO - Active position exists for EURUSD, skipping
2025-04-29 02:04:31,965 - trading_bot - INFO - Calculated levels - Entry: 1.34371, SL: 1.34391, TP: 1.34311
2025-04-29 02:04:31,965 - trading_bot - INFO - Active position exists for GBPUSD, skipping
2025-04-29 02:04:31,970 - trading_bot - INFO - Calculated levels - Entry: 142.153, SL: 142.11929, TP: 142.25414
2025-04-29 02:04:31,971 - trading_bot - INFO - Active position exists for USDJPY, skipping
2025-04-29 02:05:31,982 - trading_bot - INFO - Calculated levels - Entry: 1.14192, SL: 1.14217, TP: 1.14116
2025-04-29 02:05:31,982 - trading_bot - INFO - Active position exists for EURUSD, skipping
2025-04-29 02:05:31,987 - trading_bot - INFO - Calculated levels - Entry: 1.34395, SL: 1.34419, TP: 1.34323
2025-04-29 02:05:31,987 - trading_bot - INFO - Active position exists for GBPUSD, skipping
2025-04-29 02:05:31,990 - trading_bot - INFO - Calculated levels - Entry: 142.116, SL: 142.078, TP: 142.23
2025-04-29 02:05:31,991 - trading_bot - INFO - Active position exists for USDJPY, skipping
2025-04-29 02:06:32,005 - trading_bot - INFO - Calculated levels - Entry: 1.14191, SL: 1.14218, TP: 1.1411
2025-04-29 02:06:32,006 - trading_bot - INFO - Active position exists for EURUSD, skipping
2025-04-29 02:06:32,011 - trading_bot - INFO - Calculated levels - Entry: 1.3439, SL: 1.34414, TP: 1.34319
2025-04-29 02:06:32,012 - trading_bot - INFO - Active position exists for GBPUSD, skipping
2025-04-29 02:06:32,016 - trading_bot - INFO - Calculated levels - Entry: 142.076, SL: 142.03286, TP: 142.20543
2025-04-29 02:06:32,016 - trading_bot - INFO - Active position exists for USDJPY, skipping
2025-04-29 02:07:32,027 - trading_bot - INFO - Calculated levels - Entry: 1.14192, SL: 1.14222, TP: 1.14102
2025-04-29 02:07:32,027 - trading_bot - INFO - Active position exists for EURUSD, skipping
2025-04-29 02:07:32,031 - trading_bot - INFO - Calculated levels - Entry: 1.34406, SL: 1.34433, TP: 1.34326
2025-04-29 02:07:32,032 - trading_bot - INFO - Active position exists for GBPUSD, skipping
2025-04-29 02:07:32,035 - trading_bot - INFO - Calculated levels - Entry: 142.094, SL: 142.04457, TP: 142.24229
2025-04-29 02:07:32,036 - trading_bot - INFO - Active position exists for USDJPY, skipping
2025-04-29 02:08:32,045 - trading_bot - INFO - Calculated levels - Entry: 1.14206, SL: 1.14238, TP: 1.14109
2025-04-29 02:08:32,045 - trading_bot - INFO - Active position exists for EURUSD, skipping
2025-04-29 02:08:32,049 - trading_bot - INFO - Calculated levels - Entry: 1.34417, SL: 1.34446, TP: 1.34331
2025-04-29 02:08:32,050 - trading_bot - INFO - Active position exists for GBPUSD, skipping
2025-04-29 02:08:32,054 - trading_bot - INFO - Calculated levels - Entry: 142.115, SL: 142.06043, TP: 142.27871
2025-04-29 02:08:32,054 - trading_bot - INFO - Active position exists for USDJPY, skipping
2025-04-29 02:09:32,067 - trading_bot - INFO - Calculated levels - Entry: 1.1413, SL: 1.14089, TP: 1.14253
2025-04-29 02:09:32,067 - trading_bot - INFO - Active position exists for EURUSD, skipping
2025-04-29 02:09:32,073 - trading_bot - INFO - Calculated levels - Entry: 1.34372, SL: 1.34337, TP: 1.34478
2025-04-29 02:09:32,073 - trading_bot - INFO - Active position exists for GBPUSD, skipping
2025-04-29 02:09:32,076 - trading_bot - INFO - Calculated levels - Entry: 142.203, SL: 142.26671, TP: 142.01186
2025-04-29 02:09:32,077 - trading_bot - INFO - Active position exists for USDJPY, skipping
2025-04-29 02:10:32,084 - trading_bot - INFO - Calculated levels - Entry: 1.1411, SL: 1.14163, TP: 1.13952
2025-04-29 02:10:32,084 - trading_bot - INFO - Active position exists for EURUSD, skipping
2025-04-29 02:10:32,089 - trading_bot - INFO - Calculated levels - Entry: 1.3436, SL: 1.34317, TP: 1.3449
2025-04-29 02:10:32,089 - trading_bot - INFO - Active position exists for GBPUSD, skipping
2025-04-29 02:10:32,094 - trading_bot - INFO - Calculated levels - Entry: 142.207, SL: 142.13086, TP: 142.43543
2025-04-29 02:10:32,094 - trading_bot - INFO - Active position exists for USDJPY, skipping
2025-04-29 02:11:32,107 - trading_bot - INFO - Calculated levels - Entry: 1.1409, SL: 1.14146, TP: 1.13923
2025-04-29 02:11:32,107 - trading_bot - INFO - Active position exists for EURUSD, skipping
2025-04-29 02:11:32,112 - trading_bot - INFO - Calculated levels - Entry: 1.34341, SL: 1.34386, TP: 1.34205
2025-04-29 02:11:32,113 - trading_bot - INFO - Active position exists for GBPUSD, skipping
2025-04-29 02:11:32,116 - trading_bot - INFO - Calculated levels - Entry: 142.247, SL: 142.16786, TP: 142.48443
2025-04-29 02:11:32,116 - trading_bot - INFO - Active position exists for USDJPY, skipping
2025-04-29 02:12:32,127 - trading_bot - INFO - Calculated levels - Entry: 1.14068, SL: 1.14125, TP: 1.13898
2025-04-29 02:12:32,127 - trading_bot - INFO - Active position exists for EURUSD, skipping
2025-04-29 02:12:32,132 - trading_bot - INFO - Calculated levels - Entry: 1.34322, SL: 1.34369, TP: 1.34181
2025-04-29 02:12:32,132 - trading_bot - INFO - Active position exists for GBPUSD, skipping
2025-04-29 02:12:32,137 - trading_bot - INFO - Calculated levels - Entry: 142.265, SL: 142.18329, TP: 142.51014
2025-04-29 02:12:32,137 - trading_bot - INFO - Active position exists for USDJPY, skipping
2025-04-29 02:13:32,148 - trading_bot - INFO - Calculated levels - Entry: 1.14078, SL: 1.14137, TP: 1.13901
2025-04-29 02:13:32,148 - trading_bot - INFO - Active position exists for EURUSD, skipping
2025-04-29 02:13:32,153 - trading_bot - INFO - Calculated levels - Entry: 1.3433, SL: 1.34378, TP: 1.34186
2025-04-29 02:13:32,153 - trading_bot - INFO - Active position exists for GBPUSD, skipping
2025-04-29 02:13:32,161 - trading_bot - INFO - Calculated levels - Entry: 142.256, SL: 142.17257, TP: 142.50629
2025-04-29 02:13:32,161 - trading_bot - INFO - Active position exists for USDJPY, skipping
2025-04-29 02:14:32,170 - trading_bot - INFO - Calculated levels - Entry: 1.1408, SL: 1.1414, TP: 1.139
2025-04-29 02:14:32,171 - trading_bot - INFO - Active position exists for EURUSD, skipping
2025-04-29 02:14:32,175 - trading_bot - INFO - Calculated levels - Entry: 1.34334, SL: 1.34384, TP: 1.34184
2025-04-29 02:14:32,176 - trading_bot - INFO - Active position exists for GBPUSD, skipping
2025-04-29 02:14:32,180 - trading_bot - INFO - Calculated levels - Entry: 142.234, SL: 142.14643, TP: 142.49671
2025-04-29 02:14:32,180 - trading_bot - INFO - Active position exists for USDJPY, skipping
2025-04-29 02:15:32,196 - trading_bot - INFO - Calculated levels - Entry: 1.14062, SL: 1.14121, TP: 1.13885
2025-04-29 02:15:32,196 - trading_bot - INFO - Active position exists for EURUSD, skipping
2025-04-29 02:15:32,201 - trading_bot - INFO - Calculated levels - Entry: 1.34314, SL: 1.34365, TP: 1.3416
2025-04-29 02:15:32,201 - trading_bot - INFO - Active position exists for GBPUSD, skipping
2025-04-29 02:15:32,205 - trading_bot - INFO - Calculated levels - Entry: 142.253, SL: 142.168, TP: 142.508
2025-04-29 02:15:32,205 - trading_bot - INFO - Active position exists for USDJPY, skipping
2025-04-29 02:16:32,219 - trading_bot - INFO - Calculated levels - Entry: 1.14052, SL: 1.13992, TP: 1.14231
2025-04-29 02:16:32,219 - trading_bot - INFO - Active position exists for EURUSD, skipping
2025-04-29 02:16:32,225 - trading_bot - INFO - Calculated levels - Entry: 1.34307, SL: 1.34359, TP: 1.34152
2025-04-29 02:16:32,226 - trading_bot - INFO - Active position exists for GBPUSD, skipping
2025-04-29 02:16:32,231 - trading_bot - INFO - Calculated levels - Entry: 142.285, SL: 142.19971, TP: 142.54086
2025-04-29 02:16:32,232 - trading_bot - INFO - Active position exists for USDJPY, skipping
2025-04-29 02:17:32,250 - trading_bot - INFO - Calculated levels - Entry: 1.14052, SL: 1.13993, TP: 1.14229
2025-04-29 02:17:32,250 - trading_bot - INFO - Active position exists for EURUSD, skipping
2025-04-29 02:17:32,256 - trading_bot - INFO - Calculated levels - Entry: 1.34331, SL: 1.34384, TP: 1.34172
2025-04-29 02:17:32,256 - trading_bot - INFO - Active position exists for GBPUSD, skipping
2025-04-29 02:17:32,259 - trading_bot - INFO - Calculated levels - Entry: 142.264, SL: 142.18057, TP: 142.51429
2025-04-29 02:17:32,260 - trading_bot - INFO - Active position exists for USDJPY, skipping
2025-04-29 02:18:32,266 - trading_bot - INFO - Calculated levels - Entry: 1.14048, SL: 1.1399, TP: 1.14222
2025-04-29 02:18:32,266 - trading_bot - INFO - Active position exists for EURUSD, skipping
2025-04-29 02:18:32,270 - trading_bot - INFO - Calculated levels - Entry: 1.34322, SL: 1.34374, TP: 1.34165
2025-04-29 02:18:32,270 - trading_bot - INFO - Active position exists for GBPUSD, skipping
2025-04-29 02:18:32,274 - trading_bot - INFO - Calculated levels - Entry: 142.243, SL: 142.159, TP: 142.495
2025-04-29 02:18:32,275 - trading_bot - INFO - Active position exists for USDJPY, skipping
2025-04-29 02:19:32,292 - trading_bot - INFO - Calculated levels - Entry: 1.14037, SL: 1.13982, TP: 1.14203
2025-04-29 02:19:32,293 - trading_bot - INFO - Active position exists for EURUSD, skipping
2025-04-29 02:19:32,300 - trading_bot - INFO - Calculated levels - Entry: 1.34312, SL: 1.34361, TP: 1.34165
2025-04-29 02:19:32,301 - trading_bot - INFO - Active position exists for GBPUSD, skipping
2025-04-29 02:19:32,305 - trading_bot - INFO - Calculated levels - Entry: 142.264, SL: 142.34586, TP: 142.01843
2025-04-29 02:19:32,305 - trading_bot - INFO - Active position exists for USDJPY, skipping
2025-04-29 02:20:32,316 - trading_bot - INFO - Calculated levels - Entry: 1.14028, SL: 1.13974, TP: 1.14191
2025-04-29 02:20:32,316 - trading_bot - INFO - Active position exists for EURUSD, skipping
2025-04-29 02:20:32,322 - trading_bot - INFO - Calculated levels - Entry: 1.34311, SL: 1.34262, TP: 1.34457
2025-04-29 02:20:32,322 - trading_bot - INFO - Active position exists for GBPUSD, skipping
2025-04-29 02:20:32,326 - trading_bot - INFO - Calculated levels - Entry: 142.273, SL: 142.35271, TP: 142.03386
2025-04-29 02:20:32,326 - trading_bot - INFO - Active position exists for USDJPY, skipping
2025-04-29 02:21:32,346 - trading_bot - INFO - Calculated levels - Entry: 1.14022, SL: 1.1397, TP: 1.14179
2025-04-29 02:21:32,347 - trading_bot - INFO - Active position exists for EURUSD, skipping
2025-04-29 02:21:32,353 - trading_bot - INFO - Calculated levels - Entry: 1.34301, SL: 1.34254, TP: 1.34442
2025-04-29 02:21:32,354 - trading_bot - INFO - Active position exists for GBPUSD, skipping
2025-04-29 02:21:32,358 - trading_bot - INFO - Calculated levels - Entry: 142.264, SL: 142.34129, TP: 142.03214
2025-04-29 02:21:32,358 - trading_bot - INFO - Active position exists for USDJPY, skipping
2025-04-29 02:22:32,368 - trading_bot - INFO - Calculated levels - Entry: 1.14025, SL: 1.1397, TP: 1.1419
2025-04-29 02:22:32,369 - trading_bot - INFO - Active position exists for EURUSD, skipping
2025-04-29 02:22:32,373 - trading_bot - INFO - Calculated levels - Entry: 1.3431, SL: 1.34262, TP: 1.34454
2025-04-29 02:22:32,373 - trading_bot - INFO - Active position exists for GBPUSD, skipping
2025-04-29 02:22:32,378 - trading_bot - INFO - Calculated levels - Entry: 142.269, SL: 142.34343, TP: 142.04571
2025-04-29 02:22:32,379 - trading_bot - INFO - Active position exists for USDJPY, skipping
2025-04-29 02:23:32,386 - trading_bot - INFO - Calculated levels - Entry: 1.14042, SL: 1.13999, TP: 1.14171
2025-04-29 02:23:32,388 - trading_bot - INFO - Active position exists for EURUSD, skipping
2025-04-29 02:23:32,394 - trading_bot - INFO - Calculated levels - Entry: 1.34311, SL: 1.3435, TP: 1.34193
2025-04-29 02:23:32,395 - trading_bot - INFO - Active position exists for GBPUSD, skipping
2025-04-29 02:23:32,399 - trading_bot - INFO - Calculated levels - Entry: 142.274, SL: 142.33257, TP: 142.09829
2025-04-29 02:23:32,400 - trading_bot - INFO - Active position exists for USDJPY, skipping
2025-04-29 02:24:32,408 - trading_bot - INFO - Calculated levels - Entry: 1.14062, SL: 1.14101, TP: 1.13945
2025-04-29 02:24:32,408 - trading_bot - INFO - Active position exists for EURUSD, skipping
2025-04-29 02:24:32,413 - trading_bot - INFO - Calculated levels - Entry: 1.34322, SL: 1.34358, TP: 1.34214
2025-04-29 02:24:32,414 - trading_bot - INFO - Active position exists for GBPUSD, skipping
2025-04-29 02:24:32,420 - trading_bot - INFO - Calculated levels - Entry: 142.286, SL: 142.34157, TP: 142.11929
2025-04-29 02:24:32,421 - trading_bot - INFO - Active position exists for USDJPY, skipping
2025-04-29 02:25:32,430 - trading_bot - INFO - Calculated levels - Entry: 1.14061, SL: 1.14026, TP: 1.14166
2025-04-29 02:25:32,430 - trading_bot - INFO - Active position exists for EURUSD, skipping
2025-04-29 02:25:32,435 - trading_bot - INFO - Calculated levels - Entry: 1.34326, SL: 1.3436, TP: 1.34223
2025-04-29 02:25:32,435 - trading_bot - INFO - Active position exists for GBPUSD, skipping
2025-04-29 02:25:32,438 - trading_bot - INFO - Calculated levels - Entry: 142.284, SL: 142.33757, TP: 142.12329
2025-04-29 02:25:32,439 - trading_bot - INFO - Active position exists for USDJPY, skipping
2025-04-29 02:26:32,450 - trading_bot - INFO - Calculated levels - Entry: 1.14044, SL: 1.1401, TP: 1.14145
2025-04-29 02:26:32,450 - trading_bot - INFO - Active position exists for EURUSD, skipping
2025-04-29 02:26:32,454 - trading_bot - INFO - Calculated levels - Entry: 1.3431, SL: 1.34277, TP: 1.34409
2025-04-29 02:26:32,454 - trading_bot - INFO - Active position exists for GBPUSD, skipping
2025-04-29 02:26:32,458 - trading_bot - INFO - Calculated levels - Entry: 142.296, SL: 142.34529, TP: 142.14814
2025-04-29 02:26:32,459 - trading_bot - INFO - Active position exists for USDJPY, skipping
2025-04-29 02:27:32,472 - trading_bot - INFO - Calculated levels - Entry: 1.14037, SL: 1.14005, TP: 1.14132
2025-04-29 02:27:32,472 - trading_bot - INFO - Active position exists for EURUSD, skipping
2025-04-29 02:27:32,476 - trading_bot - INFO - Calculated levels - Entry: 1.34305, SL: 1.34336, TP: 1.34211
2025-04-29 02:27:32,477 - trading_bot - INFO - Active position exists for GBPUSD, skipping
2025-04-29 02:27:32,481 - trading_bot - INFO - Calculated levels - Entry: 142.289, SL: 142.24, TP: 142.436
2025-04-29 02:27:32,481 - trading_bot - INFO - Active position exists for USDJPY, skipping
2025-04-29 02:28:32,499 - trading_bot - INFO - Calculated levels - Entry: 1.14053, SL: 1.14019, TP: 1.14154
2025-04-29 02:28:32,500 - trading_bot - INFO - Active position exists for EURUSD, skipping
2025-04-29 02:28:32,503 - trading_bot - INFO - Calculated levels - Entry: 1.3431, SL: 1.34341, TP: 1.34217
2025-04-29 02:28:32,505 - trading_bot - INFO - Active position exists for GBPUSD, skipping
2025-04-29 02:28:32,508 - trading_bot - INFO - Calculated levels - Entry: 142.286, SL: 142.33186, TP: 142.14843
2025-04-29 02:28:32,508 - trading_bot - INFO - Active position exists for USDJPY, skipping
2025-04-29 02:29:32,523 - trading_bot - INFO - Calculated levels - Entry: 1.14053, SL: 1.14022, TP: 1.14147
2025-04-29 02:29:32,523 - trading_bot - INFO - Active position exists for EURUSD, skipping
2025-04-29 02:29:32,527 - trading_bot - INFO - Calculated levels - Entry: 1.3431, SL: 1.34282, TP: 1.34395
2025-04-29 02:29:32,528 - trading_bot - INFO - Active position exists for GBPUSD, skipping
2025-04-29 02:29:32,532 - trading_bot - INFO - Calculated levels - Entry: 142.285, SL: 142.32786, TP: 142.15643
2025-04-29 02:29:32,532 - trading_bot - INFO - Active position exists for USDJPY, skipping
2025-04-29 02:30:32,544 - trading_bot - INFO - Calculated levels - Entry: 1.14058, SL: 1.14028, TP: 1.14148
2025-04-29 02:30:32,544 - trading_bot - INFO - Active position exists for EURUSD, skipping
2025-04-29 02:30:32,549 - trading_bot - INFO - Calculated levels - Entry: 1.3432, SL: 1.34293, TP: 1.344
2025-04-29 02:30:32,549 - trading_bot - INFO - Active position exists for GBPUSD, skipping
2025-04-29 02:30:32,552 - trading_bot - INFO - Calculated levels - Entry: 142.27, SL: 142.31086, TP: 142.14743
2025-04-29 02:30:32,553 - trading_bot - INFO - Active position exists for USDJPY, skipping
2025-04-29 02:31:32,568 - trading_bot - INFO - Calculated levels - Entry: 1.14063, SL: 1.14033, TP: 1.14153
2025-04-29 02:31:32,569 - trading_bot - INFO - Active position exists for EURUSD, skipping
2025-04-29 02:31:32,572 - trading_bot - INFO - Calculated levels - Entry: 1.34321, SL: 1.34297, TP: 1.34392
2025-04-29 02:31:32,572 - trading_bot - INFO - Active position exists for GBPUSD, skipping
2025-04-29 02:31:32,576 - trading_bot - INFO - Calculated levels - Entry: 142.257, SL: 142.29929, TP: 142.13014
2025-04-29 02:31:32,576 - trading_bot - INFO - Active position exists for USDJPY, skipping
2025-04-29 02:32:32,595 - trading_bot - INFO - Calculated levels - Entry: 1.14051, SL: 1.14021, TP: 1.14142
2025-04-29 02:32:32,595 - trading_bot - INFO - Active position exists for EURUSD, skipping
2025-04-29 02:32:32,598 - trading_bot - INFO - Calculated levels - Entry: 1.34318, SL: 1.34294, TP: 1.34389
2025-04-29 02:32:32,599 - trading_bot - INFO - Active position exists for GBPUSD, skipping
2025-04-29 02:32:32,602 - trading_bot - INFO - Calculated levels - Entry: 142.276, SL: 142.31557, TP: 142.15729
2025-04-29 02:32:32,603 - trading_bot - INFO - Active position exists for USDJPY, skipping
2025-04-29 02:33:32,609 - trading_bot - INFO - Calculated levels - Entry: 1.14043, SL: 1.14012, TP: 1.14136
2025-04-29 02:33:32,609 - trading_bot - INFO - Active position exists for EURUSD, skipping
2025-04-29 02:33:32,613 - trading_bot - INFO - Calculated levels - Entry: 1.34315, SL: 1.34291, TP: 1.34386
2025-04-29 02:33:32,613 - trading_bot - INFO - Active position exists for GBPUSD, skipping
2025-04-29 02:33:32,617 - trading_bot - INFO - Calculated levels - Entry: 142.264, SL: 142.30143, TP: 142.15171
2025-04-29 02:33:32,618 - trading_bot - INFO - Active position exists for USDJPY, skipping
2025-04-29 02:34:32,637 - trading_bot - INFO - Calculated levels - Entry: 1.14047, SL: 1.14016, TP: 1.14139
2025-04-29 02:34:32,637 - trading_bot - INFO - Active position exists for EURUSD, skipping
2025-04-29 02:34:32,643 - trading_bot - INFO - Calculated levels - Entry: 1.34316, SL: 1.34293, TP: 1.34386
2025-04-29 02:34:32,643 - trading_bot - INFO - Active position exists for GBPUSD, skipping
2025-04-29 02:34:32,647 - trading_bot - INFO - Calculated levels - Entry: 142.273, SL: 142.31157, TP: 142.15729
2025-04-29 02:34:32,647 - trading_bot - INFO - Active position exists for USDJPY, skipping
2025-04-29 02:35:32,653 - trading_bot - INFO - Calculated levels - Entry: 1.14063, SL: 1.14032, TP: 1.14156
2025-04-29 02:35:32,653 - trading_bot - INFO - Active position exists for EURUSD, skipping
2025-04-29 02:35:32,658 - trading_bot - INFO - Calculated levels - Entry: 1.34325, SL: 1.34303, TP: 1.34392
2025-04-29 02:35:32,658 - trading_bot - INFO - Active position exists for GBPUSD, skipping
2025-04-29 02:35:32,662 - trading_bot - INFO - Calculated levels - Entry: 142.264, SL: 142.30029, TP: 142.15514
2025-04-29 02:35:32,662 - trading_bot - INFO - Active position exists for USDJPY, skipping
2025-04-29 02:36:32,680 - trading_bot - INFO - Calculated levels - Entry: 1.14057, SL: 1.14028, TP: 1.14143
2025-04-29 02:36:32,681 - trading_bot - INFO - Active position exists for EURUSD, skipping
2025-04-29 02:36:32,685 - trading_bot - INFO - Calculated levels - Entry: 1.34319, SL: 1.34299, TP: 1.34379
2025-04-29 02:36:32,686 - trading_bot - INFO - Active position exists for GBPUSD, skipping
2025-04-29 02:36:32,690 - trading_bot - INFO - Calculated levels - Entry: 142.275, SL: 142.31043, TP: 142.16871
2025-04-29 02:36:32,690 - trading_bot - INFO - Active position exists for USDJPY, skipping
2025-04-29 02:37:32,695 - trading_bot - INFO - Calculated levels - Entry: 1.14051, SL: 1.14025, TP: 1.14129
2025-04-29 02:37:32,695 - trading_bot - INFO - Active position exists for EURUSD, skipping
2025-04-29 02:37:32,700 - trading_bot - INFO - Calculated levels - Entry: 1.34319, SL: 1.34301, TP: 1.34373
2025-04-29 02:37:32,700 - trading_bot - INFO - Active position exists for GBPUSD, skipping
2025-04-29 02:37:32,705 - trading_bot - INFO - Calculated levels - Entry: 142.275, SL: 142.30957, TP: 142.17129
2025-04-29 02:37:32,706 - trading_bot - INFO - Active position exists for USDJPY, skipping
2025-04-29 02:38:32,724 - trading_bot - INFO - Calculated levels - Entry: 1.14052, SL: 1.14028, TP: 1.14125
2025-04-29 02:38:32,724 - trading_bot - INFO - Active position exists for EURUSD, skipping
2025-04-29 02:38:32,728 - trading_bot - INFO - Calculated levels - Entry: 1.34322, SL: 1.34304, TP: 1.34376
2025-04-29 02:38:32,728 - trading_bot - INFO - Active position exists for GBPUSD, skipping
2025-04-29 02:38:32,732 - trading_bot - INFO - Calculated levels - Entry: 142.279, SL: 142.31257, TP: 142.17829
2025-04-29 02:38:32,733 - trading_bot - INFO - Active position exists for USDJPY, skipping
2025-04-29 02:39:32,745 - trading_bot - INFO - Calculated levels - Entry: 1.14053, SL: 1.14028, TP: 1.14128
2025-04-29 02:39:32,745 - trading_bot - INFO - Active position exists for EURUSD, skipping
2025-04-29 02:39:32,750 - trading_bot - INFO - Calculated levels - Entry: 1.34319, SL: 1.34301, TP: 1.34372
2025-04-29 02:39:32,750 - trading_bot - INFO - Active position exists for GBPUSD, skipping
2025-04-29 02:39:32,754 - trading_bot - INFO - Calculated levels - Entry: 142.263, SL: 142.29886, TP: 142.15543
2025-04-29 02:39:32,754 - trading_bot - INFO - Active position exists for USDJPY, skipping
2025-04-29 02:40:32,765 - trading_bot - INFO - Calculated levels - Entry: 1.14052, SL: 1.14028, TP: 1.14124
2025-04-29 02:40:32,765 - trading_bot - INFO - Active position exists for EURUSD, skipping
2025-04-29 02:40:32,770 - trading_bot - INFO - Calculated levels - Entry: 1.34316, SL: 1.343, TP: 1.34363
2025-04-29 02:40:32,770 - trading_bot - INFO - Active position exists for GBPUSD, skipping
2025-04-29 02:40:32,773 - trading_bot - INFO - Calculated levels - Entry: 142.26, SL: 142.29871, TP: 142.14386
2025-04-29 02:40:32,774 - trading_bot - INFO - Active position exists for USDJPY, skipping
2025-04-29 02:41:32,778 - trading_bot - INFO - Calculated levels - Entry: 1.14058, SL: 1.14036, TP: 1.14125
2025-04-29 02:41:32,779 - trading_bot - INFO - Active position exists for EURUSD, skipping
2025-04-29 02:41:32,786 - trading_bot - INFO - Calculated levels - Entry: 1.34321, SL: 1.34306, TP: 1.34365
2025-04-29 02:41:32,786 - trading_bot - INFO - Active position exists for GBPUSD, skipping
2025-04-29 02:41:32,790 - trading_bot - INFO - Calculated levels - Entry: 142.266, SL: 142.304, TP: 142.152
2025-04-29 02:41:32,792 - trading_bot - INFO - Active position exists for USDJPY, skipping
2025-04-29 02:42:32,806 - trading_bot - INFO - Calculated levels - Entry: 1.14057, SL: 1.14038, TP: 1.14115
2025-04-29 02:42:32,806 - trading_bot - INFO - Active position exists for EURUSD, skipping
2025-04-29 02:42:32,810 - trading_bot - INFO - Calculated levels - Entry: 1.34321, SL: 1.34308, TP: 1.34361
2025-04-29 02:42:32,811 - trading_bot - INFO - Active position exists for GBPUSD, skipping
2025-04-29 02:42:32,815 - trading_bot - INFO - Calculated levels - Entry: 142.266, SL: 142.30357, TP: 142.15329
2025-04-29 02:42:32,815 - trading_bot - INFO - Active position exists for USDJPY, skipping
2025-04-29 02:43:32,827 - trading_bot - INFO - Calculated levels - Entry: 1.14055, SL: 1.14033, TP: 1.1412
2025-04-29 02:43:32,827 - trading_bot - INFO - Active position exists for EURUSD, skipping
2025-04-29 02:43:32,832 - trading_bot - INFO - Calculated levels - Entry: 1.34319, SL: 1.34303, TP: 1.34368
2025-04-29 02:43:32,832 - trading_bot - INFO - Active position exists for GBPUSD, skipping
2025-04-29 02:43:32,836 - trading_bot - INFO - Calculated levels - Entry: 142.305, SL: 142.34857, TP: 142.17429
2025-04-29 02:43:32,837 - trading_bot - INFO - Active position exists for USDJPY, skipping
2025-04-29 02:44:32,851 - trading_bot - INFO - Calculated levels - Entry: 1.14067, SL: 1.14045, TP: 1.14133
2025-04-29 02:44:32,851 - trading_bot - INFO - Active position exists for EURUSD, skipping
2025-04-29 02:44:32,856 - trading_bot - INFO - Calculated levels - Entry: 1.34329, SL: 1.34313, TP: 1.34378
2025-04-29 02:44:32,856 - trading_bot - INFO - Active position exists for GBPUSD, skipping
2025-04-29 02:44:32,859 - trading_bot - INFO - Calculated levels - Entry: 142.284, SL: 142.32629, TP: 142.15714
2025-04-29 02:44:32,860 - trading_bot - INFO - Active position exists for USDJPY, skipping
2025-04-29 02:45:32,871 - trading_bot - INFO - Calculated levels - Entry: 1.14079, SL: 1.14056, TP: 1.14149
2025-04-29 02:45:32,872 - trading_bot - INFO - Active position exists for EURUSD, skipping
2025-04-29 02:45:32,875 - trading_bot - INFO - Calculated levels - Entry: 1.34339, SL: 1.34321, TP: 1.34394
2025-04-29 02:45:32,876 - trading_bot - INFO - Active position exists for GBPUSD, skipping
2025-04-29 02:45:32,880 - trading_bot - INFO - Calculated levels - Entry: 142.266, SL: 142.30829, TP: 142.13914
2025-04-29 02:45:32,880 - trading_bot - INFO - Active position exists for USDJPY, skipping
2025-04-29 02:46:32,900 - trading_bot - INFO - Calculated levels - Entry: 1.14081, SL: 1.14058, TP: 1.1415
2025-04-29 02:46:32,900 - trading_bot - INFO - Active position exists for EURUSD, skipping
2025-04-29 02:46:32,905 - trading_bot - INFO - Calculated levels - Entry: 1.34341, SL: 1.34323, TP: 1.34394
2025-04-29 02:46:32,905 - trading_bot - INFO - Active position exists for GBPUSD, skipping
2025-04-29 02:46:32,909 - trading_bot - INFO - Calculated levels - Entry: 142.254, SL: 142.29714, TP: 142.12457
2025-04-29 02:46:32,909 - trading_bot - INFO - Active position exists for USDJPY, skipping
2025-04-29 02:47:32,926 - trading_bot - INFO - Calculated levels - Entry: 1.14083, SL: 1.14107, TP: 1.14012
2025-04-29 02:47:32,926 - trading_bot - INFO - Active position exists for EURUSD, skipping
2025-04-29 02:47:32,930 - trading_bot - INFO - Calculated levels - Entry: 1.34348, SL: 1.34366, TP: 1.34294
2025-04-29 02:47:32,931 - trading_bot - INFO - Active position exists for GBPUSD, skipping
2025-04-29 02:47:32,934 - trading_bot - INFO - Calculated levels - Entry: 142.253, SL: 142.29486, TP: 142.12743
2025-04-29 02:47:32,934 - trading_bot - INFO - Active position exists for USDJPY, skipping
2025-04-29 02:48:32,944 - trading_bot - INFO - Calculated levels - Entry: 1.14072, SL: 1.14046, TP: 1.14149
2025-04-29 02:48:32,944 - trading_bot - INFO - Active position exists for EURUSD, skipping
2025-04-29 02:48:32,948 - trading_bot - INFO - Calculated levels - Entry: 1.34341, SL: 1.34322, TP: 1.34398
2025-04-29 02:48:32,948 - trading_bot - INFO - Active position exists for GBPUSD, skipping
2025-04-29 02:48:32,952 - trading_bot - INFO - Calculated levels - Entry: 142.263, SL: 142.30586, TP: 142.13443
2025-04-29 02:48:32,953 - trading_bot - INFO - Active position exists for USDJPY, skipping
2025-04-29 02:49:32,959 - trading_bot - INFO - Calculated levels - Entry: 1.14077, SL: 1.14054, TP: 1.14147
2025-04-29 02:49:32,960 - trading_bot - INFO - Active position exists for EURUSD, skipping
2025-04-29 02:49:32,964 - trading_bot - INFO - Calculated levels - Entry: 1.34349, SL: 1.34331, TP: 1.34403
2025-04-29 02:49:32,964 - trading_bot - INFO - Active position exists for GBPUSD, skipping
2025-04-29 02:49:32,970 - trading_bot - INFO - Calculated levels - Entry: 142.257, SL: 142.29871, TP: 142.13186
2025-04-29 02:49:32,971 - trading_bot - INFO - Active position exists for USDJPY, skipping
2025-04-29 02:50:32,978 - trading_bot - INFO - Calculated levels - Entry: 1.14067, SL: 1.14044, TP: 1.14136
2025-04-29 02:50:32,978 - trading_bot - INFO - Active position exists for EURUSD, skipping
2025-04-29 02:50:32,983 - trading_bot - INFO - Calculated levels - Entry: 1.34332, SL: 1.34313, TP: 1.3439
2025-04-29 02:50:32,983 - trading_bot - INFO - Active position exists for GBPUSD, skipping
2025-04-29 02:50:32,987 - trading_bot - INFO - Calculated levels - Entry: 142.253, SL: 142.294, TP: 142.13
2025-04-29 02:50:32,987 - trading_bot - INFO - Active position exists for USDJPY, skipping
2025-04-29 02:51:32,999 - trading_bot - INFO - Calculated levels - Entry: 1.14072, SL: 1.14048, TP: 1.14143
2025-04-29 02:51:32,999 - trading_bot - INFO - Active position exists for EURUSD, skipping
2025-04-29 02:51:33,004 - trading_bot - INFO - Calculated levels - Entry: 1.34339, SL: 1.34319, TP: 1.344
2025-04-29 02:51:33,005 - trading_bot - INFO - Active position exists for GBPUSD, skipping
2025-04-29 02:51:33,008 - trading_bot - INFO - Calculated levels - Entry: 142.235, SL: 142.27871, TP: 142.10386
2025-04-29 02:51:33,009 - trading_bot - INFO - Active position exists for USDJPY, skipping
2025-04-29 02:52:33,025 - trading_bot - INFO - Calculated levels - Entry: 1.14079, SL: 1.14054, TP: 1.14153
2025-04-29 02:52:33,025 - trading_bot - INFO - Active position exists for EURUSD, skipping
2025-04-29 02:52:33,031 - trading_bot - INFO - Calculated levels - Entry: 1.34349, SL: 1.34328, TP: 1.34411
2025-04-29 02:52:33,031 - trading_bot - INFO - Active position exists for GBPUSD, skipping
2025-04-29 02:52:33,034 - trading_bot - INFO - Calculated levels - Entry: 142.213, SL: 142.25771, TP: 142.07886
2025-04-29 02:52:33,034 - trading_bot - INFO - Active position exists for USDJPY, skipping
2025-04-29 02:53:33,047 - trading_bot - INFO - Calculated levels - Entry: 1.14069, SL: 1.14043, TP: 1.14146
2025-04-29 02:53:33,047 - trading_bot - INFO - Active position exists for EURUSD, skipping
2025-04-29 02:53:33,052 - trading_bot - INFO - Calculated levels - Entry: 1.3434, SL: 1.34319, TP: 1.34404
2025-04-29 02:53:33,052 - trading_bot - INFO - Active position exists for GBPUSD, skipping
2025-04-29 02:53:33,056 - trading_bot - INFO - Calculated levels - Entry: 142.206, SL: 142.24686, TP: 142.08343
2025-04-29 02:53:33,056 - trading_bot - INFO - Active position exists for USDJPY, skipping
2025-04-29 02:54:33,069 - trading_bot - INFO - Calculated levels - Entry: 1.14079, SL: 1.14053, TP: 1.14157
2025-04-29 02:54:33,070 - trading_bot - INFO - Active position exists for EURUSD, skipping
2025-04-29 02:54:33,075 - trading_bot - INFO - Calculated levels - Entry: 1.34349, SL: 1.34327, TP: 1.34414
2025-04-29 02:54:33,075 - trading_bot - INFO - Active position exists for GBPUSD, skipping
2025-04-29 02:54:33,079 - trading_bot - INFO - Calculated levels - Entry: 142.199, SL: 142.15857, TP: 142.32029
2025-04-29 02:54:33,080 - trading_bot - INFO - Active position exists for USDJPY, skipping
2025-04-29 02:55:33,089 - trading_bot - INFO - Calculated levels - Entry: 1.14073, SL: 1.14045, TP: 1.14157
2025-04-29 02:55:33,089 - trading_bot - INFO - Active position exists for EURUSD, skipping
2025-04-29 02:55:33,093 - trading_bot - INFO - Calculated levels - Entry: 1.3434, SL: 1.34318, TP: 1.34406
2025-04-29 02:55:33,094 - trading_bot - INFO - Active position exists for GBPUSD, skipping
2025-04-29 02:55:33,100 - trading_bot - INFO - Calculated levels - Entry: 142.223, SL: 142.26529, TP: 142.09614
2025-04-29 02:55:33,100 - trading_bot - INFO - Active position exists for USDJPY, skipping
2025-04-29 02:56:33,107 - trading_bot - INFO - Calculated levels - Entry: 1.14077, SL: 1.14049, TP: 1.1416
2025-04-29 02:56:33,108 - trading_bot - INFO - Active position exists for EURUSD, skipping
2025-04-29 02:56:33,113 - trading_bot - INFO - Calculated levels - Entry: 1.3435, SL: 1.34328, TP: 1.34416
2025-04-29 02:56:33,113 - trading_bot - INFO - Active position exists for GBPUSD, skipping
2025-04-29 02:56:33,116 - trading_bot - INFO - Calculated levels - Entry: 142.184, SL: 142.13914, TP: 142.31857
2025-04-29 02:56:33,117 - trading_bot - INFO - Active position exists for USDJPY, skipping
2025-04-29 02:57:33,131 - trading_bot - INFO - Calculated levels - Entry: 1.14083, SL: 1.14055, TP: 1.14167
2025-04-29 02:57:33,131 - trading_bot - INFO - Active position exists for EURUSD, skipping
2025-04-29 02:57:33,136 - trading_bot - INFO - Calculated levels - Entry: 1.34352, SL: 1.34331, TP: 1.34414
2025-04-29 02:57:33,137 - trading_bot - INFO - Active position exists for GBPUSD, skipping
2025-04-29 02:57:33,141 - trading_bot - INFO - Calculated levels - Entry: 142.175, SL: 142.13357, TP: 142.29929
2025-04-29 02:57:33,141 - trading_bot - INFO - Active position exists for USDJPY, skipping
2025-04-29 02:58:33,158 - trading_bot - INFO - Calculated levels - Entry: 1.14078, SL: 1.14051, TP: 1.14159
2025-04-29 02:58:33,158 - trading_bot - INFO - Active position exists for EURUSD, skipping
2025-04-29 02:58:33,163 - trading_bot - INFO - Calculated levels - Entry: 1.3435, SL: 1.3433, TP: 1.3441
2025-04-29 02:58:33,164 - trading_bot - INFO - Active position exists for GBPUSD, skipping
2025-04-29 02:58:33,168 - trading_bot - INFO - Calculated levels - Entry: 142.173, SL: 142.13029, TP: 142.30114
2025-04-29 02:58:33,168 - trading_bot - INFO - Active position exists for USDJPY, skipping
2025-04-29 02:59:33,181 - trading_bot - INFO - Calculated levels - Entry: 1.14077, SL: 1.14053, TP: 1.1415
2025-04-29 02:59:33,181 - trading_bot - INFO - Active position exists for EURUSD, skipping
2025-04-29 02:59:33,185 - trading_bot - INFO - Calculated levels - Entry: 1.34342, SL: 1.34323, TP: 1.34398
2025-04-29 02:59:33,186 - trading_bot - INFO - Active position exists for GBPUSD, skipping
2025-04-29 02:59:33,189 - trading_bot - INFO - Calculated levels - Entry: 142.173, SL: 142.13443, TP: 142.28871
2025-04-29 02:59:33,189 - trading_bot - INFO - Active position exists for USDJPY, skipping
2025-04-29 03:00:33,210 - trading_bot - INFO - Calculated levels - Entry: 1.14073, SL: 1.1405, TP: 1.14143
2025-04-29 03:00:33,210 - trading_bot - INFO - Active position exists for EURUSD, skipping
2025-04-29 03:00:33,214 - trading_bot - INFO - Calculated levels - Entry: 1.34339, SL: 1.34356, TP: 1.34287
2025-04-29 03:00:33,215 - trading_bot - INFO - Active position exists for GBPUSD, skipping
2025-04-29 03:00:33,219 - trading_bot - INFO - Calculated levels - Entry: 142.174, SL: 142.13771, TP: 142.28286
2025-04-29 03:00:33,219 - trading_bot - INFO - Active position exists for USDJPY, skipping
2025-04-29 03:01:33,227 - trading_bot - INFO - Calculated levels - Entry: 1.14089, SL: 1.14064, TP: 1.14163
2025-04-29 03:01:33,227 - trading_bot - INFO - Active position exists for EURUSD, skipping
2025-04-29 03:01:33,233 - trading_bot - INFO - Calculated levels - Entry: 1.34341, SL: 1.34359, TP: 1.34287
2025-04-29 03:01:33,233 - trading_bot - INFO - Active position exists for GBPUSD, skipping
2025-04-29 03:01:33,236 - trading_bot - INFO - Calculated levels - Entry: 142.151, SL: 142.11257, TP: 142.26629
2025-04-29 03:01:33,236 - trading_bot - INFO - Active position exists for USDJPY, skipping
2025-04-29 03:02:33,245 - trading_bot - INFO - Calculated levels - Entry: 1.14082, SL: 1.14059, TP: 1.14152
2025-04-29 03:02:33,245 - trading_bot - INFO - Active position exists for EURUSD, skipping
2025-04-29 03:02:33,249 - trading_bot - INFO - Calculated levels - Entry: 1.34322, SL: 1.34341, TP: 1.34265
2025-04-29 03:02:33,249 - trading_bot - INFO - Active position exists for GBPUSD, skipping
2025-04-29 03:02:33,252 - trading_bot - INFO - Calculated levels - Entry: 142.145, SL: 142.10571, TP: 142.26286
2025-04-29 03:02:33,253 - trading_bot - INFO - Active position exists for USDJPY, skipping
2025-04-29 03:03:33,261 - trading_bot - INFO - Calculated levels - Entry: 1.14057, SL: 1.14084, TP: 1.13976
2025-04-29 03:03:33,261 - trading_bot - INFO - Active position exists for EURUSD, skipping
2025-04-29 03:03:33,265 - trading_bot - INFO - Calculated levels - Entry: 1.34281, SL: 1.34256, TP: 1.34356
2025-04-29 03:03:33,265 - trading_bot - INFO - Active position exists for GBPUSD, skipping
2025-04-29 03:03:33,269 - trading_bot - INFO - Calculated levels - Entry: 142.206, SL: 142.25571, TP: 142.05686
2025-04-29 03:03:33,269 - trading_bot - INFO - Active position exists for USDJPY, skipping
2025-04-29 03:04:33,281 - trading_bot - INFO - Calculated levels - Entry: 1.14057, SL: 1.14084, TP: 1.13975
2025-04-29 03:04:33,281 - trading_bot - INFO - Active position exists for EURUSD, skipping
2025-04-29 03:04:33,285 - trading_bot - INFO - Calculated levels - Entry: 1.34285, SL: 1.3426, TP: 1.3436
2025-04-29 03:04:33,286 - trading_bot - INFO - Active position exists for GBPUSD, skipping
2025-04-29 03:04:33,289 - trading_bot - INFO - Calculated levels - Entry: 142.24, SL: 142.18714, TP: 142.39857
2025-04-29 03:04:33,289 - trading_bot - INFO - Active position exists for USDJPY, skipping
2025-04-29 03:05:33,298 - trading_bot - INFO - Calculated levels - Entry: 1.14064, SL: 1.14092, TP: 1.13979
2025-04-29 03:05:33,298 - trading_bot - INFO - Active position exists for EURUSD, skipping
2025-04-29 03:05:33,302 - trading_bot - INFO - Calculated levels - Entry: 1.34291, SL: 1.34265, TP: 1.34368
2025-04-29 03:05:33,302 - trading_bot - INFO - Active position exists for GBPUSD, skipping
2025-04-29 03:05:33,306 - trading_bot - INFO - Calculated levels - Entry: 142.252, SL: 142.20143, TP: 142.40371
2025-04-29 03:05:33,307 - trading_bot - INFO - Active position exists for USDJPY, skipping
2025-04-29 03:06:33,330 - trading_bot - INFO - Calculated levels - Entry: 1.14055, SL: 1.14085, TP: 1.13965
2025-04-29 03:06:33,330 - trading_bot - INFO - Active position exists for EURUSD, skipping
2025-04-29 03:06:33,342 - trading_bot - INFO - Calculated levels - Entry: 1.34289, SL: 1.3426, TP: 1.34377
2025-04-29 03:06:33,347 - trading_bot - INFO - Active position exists for GBPUSD, skipping
2025-04-29 03:06:33,361 - trading_bot - INFO - Calculated levels - Entry: 142.245, SL: 142.19043, TP: 142.40871
2025-04-29 03:06:33,363 - trading_bot - INFO - Active position exists for USDJPY, skipping
2025-04-29 03:07:33,380 - trading_bot - INFO - Calculated levels - Entry: 1.14063, SL: 1.14092, TP: 1.13975
2025-04-29 03:07:33,381 - trading_bot - INFO - Active position exists for EURUSD, skipping
2025-04-29 03:07:33,389 - trading_bot - INFO - Calculated levels - Entry: 1.34294, SL: 1.34265, TP: 1.34381
2025-04-29 03:07:33,390 - trading_bot - INFO - Active position exists for GBPUSD, skipping
2025-04-29 03:07:33,397 - trading_bot - INFO - Calculated levels - Entry: 142.222, SL: 142.16386, TP: 142.39643
2025-04-29 03:07:33,397 - trading_bot - INFO - Active position exists for USDJPY, skipping
2025-04-29 03:08:33,415 - trading_bot - INFO - Calculated levels - Entry: 1.1408, SL: 1.14109, TP: 1.13992
2025-04-29 03:08:33,416 - trading_bot - INFO - Active position exists for EURUSD, skipping
2025-04-29 03:08:33,422 - trading_bot - INFO - Calculated levels - Entry: 1.34301, SL: 1.3433, TP: 1.34214
2025-04-29 03:08:33,422 - trading_bot - INFO - Active position exists for GBPUSD, skipping
2025-04-29 03:08:33,427 - trading_bot - INFO - Calculated levels - Entry: 142.196, SL: 142.136, TP: 142.376
2025-04-29 03:08:33,427 - trading_bot - INFO - Active position exists for USDJPY, skipping
2025-04-29 03:09:33,433 - trading_bot - INFO - Calculated levels - Entry: 1.14083, SL: 1.14112, TP: 1.13995
2025-04-29 03:09:33,433 - trading_bot - INFO - Active position exists for EURUSD, skipping
2025-04-29 03:09:33,437 - trading_bot - INFO - Calculated levels - Entry: 1.34299, SL: 1.34328, TP: 1.34212
2025-04-29 03:09:33,437 - trading_bot - INFO - Active position exists for GBPUSD, skipping
2025-04-29 03:09:33,441 - trading_bot - INFO - Calculated levels - Entry: 142.22, SL: 142.16071, TP: 142.39786
2025-04-29 03:09:33,441 - trading_bot - INFO - Active position exists for USDJPY, skipping
2025-04-29 03:10:33,448 - trading_bot - INFO - Calculated levels - Entry: 1.14087, SL: 1.14058, TP: 1.14174
2025-04-29 03:10:33,449 - trading_bot - INFO - Active position exists for EURUSD, skipping
2025-04-29 03:10:33,453 - trading_bot - INFO - Calculated levels - Entry: 1.343, SL: 1.34272, TP: 1.34384
2025-04-29 03:10:33,453 - trading_bot - INFO - Active position exists for GBPUSD, skipping
2025-04-29 03:10:33,457 - trading_bot - INFO - Calculated levels - Entry: 142.23, SL: 142.17343, TP: 142.39971
2025-04-29 03:10:33,457 - trading_bot - INFO - Active position exists for USDJPY, skipping
2025-04-29 03:11:33,462 - trading_bot - INFO - Calculated levels - Entry: 1.1412, SL: 1.14088, TP: 1.14216
2025-04-29 03:11:33,464 - trading_bot - INFO - Active position exists for EURUSD, skipping
2025-04-29 03:11:33,468 - trading_bot - INFO - Calculated levels - Entry: 1.34314, SL: 1.34345, TP: 1.34221
2025-04-29 03:11:33,468 - trading_bot - INFO - Active position exists for GBPUSD, skipping
2025-04-29 03:11:33,474 - trading_bot - INFO - Calculated levels - Entry: 142.191, SL: 142.13043, TP: 142.37271
2025-04-29 03:11:33,474 - trading_bot - INFO - Active position exists for USDJPY, skipping
2025-04-29 03:12:33,486 - trading_bot - INFO - Calculated levels - Entry: 1.14132, SL: 1.14098, TP: 1.14234
2025-04-29 03:12:33,487 - trading_bot - INFO - Active position exists for EURUSD, skipping
2025-04-29 03:12:33,491 - trading_bot - INFO - Calculated levels - Entry: 1.34324, SL: 1.34293, TP: 1.34417
2025-04-29 03:12:33,491 - trading_bot - INFO - Active position exists for GBPUSD, skipping
2025-04-29 03:12:33,497 - trading_bot - INFO - Calculated levels - Entry: 142.142, SL: 142.20671, TP: 141.94786
2025-04-29 03:12:33,497 - trading_bot - INFO - Active position exists for USDJPY, skipping
2025-04-29 03:13:33,515 - trading_bot - INFO - Calculated levels - Entry: 1.14148, SL: 1.14185, TP: 1.14038
2025-04-29 03:13:33,515 - trading_bot - INFO - Active position exists for EURUSD, skipping
2025-04-29 03:13:33,522 - trading_bot - INFO - Calculated levels - Entry: 1.34348, SL: 1.34313, TP: 1.34453
2025-04-29 03:13:33,522 - trading_bot - INFO - Active position exists for GBPUSD, skipping
2025-04-29 03:13:33,526 - trading_bot - INFO - Calculated levels - Entry: 142.097, SL: 142.16829, TP: 141.88314
2025-04-29 03:13:33,526 - trading_bot - INFO - Active position exists for USDJPY, skipping
2025-04-29 03:14:33,538 - trading_bot - INFO - Calculated levels - Entry: 1.1415, SL: 1.14189, TP: 1.14033
2025-04-29 03:14:33,539 - trading_bot - INFO - Active position exists for EURUSD, skipping
2025-04-29 03:14:33,543 - trading_bot - INFO - Calculated levels - Entry: 1.34355, SL: 1.34318, TP: 1.34467
2025-04-29 03:14:33,543 - trading_bot - INFO - Active position exists for GBPUSD, skipping
2025-04-29 03:14:33,547 - trading_bot - INFO - Calculated levels - Entry: 142.091, SL: 142.16886, TP: 141.85743
2025-04-29 03:14:33,547 - trading_bot - INFO - Active position exists for USDJPY, skipping
2025-04-29 03:15:33,556 - trading_bot - INFO - Calculated levels - Entry: 1.14153, SL: 1.1419, TP: 1.14042
2025-04-29 03:15:33,556 - trading_bot - INFO - Active position exists for EURUSD, skipping
2025-04-29 03:15:33,560 - trading_bot - INFO - Calculated levels - Entry: 1.3435, SL: 1.34314, TP: 1.34459
2025-04-29 03:15:33,560 - trading_bot - INFO - Active position exists for GBPUSD, skipping
2025-04-29 03:15:33,564 - trading_bot - INFO - Calculated levels - Entry: 142.072, SL: 142.15, TP: 141.838
2025-04-29 03:15:33,564 - trading_bot - INFO - Active position exists for USDJPY, skipping
2025-04-29 03:16:33,574 - trading_bot - INFO - Calculated levels - Entry: 1.14147, SL: 1.14111, TP: 1.14256
2025-04-29 03:16:33,574 - trading_bot - INFO - Active position exists for EURUSD, skipping
2025-04-29 03:16:33,580 - trading_bot - INFO - Calculated levels - Entry: 1.3435, SL: 1.34316, TP: 1.34452
2025-04-29 03:16:33,580 - trading_bot - INFO - Active position exists for GBPUSD, skipping
2025-04-29 03:16:33,584 - trading_bot - INFO - Calculated levels - Entry: 142.083, SL: 142.162, TP: 141.846
2025-04-29 03:16:33,585 - trading_bot - INFO - Active position exists for USDJPY, skipping
2025-04-29 03:17:33,606 - trading_bot - INFO - Calculated levels - Entry: 1.14127, SL: 1.14163, TP: 1.14019
2025-04-29 03:17:33,606 - trading_bot - INFO - Active position exists for EURUSD, skipping
2025-04-29 03:17:33,611 - trading_bot - INFO - Calculated levels - Entry: 1.3433, SL: 1.3436, TP: 1.34239
2025-04-29 03:17:33,611 - trading_bot - INFO - Active position exists for GBPUSD, skipping
2025-04-29 03:17:33,615 - trading_bot - INFO - Calculated levels - Entry: 142.151, SL: 142.229, TP: 141.917
2025-04-29 03:17:33,616 - trading_bot - INFO - Active position exists for USDJPY, skipping
2025-04-29 03:18:33,625 - trading_bot - INFO - Calculated levels - Entry: 1.14137, SL: 1.14173, TP: 1.1403
2025-04-29 03:18:33,625 - trading_bot - INFO - Active position exists for EURUSD, skipping
2025-04-29 03:18:33,629 - trading_bot - INFO - Calculated levels - Entry: 1.3434, SL: 1.3437, TP: 1.34249
2025-04-29 03:18:33,629 - trading_bot - INFO - Active position exists for GBPUSD, skipping
2025-04-29 03:18:33,633 - trading_bot - INFO - Calculated levels - Entry: 142.112, SL: 142.03371, TP: 142.34686
2025-04-29 03:18:33,633 - trading_bot - INFO - Active position exists for USDJPY, skipping
2025-04-29 03:19:33,643 - trading_bot - INFO - Calculated levels - Entry: 1.14138, SL: 1.14172, TP: 1.14035
2025-04-29 03:19:33,643 - trading_bot - INFO - Active position exists for EURUSD, skipping
2025-04-29 03:19:33,648 - trading_bot - INFO - Calculated levels - Entry: 1.3434, SL: 1.34368, TP: 1.34256
2025-04-29 03:19:33,648 - trading_bot - INFO - Active position exists for GBPUSD, skipping
2025-04-29 03:19:33,654 - trading_bot - INFO - Calculated levels - Entry: 142.122, SL: 142.045, TP: 142.353
2025-04-29 03:19:33,654 - trading_bot - INFO - Active position exists for USDJPY, skipping
2025-04-29 03:20:33,667 - trading_bot - INFO - Calculated levels - Entry: 1.14127, SL: 1.14161, TP: 1.14025
2025-04-29 03:20:33,667 - trading_bot - INFO - Active position exists for EURUSD, skipping
2025-04-29 03:20:33,671 - trading_bot - INFO - Calculated levels - Entry: 1.3434, SL: 1.34365, TP: 1.34264
2025-04-29 03:20:33,673 - trading_bot - INFO - Active position exists for GBPUSD, skipping
2025-04-29 03:20:33,676 - trading_bot - INFO - Calculated levels - Entry: 142.122, SL: 142.04886, TP: 142.34143
2025-04-29 03:20:33,677 - trading_bot - INFO - Active position exists for USDJPY, skipping
2025-04-29 03:21:33,696 - trading_bot - INFO - Calculated levels - Entry: 1.14127, SL: 1.14162, TP: 1.14022
2025-04-29 03:21:33,696 - trading_bot - INFO - Active position exists for EURUSD, skipping
2025-04-29 03:21:33,701 - trading_bot - INFO - Calculated levels - Entry: 1.34335, SL: 1.34362, TP: 1.34254
2025-04-29 03:21:33,701 - trading_bot - INFO - Active position exists for GBPUSD, skipping
2025-04-29 03:21:33,706 - trading_bot - INFO - Calculated levels - Entry: 142.123, SL: 142.19786, TP: 141.89843
2025-04-29 03:21:33,706 - trading_bot - INFO - Active position exists for USDJPY, skipping
2025-04-29 03:22:33,721 - trading_bot - INFO - Calculated levels - Entry: 1.14111, SL: 1.14145, TP: 1.14009
2025-04-29 03:22:33,722 - trading_bot - INFO - Active position exists for EURUSD, skipping
2025-04-29 03:22:33,726 - trading_bot - INFO - Calculated levels - Entry: 1.34311, SL: 1.3434, TP: 1.34224
2025-04-29 03:22:33,726 - trading_bot - INFO - Active position exists for GBPUSD, skipping
2025-04-29 03:22:33,730 - trading_bot - INFO - Calculated levels - Entry: 142.145, SL: 142.07, TP: 142.37
2025-04-29 03:22:33,731 - trading_bot - INFO - Active position exists for USDJPY, skipping
2025-04-29 03:23:33,737 - trading_bot - INFO - Calculated levels - Entry: 1.14085, SL: 1.14122, TP: 1.13973
2025-04-29 03:23:33,737 - trading_bot - INFO - Active position exists for EURUSD, skipping
2025-04-29 03:23:33,742 - trading_bot - INFO - Calculated levels - Entry: 1.34291, SL: 1.34322, TP: 1.34197
2025-04-29 03:23:33,742 - trading_bot - INFO - Active position exists for GBPUSD, skipping
2025-04-29 03:23:33,745 - trading_bot - INFO - Calculated levels - Entry: 142.174, SL: 142.09571, TP: 142.40886
2025-04-29 03:23:33,746 - trading_bot - INFO - Active position exists for USDJPY, skipping
2025-04-29 03:24:33,764 - trading_bot - INFO - Calculated levels - Entry: 1.14088, SL: 1.14125, TP: 1.13977
2025-04-29 03:24:33,764 - trading_bot - INFO - Active position exists for EURUSD, skipping
2025-04-29 03:24:33,768 - trading_bot - INFO - Calculated levels - Entry: 1.343, SL: 1.34331, TP: 1.34207
2025-04-29 03:24:33,768 - trading_bot - INFO - Active position exists for GBPUSD, skipping
2025-04-29 03:24:33,772 - trading_bot - INFO - Calculated levels - Entry: 142.172, SL: 142.09414, TP: 142.40557
2025-04-29 03:24:33,773 - trading_bot - INFO - Active position exists for USDJPY, skipping
2025-04-29 03:25:33,789 - trading_bot - INFO - Calculated levels - Entry: 1.14076, SL: 1.1411, TP: 1.13973
2025-04-29 03:25:33,790 - trading_bot - INFO - Active position exists for EURUSD, skipping
2025-04-29 03:25:33,793 - trading_bot - INFO - Calculated levels - Entry: 1.3429, SL: 1.34321, TP: 1.34198
2025-04-29 03:25:33,795 - trading_bot - INFO - Active position exists for GBPUSD, skipping
2025-04-29 03:25:33,799 - trading_bot - INFO - Calculated levels - Entry: 142.225, SL: 142.14414, TP: 142.46757
2025-04-29 03:25:33,799 - trading_bot - INFO - Active position exists for USDJPY, skipping
2025-04-29 03:26:33,805 - trading_bot - INFO - Calculated levels - Entry: 1.14051, SL: 1.14015, TP: 1.14158
2025-04-29 03:26:33,805 - trading_bot - INFO - Active position exists for EURUSD, skipping
2025-04-29 03:26:33,809 - trading_bot - INFO - Calculated levels - Entry: 1.34272, SL: 1.34303, TP: 1.34178
2025-04-29 03:26:33,809 - trading_bot - INFO - Active position exists for GBPUSD, skipping
2025-04-29 03:26:33,813 - trading_bot - INFO - Calculated levels - Entry: 142.255, SL: 142.17443, TP: 142.49671
2025-04-29 03:26:33,813 - trading_bot - INFO - Active position exists for USDJPY, skipping
2025-04-29 03:27:33,829 - trading_bot - INFO - Calculated levels - Entry: 1.14072, SL: 1.14035, TP: 1.14182
2025-04-29 03:27:33,829 - trading_bot - INFO - Active position exists for EURUSD, skipping
2025-04-29 03:27:33,833 - trading_bot - INFO - Calculated levels - Entry: 1.3429, SL: 1.3426, TP: 1.3438
2025-04-29 03:27:33,834 - trading_bot - INFO - Active position exists for GBPUSD, skipping
2025-04-29 03:27:33,838 - trading_bot - INFO - Calculated levels - Entry: 142.239, SL: 142.31686, TP: 142.00543
2025-04-29 03:27:33,838 - trading_bot - INFO - Active position exists for USDJPY, skipping
2025-04-29 03:28:33,859 - trading_bot - INFO - Calculated levels - Entry: 1.14075, SL: 1.14041, TP: 1.14177
2025-04-29 03:28:33,860 - trading_bot - INFO - Active position exists for EURUSD, skipping
2025-04-29 03:28:33,864 - trading_bot - INFO - Calculated levels - Entry: 1.3429, SL: 1.34263, TP: 1.34372
2025-04-29 03:28:33,864 - trading_bot - INFO - Active position exists for GBPUSD, skipping
2025-04-29 03:28:33,868 - trading_bot - INFO - Calculated levels - Entry: 142.226, SL: 142.299, TP: 142.007
2025-04-29 03:28:33,868 - trading_bot - INFO - Active position exists for USDJPY, skipping
2025-04-29 03:29:33,883 - trading_bot - INFO - Calculated levels - Entry: 1.14073, SL: 1.14039, TP: 1.14175
2025-04-29 03:29:33,883 - trading_bot - INFO - Active position exists for EURUSD, skipping
2025-04-29 03:29:33,886 - trading_bot - INFO - Calculated levels - Entry: 1.34282, SL: 1.34254, TP: 1.34366
2025-04-29 03:29:33,887 - trading_bot - INFO - Active position exists for GBPUSD, skipping
2025-04-29 03:29:33,891 - trading_bot - INFO - Calculated levels - Entry: 142.222, SL: 142.29329, TP: 142.00814
2025-04-29 03:29:33,891 - trading_bot - INFO - Active position exists for USDJPY, skipping
2025-04-29 03:30:33,903 - trading_bot - INFO - Calculated levels - Entry: 1.14067, SL: 1.14032, TP: 1.14173
2025-04-29 03:30:33,904 - trading_bot - INFO - Active position exists for EURUSD, skipping
2025-04-29 03:30:33,910 - trading_bot - INFO - Calculated levels - Entry: 1.3429, SL: 1.3426, TP: 1.3438
2025-04-29 03:30:33,910 - trading_bot - INFO - Active position exists for GBPUSD, skipping
2025-04-29 03:30:33,913 - trading_bot - INFO - Calculated levels - Entry: 142.205, SL: 142.27771, TP: 141.98686
2025-04-29 03:30:33,914 - trading_bot - INFO - Active position exists for USDJPY, skipping
2025-04-29 03:31:33,929 - trading_bot - INFO - Calculated levels - Entry: 1.14062, SL: 1.14028, TP: 1.14165
2025-04-29 03:31:33,931 - trading_bot - INFO - Active position exists for EURUSD, skipping
2025-04-29 03:31:33,935 - trading_bot - INFO - Calculated levels - Entry: 1.3429, SL: 1.34319, TP: 1.34204
2025-04-29 03:31:33,935 - trading_bot - INFO - Active position exists for GBPUSD, skipping
2025-04-29 03:31:33,939 - trading_bot - INFO - Calculated levels - Entry: 142.224, SL: 142.15886, TP: 142.41943
2025-04-29 03:31:33,939 - trading_bot - INFO - Active position exists for USDJPY, skipping
2025-04-29 03:32:33,957 - trading_bot - INFO - Calculated levels - Entry: 1.14067, SL: 1.141, TP: 1.13967
2025-04-29 03:32:33,957 - trading_bot - INFO - Active position exists for EURUSD, skipping
2025-04-29 03:32:33,961 - trading_bot - INFO - Calculated levels - Entry: 1.34291, SL: 1.34318, TP: 1.3421
2025-04-29 03:32:33,962 - trading_bot - INFO - Active position exists for GBPUSD, skipping
2025-04-29 03:32:33,966 - trading_bot - INFO - Calculated levels - Entry: 142.213, SL: 142.15186, TP: 142.39643
2025-04-29 03:32:33,967 - trading_bot - INFO - Active position exists for USDJPY, skipping
2025-04-29 03:33:33,980 - trading_bot - INFO - Calculated levels - Entry: 1.14062, SL: 1.14095, TP: 1.13962
2025-04-29 03:33:33,980 - trading_bot - INFO - Active position exists for EURUSD, skipping
2025-04-29 03:33:33,985 - trading_bot - INFO - Calculated levels - Entry: 1.34289, SL: 1.34317, TP: 1.34205
2025-04-29 03:33:33,985 - trading_bot - INFO - Active position exists for GBPUSD, skipping
2025-04-29 03:33:33,988 - trading_bot - INFO - Calculated levels - Entry: 142.203, SL: 142.13629, TP: 142.40314
2025-04-29 03:33:33,989 - trading_bot - INFO - Active position exists for USDJPY, skipping
2025-04-29 03:34:34,007 - trading_bot - INFO - Calculated levels - Entry: 1.14063, SL: 1.14031, TP: 1.1416
2025-04-29 03:34:34,007 - trading_bot - INFO - Active position exists for EURUSD, skipping
2025-04-29 03:34:34,012 - trading_bot - INFO - Calculated levels - Entry: 1.34292, SL: 1.34265, TP: 1.34374
2025-04-29 03:34:34,012 - trading_bot - INFO - Active position exists for GBPUSD, skipping
2025-04-29 03:34:34,016 - trading_bot - INFO - Calculated levels - Entry: 142.203, SL: 142.26514, TP: 142.01657
2025-04-29 03:34:34,017 - trading_bot - INFO - Active position exists for USDJPY, skipping
2025-04-29 03:35:34,025 - trading_bot - INFO - Calculated levels - Entry: 1.14059, SL: 1.14029, TP: 1.1415
2025-04-29 03:35:34,025 - trading_bot - INFO - Active position exists for EURUSD, skipping
2025-04-29 03:35:34,030 - trading_bot - INFO - Calculated levels - Entry: 1.3429, SL: 1.34315, TP: 1.34214
2025-04-29 03:35:34,031 - trading_bot - INFO - Active position exists for GBPUSD, skipping
2025-04-29 03:35:34,034 - trading_bot - INFO - Calculated levels - Entry: 142.192, SL: 142.13229, TP: 142.37114
2025-04-29 03:35:34,034 - trading_bot - INFO - Active position exists for USDJPY, skipping
2025-04-29 03:36:34,042 - trading_bot - INFO - Calculated levels - Entry: 1.14063, SL: 1.14093, TP: 1.13974
2025-04-29 03:36:34,042 - trading_bot - INFO - Active position exists for EURUSD, skipping
2025-04-29 03:36:34,047 - trading_bot - INFO - Calculated levels - Entry: 1.3429, SL: 1.34314, TP: 1.34219
2025-04-29 03:36:34,047 - trading_bot - INFO - Active position exists for GBPUSD, skipping
2025-04-29 03:36:34,051 - trading_bot - INFO - Calculated levels - Entry: 142.182, SL: 142.12114, TP: 142.36457
2025-04-29 03:36:34,052 - trading_bot - INFO - Active position exists for USDJPY, skipping
2025-04-29 03:37:34,068 - trading_bot - INFO - Calculated levels - Entry: 1.14078, SL: 1.14105, TP: 1.13997
2025-04-29 03:37:34,068 - trading_bot - INFO - Active position exists for EURUSD, skipping
2025-04-29 03:37:34,073 - trading_bot - INFO - Calculated levels - Entry: 1.34306, SL: 1.34283, TP: 1.34375
2025-04-29 03:37:34,073 - trading_bot - INFO - Active position exists for GBPUSD, skipping
2025-04-29 03:37:34,078 - trading_bot - INFO - Calculated levels - Entry: 142.153, SL: 142.21157, TP: 141.97729
2025-04-29 03:37:34,079 - trading_bot - INFO - Active position exists for USDJPY, skipping
2025-04-29 03:38:34,085 - trading_bot - INFO - Calculated levels - Entry: 1.14078, SL: 1.14105, TP: 1.13996
2025-04-29 03:38:34,086 - trading_bot - INFO - Active position exists for EURUSD, skipping
2025-04-29 03:38:34,090 - trading_bot - INFO - Calculated levels - Entry: 1.3431, SL: 1.34287, TP: 1.34379
2025-04-29 03:38:34,090 - trading_bot - INFO - Active position exists for GBPUSD, skipping
2025-04-29 03:38:34,093 - trading_bot - INFO - Calculated levels - Entry: 142.174, SL: 142.23457, TP: 141.99229
2025-04-29 03:38:34,094 - trading_bot - INFO - Active position exists for USDJPY, skipping
2025-04-29 03:39:34,113 - trading_bot - INFO - Calculated levels - Entry: 1.14093, SL: 1.14065, TP: 1.14176
2025-04-29 03:39:34,113 - trading_bot - INFO - Active position exists for EURUSD, skipping
2025-04-29 03:39:34,118 - trading_bot - INFO - Calculated levels - Entry: 1.3432, SL: 1.34297, TP: 1.34388
2025-04-29 03:39:34,118 - trading_bot - INFO - Active position exists for GBPUSD, skipping
2025-04-29 03:39:34,122 - trading_bot - INFO - Calculated levels - Entry: 142.161, SL: 142.21614, TP: 141.99557
2025-04-29 03:39:34,122 - trading_bot - INFO - Active position exists for USDJPY, skipping
2025-04-29 03:40:34,127 - trading_bot - INFO - Calculated levels - Entry: 1.14087, SL: 1.14063, TP: 1.1416
2025-04-29 03:40:34,127 - trading_bot - INFO - Active position exists for EURUSD, skipping
2025-04-29 03:40:34,131 - trading_bot - INFO - Calculated levels - Entry: 1.3431, SL: 1.34332, TP: 1.34245
2025-04-29 03:40:34,132 - trading_bot - INFO - Active position exists for GBPUSD, skipping
2025-04-29 03:40:34,136 - trading_bot - INFO - Calculated levels - Entry: 142.154, SL: 142.10114, TP: 142.31257
2025-04-29 03:40:34,136 - trading_bot - INFO - Active position exists for USDJPY, skipping
2025-04-29 03:41:34,142 - trading_bot - INFO - Calculated levels - Entry: 1.14079, SL: 1.14056, TP: 1.14148
2025-04-29 03:41:34,142 - trading_bot - INFO - Active position exists for EURUSD, skipping
2025-04-29 03:41:34,147 - trading_bot - INFO - Calculated levels - Entry: 1.34309, SL: 1.34289, TP: 1.34369
2025-04-29 03:41:34,147 - trading_bot - INFO - Active position exists for GBPUSD, skipping
2025-04-29 03:41:34,151 - trading_bot - INFO - Calculated levels - Entry: 142.137, SL: 142.08543, TP: 142.29171
2025-04-29 03:41:34,152 - trading_bot - INFO - Active position exists for USDJPY, skipping
2025-04-29 03:42:34,159 - trading_bot - INFO - Calculated levels - Entry: 1.14079, SL: 1.14056, TP: 1.14147
2025-04-29 03:42:34,159 - trading_bot - INFO - Active position exists for EURUSD, skipping
2025-04-29 03:42:34,164 - trading_bot - INFO - Calculated levels - Entry: 1.34305, SL: 1.34285, TP: 1.34366
2025-04-29 03:42:34,164 - trading_bot - INFO - Active position exists for GBPUSD, skipping
2025-04-29 03:42:34,168 - trading_bot - INFO - Calculated levels - Entry: 142.151, SL: 142.20157, TP: 141.99929
2025-04-29 03:42:34,169 - trading_bot - INFO - Active position exists for USDJPY, skipping
2025-04-29 03:43:34,181 - trading_bot - INFO - Calculated levels - Entry: 1.14076, SL: 1.14053, TP: 1.14145
2025-04-29 03:43:34,181 - trading_bot - INFO - Active position exists for EURUSD, skipping
2025-04-29 03:43:34,187 - trading_bot - INFO - Calculated levels - Entry: 1.34308, SL: 1.34288, TP: 1.34369
2025-04-29 03:43:34,187 - trading_bot - INFO - Active position exists for GBPUSD, skipping
2025-04-29 03:43:34,191 - trading_bot - INFO - Calculated levels - Entry: 142.177, SL: 142.22957, TP: 142.01929
2025-04-29 03:43:34,192 - trading_bot - INFO - Active position exists for USDJPY, skipping
2025-04-29 03:44:34,200 - trading_bot - INFO - Calculated levels - Entry: 1.14068, SL: 1.14048, TP: 1.14127
2025-04-29 03:44:34,200 - trading_bot - INFO - Active position exists for EURUSD, skipping
2025-04-29 03:44:34,205 - trading_bot - INFO - Calculated levels - Entry: 1.34292, SL: 1.34272, TP: 1.34351
2025-04-29 03:44:34,206 - trading_bot - INFO - Active position exists for GBPUSD, skipping
2025-04-29 03:44:34,209 - trading_bot - INFO - Calculated levels - Entry: 142.165, SL: 142.21629, TP: 142.01114
2025-04-29 03:44:34,209 - trading_bot - INFO - Active position exists for USDJPY, skipping
2025-04-29 03:45:34,220 - trading_bot - INFO - Calculated levels - Entry: 1.14041, SL: 1.14063, TP: 1.13974
2025-04-29 03:45:34,221 - trading_bot - INFO - Active position exists for EURUSD, skipping
2025-04-29 03:45:34,225 - trading_bot - INFO - Calculated levels - Entry: 1.34276, SL: 1.34297, TP: 1.34214
2025-04-29 03:45:34,226 - trading_bot - INFO - Active position exists for GBPUSD, skipping
2025-04-29 03:45:34,230 - trading_bot - INFO - Calculated levels - Entry: 142.201, SL: 142.14457, TP: 142.37029
2025-04-29 03:45:34,230 - trading_bot - INFO - Active position exists for USDJPY, skipping
2025-04-29 03:46:34,243 - trading_bot - INFO - Calculated levels - Entry: 1.14045, SL: 1.14069, TP: 1.13973
2025-04-29 03:46:34,243 - trading_bot - INFO - Active position exists for EURUSD, skipping
2025-04-29 03:46:34,249 - trading_bot - INFO - Calculated levels - Entry: 1.34276, SL: 1.34298, TP: 1.3421
2025-04-29 03:46:34,249 - trading_bot - INFO - Active position exists for GBPUSD, skipping
2025-04-29 03:46:34,253 - trading_bot - INFO - Calculated levels - Entry: 142.182, SL: 142.12157, TP: 142.36329
2025-04-29 03:46:34,254 - trading_bot - INFO - Active position exists for USDJPY, skipping
2025-04-29 03:47:34,260 - trading_bot - INFO - Calculated levels - Entry: 1.14043, SL: 1.14066, TP: 1.13974
2025-04-29 03:47:34,260 - trading_bot - INFO - Active position exists for EURUSD, skipping
2025-04-29 03:47:34,265 - trading_bot - INFO - Calculated levels - Entry: 1.34279, SL: 1.34299, TP: 1.34218
2025-04-29 03:47:34,266 - trading_bot - INFO - Active position exists for GBPUSD, skipping
2025-04-29 03:47:34,269 - trading_bot - INFO - Calculated levels - Entry: 142.181, SL: 142.122, TP: 142.358
2025-04-29 03:47:34,269 - trading_bot - INFO - Active position exists for USDJPY, skipping
2025-04-29 03:48:34,288 - trading_bot - INFO - Calculated levels - Entry: 1.14044, SL: 1.14068, TP: 1.13972
2025-04-29 03:48:34,288 - trading_bot - INFO - Active position exists for EURUSD, skipping
2025-04-29 03:48:34,292 - trading_bot - INFO - Calculated levels - Entry: 1.34278, SL: 1.34299, TP: 1.34216
2025-04-29 03:48:34,293 - trading_bot - INFO - Active position exists for GBPUSD, skipping
2025-04-29 03:48:34,298 - trading_bot - INFO - Calculated levels - Entry: 142.119, SL: 142.18514, TP: 141.92057
2025-04-29 03:48:34,298 - trading_bot - INFO - Active position exists for USDJPY, skipping
2025-04-29 03:49:34,310 - trading_bot - INFO - Calculated levels - Entry: 1.14028, SL: 1.14054, TP: 1.13949
2025-04-29 03:49:34,310 - trading_bot - INFO - Active position exists for EURUSD, skipping
2025-04-29 03:49:34,315 - trading_bot - INFO - Calculated levels - Entry: 1.34262, SL: 1.34284, TP: 1.34196
2025-04-29 03:49:34,315 - trading_bot - INFO - Active position exists for GBPUSD, skipping
2025-04-29 03:49:34,320 - trading_bot - INFO - Calculated levels - Entry: 142.144, SL: 142.20971, TP: 141.94686
2025-04-29 03:49:34,321 - trading_bot - INFO - Active position exists for USDJPY, skipping
2025-04-29 03:50:34,335 - trading_bot - INFO - Calculated levels - Entry: 1.14019, SL: 1.13992, TP: 1.141
2025-04-29 03:50:34,335 - trading_bot - INFO - Active position exists for EURUSD, skipping
2025-04-29 03:50:34,339 - trading_bot - INFO - Calculated levels - Entry: 1.34262, SL: 1.34284, TP: 1.34197
2025-04-29 03:50:34,341 - trading_bot - INFO - Active position exists for GBPUSD, skipping
2025-04-29 03:50:34,345 - trading_bot - INFO - Calculated levels - Entry: 142.136, SL: 142.19914, TP: 141.94657
2025-04-29 03:50:34,345 - trading_bot - INFO - Active position exists for USDJPY, skipping
2025-04-29 03:51:34,362 - trading_bot - INFO - Calculated levels - Entry: 1.14013, SL: 1.13986, TP: 1.14094
2025-04-29 03:51:34,362 - trading_bot - INFO - Active position exists for EURUSD, skipping
2025-04-29 03:51:34,368 - trading_bot - INFO - Calculated levels - Entry: 1.34259, SL: 1.34237, TP: 1.34325
2025-04-29 03:51:34,370 - trading_bot - INFO - Active position exists for GBPUSD, skipping
2025-04-29 03:51:34,376 - trading_bot - INFO - Calculated levels - Entry: 142.123, SL: 142.185, TP: 141.937
2025-04-29 03:51:34,377 - trading_bot - INFO - Active position exists for USDJPY, skipping
2025-04-29 03:52:34,382 - trading_bot - INFO - Calculated levels - Entry: 1.14008, SL: 1.13981, TP: 1.14089
2025-04-29 03:52:34,382 - trading_bot - INFO - Active position exists for EURUSD, skipping
2025-04-29 03:52:34,387 - trading_bot - INFO - Calculated levels - Entry: 1.34251, SL: 1.34229, TP: 1.34317
2025-04-29 03:52:34,387 - trading_bot - INFO - Active position exists for GBPUSD, skipping
2025-04-29 03:52:34,391 - trading_bot - INFO - Calculated levels - Entry: 142.142, SL: 142.202, TP: 141.962
2025-04-29 03:52:34,392 - trading_bot - INFO - Active position exists for USDJPY, skipping
2025-04-29 03:53:34,399 - trading_bot - INFO - Calculated levels - Entry: 1.14038, SL: 1.14069, TP: 1.13945
2025-04-29 03:53:34,399 - trading_bot - INFO - Active position exists for EURUSD, skipping
2025-04-29 03:53:34,403 - trading_bot - INFO - Calculated levels - Entry: 1.3428, SL: 1.34306, TP: 1.34202
2025-04-29 03:53:34,404 - trading_bot - INFO - Active position exists for GBPUSD, skipping
2025-04-29 03:53:34,408 - trading_bot - INFO - Calculated levels - Entry: 142.094, SL: 142.16029, TP: 141.89514
2025-04-29 03:53:34,408 - trading_bot - INFO - Active position exists for USDJPY, skipping
2025-04-29 03:54:34,424 - trading_bot - INFO - Calculated levels - Entry: 1.14023, SL: 1.14055, TP: 1.13928
2025-04-29 03:54:34,425 - trading_bot - INFO - Active position exists for EURUSD, skipping
2025-04-29 03:54:34,432 - trading_bot - INFO - Calculated levels - Entry: 1.3427, SL: 1.34297, TP: 1.34189
2025-04-29 03:54:34,433 - trading_bot - INFO - Active position exists for GBPUSD, skipping
2025-04-29 03:54:34,439 - trading_bot - INFO - Calculated levels - Entry: 142.12, SL: 142.18714, TP: 141.91857
2025-04-29 03:54:34,439 - trading_bot - INFO - Active position exists for USDJPY, skipping
2025-04-29 03:55:34,457 - trading_bot - INFO - Calculated levels - Entry: 1.14029, SL: 1.14061, TP: 1.13933
2025-04-29 03:55:34,457 - trading_bot - INFO - Active position exists for EURUSD, skipping
2025-04-29 03:55:34,461 - trading_bot - INFO - Calculated levels - Entry: 1.34275, SL: 1.34303, TP: 1.34191
2025-04-29 03:55:34,462 - trading_bot - INFO - Active position exists for GBPUSD, skipping
2025-04-29 03:55:34,466 - trading_bot - INFO - Calculated levels - Entry: 142.137, SL: 142.20529, TP: 141.93214
2025-04-29 03:55:34,466 - trading_bot - INFO - Active position exists for USDJPY, skipping
2025-04-29 03:56:34,470 - trading_bot - INFO - Calculated levels - Entry: 1.14022, SL: 1.14056, TP: 1.1392
2025-04-29 03:56:34,470 - trading_bot - INFO - Active position exists for EURUSD, skipping
2025-04-29 03:56:34,476 - trading_bot - INFO - Calculated levels - Entry: 1.34272, SL: 1.34244, TP: 1.34357
2025-04-29 03:56:34,476 - trading_bot - INFO - Active position exists for GBPUSD, skipping
2025-04-29 03:56:34,480 - trading_bot - INFO - Calculated levels - Entry: 142.152, SL: 142.22514, TP: 141.93257
2025-04-29 03:56:34,480 - trading_bot - INFO - Active position exists for USDJPY, skipping
2025-04-29 03:57:34,493 - trading_bot - INFO - Calculated levels - Entry: 1.14013, SL: 1.14048, TP: 1.13908
2025-04-29 03:57:34,494 - trading_bot - INFO - Active position exists for EURUSD, skipping
2025-04-29 03:57:34,499 - trading_bot - INFO - Calculated levels - Entry: 1.34266, SL: 1.34237, TP: 1.34352
2025-04-29 03:57:34,499 - trading_bot - INFO - Active position exists for GBPUSD, skipping
2025-04-29 03:57:34,503 - trading_bot - INFO - Calculated levels - Entry: 142.191, SL: 142.11714, TP: 142.41257
2025-04-29 03:57:34,503 - trading_bot - INFO - Active position exists for USDJPY, skipping
2025-04-29 03:58:34,509 - trading_bot - INFO - Calculated levels - Entry: 1.13989, SL: 1.13953, TP: 1.14097
2025-04-29 03:58:34,509 - trading_bot - INFO - Active position exists for EURUSD, skipping
2025-04-29 03:58:34,514 - trading_bot - INFO - Calculated levels - Entry: 1.34242, SL: 1.34271, TP: 1.34155
2025-04-29 03:58:34,514 - trading_bot - INFO - Active position exists for GBPUSD, skipping
2025-04-29 03:58:34,519 - trading_bot - INFO - Calculated levels - Entry: 142.208, SL: 142.13414, TP: 142.42957
2025-04-29 03:58:34,519 - trading_bot - INFO - Active position exists for USDJPY, skipping
2025-04-29 03:59:34,531 - trading_bot - INFO - Calculated levels - Entry: 1.13995, SL: 1.14029, TP: 1.13894
2025-04-29 03:59:34,531 - trading_bot - INFO - Active position exists for EURUSD, skipping
2025-04-29 03:59:34,535 - trading_bot - INFO - Calculated levels - Entry: 1.34254, SL: 1.34283, TP: 1.34167
2025-04-29 03:59:34,536 - trading_bot - INFO - Active position exists for GBPUSD, skipping
2025-04-29 03:59:34,540 - trading_bot - INFO - Calculated levels - Entry: 142.233, SL: 142.16257, TP: 142.44429
2025-04-29 03:59:34,540 - trading_bot - INFO - Active position exists for USDJPY, skipping
2025-04-29 04:00:34,557 - trading_bot - INFO - Calculated levels - Entry: 1.13992, SL: 1.14024, TP: 1.13895
2025-04-29 04:00:34,557 - trading_bot - INFO - Active position exists for EURUSD, skipping
2025-04-29 04:00:34,562 - trading_bot - INFO - Calculated levels - Entry: 1.34251, SL: 1.34279, TP: 1.34168
2025-04-29 04:00:34,562 - trading_bot - INFO - Active position exists for GBPUSD, skipping
2025-04-29 04:00:34,566 - trading_bot - INFO - Calculated levels - Entry: 142.235, SL: 142.16786, TP: 142.43643
2025-04-29 04:00:34,566 - trading_bot - INFO - Active position exists for USDJPY, skipping
2025-04-29 04:01:34,579 - trading_bot - INFO - Calculated levels - Entry: 1.13992, SL: 1.14024, TP: 1.13895
2025-04-29 04:01:34,580 - trading_bot - INFO - Active position exists for EURUSD, skipping
2025-04-29 04:01:34,585 - trading_bot - INFO - Calculated levels - Entry: 1.34252, SL: 1.3428, TP: 1.34168
2025-04-29 04:01:34,585 - trading_bot - INFO - Active position exists for GBPUSD, skipping
2025-04-29 04:01:34,590 - trading_bot - INFO - Calculated levels - Entry: 142.233, SL: 142.16614, TP: 142.43357
2025-04-29 04:01:34,590 - trading_bot - INFO - Active position exists for USDJPY, skipping
2025-04-29 04:02:34,604 - trading_bot - INFO - Calculated levels - Entry: 1.14004, SL: 1.14037, TP: 1.13904
2025-04-29 04:02:34,605 - trading_bot - INFO - Active position exists for EURUSD, skipping
2025-04-29 04:02:34,610 - trading_bot - INFO - Calculated levels - Entry: 1.3426, SL: 1.34288, TP: 1.34176
2025-04-29 04:02:34,610 - trading_bot - INFO - Active position exists for GBPUSD, skipping
2025-04-29 04:02:34,615 - trading_bot - INFO - Calculated levels - Entry: 142.216, SL: 142.155, TP: 142.399
2025-04-29 04:02:34,616 - trading_bot - INFO - Active position exists for USDJPY, skipping
2025-04-29 04:03:34,632 - trading_bot - INFO - Calculated levels - Entry: 1.14023, SL: 1.13988, TP: 1.14128
2025-04-29 04:03:34,632 - trading_bot - INFO - Active position exists for EURUSD, skipping
2025-04-29 04:03:34,636 - trading_bot - INFO - Calculated levels - Entry: 1.3427, SL: 1.34238, TP: 1.34367
2025-04-29 04:03:34,637 - trading_bot - INFO - Active position exists for GBPUSD, skipping
2025-04-29 04:03:34,641 - trading_bot - INFO - Calculated levels - Entry: 142.193, SL: 142.12786, TP: 142.38843
2025-04-29 04:03:34,641 - trading_bot - INFO - Active position exists for USDJPY, skipping
2025-04-29 04:04:34,646 - trading_bot - INFO - Calculated levels - Entry: 1.14034, SL: 1.13998, TP: 1.14142
2025-04-29 04:04:34,646 - trading_bot - INFO - Active position exists for EURUSD, skipping
2025-04-29 04:04:34,651 - trading_bot - INFO - Calculated levels - Entry: 1.34262, SL: 1.34227, TP: 1.34366
2025-04-29 04:04:34,651 - trading_bot - INFO - Active position exists for GBPUSD, skipping
2025-04-29 04:04:34,655 - trading_bot - INFO - Calculated levels - Entry: 142.195, SL: 142.12771, TP: 142.39686
2025-04-29 04:04:34,656 - trading_bot - INFO - Active position exists for USDJPY, skipping
2025-04-29 04:05:34,674 - trading_bot - INFO - Calculated levels - Entry: 1.14019, SL: 1.13983, TP: 1.14128
2025-04-29 04:05:34,674 - trading_bot - INFO - Active position exists for EURUSD, skipping
2025-04-29 04:05:34,678 - trading_bot - INFO - Calculated levels - Entry: 1.34253, SL: 1.34219, TP: 1.34355
2025-04-29 04:05:34,679 - trading_bot - INFO - Active position exists for GBPUSD, skipping
2025-04-29 04:05:34,684 - trading_bot - INFO - Calculated levels - Entry: 142.216, SL: 142.14729, TP: 142.42214
2025-04-29 04:05:34,685 - trading_bot - INFO - Active position exists for USDJPY, skipping
2025-04-29 04:06:34,694 - trading_bot - INFO - Calculated levels - Entry: 1.14017, SL: 1.13981, TP: 1.14126
2025-04-29 04:06:34,694 - trading_bot - INFO - Active position exists for EURUSD, skipping
2025-04-29 04:06:34,700 - trading_bot - INFO - Calculated levels - Entry: 1.34251, SL: 1.34218, TP: 1.3435
2025-04-29 04:06:34,700 - trading_bot - INFO - Active position exists for GBPUSD, skipping
2025-04-29 04:06:34,704 - trading_bot - INFO - Calculated levels - Entry: 142.226, SL: 142.15771, TP: 142.43086
2025-04-29 04:06:34,704 - trading_bot - INFO - Active position exists for USDJPY, skipping
2025-04-29 04:07:34,711 - trading_bot - INFO - Calculated levels - Entry: 1.14016, SL: 1.13983, TP: 1.14115
2025-04-29 04:07:34,711 - trading_bot - INFO - Active position exists for EURUSD, skipping
2025-04-29 04:07:34,715 - trading_bot - INFO - Calculated levels - Entry: 1.34255, SL: 1.34226, TP: 1.34342
2025-04-29 04:07:34,716 - trading_bot - INFO - Active position exists for GBPUSD, skipping
2025-04-29 04:07:34,720 - trading_bot - INFO - Calculated levels - Entry: 142.237, SL: 142.30071, TP: 142.04586
2025-04-29 04:07:34,720 - trading_bot - INFO - Active position exists for USDJPY, skipping
2025-04-29 04:08:34,735 - trading_bot - INFO - Calculated levels - Entry: 1.14017, SL: 1.13985, TP: 1.14113
2025-04-29 04:08:34,735 - trading_bot - INFO - Active position exists for EURUSD, skipping
2025-04-29 04:08:34,741 - trading_bot - INFO - Calculated levels - Entry: 1.3426, SL: 1.34231, TP: 1.34346
2025-04-29 04:08:34,741 - trading_bot - INFO - Active position exists for GBPUSD, skipping
2025-04-29 04:08:34,745 - trading_bot - INFO - Calculated levels - Entry: 142.223, SL: 142.285, TP: 142.037
2025-04-29 04:08:34,745 - trading_bot - INFO - Active position exists for USDJPY, skipping
2025-04-29 04:09:34,755 - trading_bot - INFO - Calculated levels - Entry: 1.14005, SL: 1.13974, TP: 1.14099
2025-04-29 04:09:34,756 - trading_bot - INFO - Active position exists for EURUSD, skipping
2025-04-29 04:09:34,760 - trading_bot - INFO - Calculated levels - Entry: 1.34256, SL: 1.34228, TP: 1.3434
2025-04-29 04:09:34,760 - trading_bot - INFO - Active position exists for GBPUSD, skipping
2025-04-29 04:09:34,764 - trading_bot - INFO - Calculated levels - Entry: 142.233, SL: 142.29157, TP: 142.05729
2025-04-29 04:09:34,765 - trading_bot - INFO - Active position exists for USDJPY, skipping
2025-04-29 04:10:34,780 - trading_bot - INFO - Calculated levels - Entry: 1.14002, SL: 1.13971, TP: 1.14096
2025-04-29 04:10:34,780 - trading_bot - INFO - Active position exists for EURUSD, skipping
2025-04-29 04:10:34,784 - trading_bot - INFO - Calculated levels - Entry: 1.34255, SL: 1.34226, TP: 1.34341
2025-04-29 04:10:34,784 - trading_bot - INFO - Active position exists for GBPUSD, skipping
2025-04-29 04:10:34,789 - trading_bot - INFO - Calculated levels - Entry: 142.237, SL: 142.29257, TP: 142.07029
2025-04-29 04:10:34,789 - trading_bot - INFO - Active position exists for USDJPY, skipping
2025-04-29 04:11:34,805 - trading_bot - INFO - Calculated levels - Entry: 1.14036, SL: 1.14002, TP: 1.14138
2025-04-29 04:11:34,806 - trading_bot - INFO - Active position exists for EURUSD, skipping
2025-04-29 04:11:34,810 - trading_bot - INFO - Calculated levels - Entry: 1.34281, SL: 1.3425, TP: 1.34373
2025-04-29 04:11:34,810 - trading_bot - INFO - Active position exists for GBPUSD, skipping
2025-04-29 04:11:34,815 - trading_bot - INFO - Calculated levels - Entry: 142.218, SL: 142.165, TP: 142.377
2025-04-29 04:11:34,815 - trading_bot - INFO - Active position exists for USDJPY, skipping
2025-04-29 04:12:34,824 - trading_bot - INFO - Calculated levels - Entry: 1.14033, SL: 1.14001, TP: 1.14129
2025-04-29 04:12:34,825 - trading_bot - INFO - Active position exists for EURUSD, skipping
2025-04-29 04:12:34,829 - trading_bot - INFO - Calculated levels - Entry: 1.34271, SL: 1.34243, TP: 1.34356
2025-04-29 04:12:34,829 - trading_bot - INFO - Active position exists for GBPUSD, skipping
2025-04-29 04:12:34,832 - trading_bot - INFO - Calculated levels - Entry: 142.217, SL: 142.16686, TP: 142.36743
2025-04-29 04:12:34,833 - trading_bot - INFO - Active position exists for USDJPY, skipping
2025-04-29 04:13:34,838 - trading_bot - INFO - Calculated levels - Entry: 1.14046, SL: 1.14014, TP: 1.14143
2025-04-29 04:13:34,839 - trading_bot - INFO - Active position exists for EURUSD, skipping
2025-04-29 04:13:34,843 - trading_bot - INFO - Calculated levels - Entry: 1.34281, SL: 1.34253, TP: 1.34365
2025-04-29 04:13:34,843 - trading_bot - INFO - Active position exists for GBPUSD, skipping
2025-04-29 04:13:34,847 - trading_bot - INFO - Calculated levels - Entry: 142.198, SL: 142.25071, TP: 142.03986
2025-04-29 04:13:34,848 - trading_bot - INFO - Active position exists for USDJPY, skipping
2025-04-29 04:14:34,854 - trading_bot - INFO - Calculated levels - Entry: 1.14056, SL: 1.1409, TP: 1.13953
2025-04-29 04:14:34,855 - trading_bot - INFO - Active position exists for EURUSD, skipping
2025-04-29 04:14:34,859 - trading_bot - INFO - Calculated levels - Entry: 1.34281, SL: 1.34252, TP: 1.34369
2025-04-29 04:14:34,859 - trading_bot - INFO - Active position exists for GBPUSD, skipping
2025-04-29 04:14:34,865 - trading_bot - INFO - Calculated levels - Entry: 142.195, SL: 142.24914, TP: 142.03257
2025-04-29 04:14:34,866 - trading_bot - INFO - Active position exists for USDJPY, skipping
2025-04-29 04:15:34,873 - trading_bot - INFO - Calculated levels - Entry: 1.14069, SL: 1.14104, TP: 1.13964
2025-04-29 04:15:34,874 - trading_bot - INFO - Active position exists for EURUSD, skipping
2025-04-29 04:15:34,878 - trading_bot - INFO - Calculated levels - Entry: 1.3429, SL: 1.3426, TP: 1.34379
2025-04-29 04:15:34,879 - trading_bot - INFO - Active position exists for GBPUSD, skipping
2025-04-29 04:15:34,883 - trading_bot - INFO - Calculated levels - Entry: 142.195, SL: 142.25057, TP: 142.02829
2025-04-29 04:15:34,884 - trading_bot - INFO - Active position exists for USDJPY, skipping
2025-04-29 04:16:34,901 - trading_bot - INFO - Calculated levels - Entry: 1.14066, SL: 1.14033, TP: 1.14166
2025-04-29 04:16:34,901 - trading_bot - INFO - Active position exists for EURUSD, skipping
2025-04-29 04:16:34,905 - trading_bot - INFO - Calculated levels - Entry: 1.34291, SL: 1.34263, TP: 1.34374
2025-04-29 04:16:34,906 - trading_bot - INFO - Active position exists for GBPUSD, skipping
2025-04-29 04:16:34,910 - trading_bot - INFO - Calculated levels - Entry: 142.183, SL: 142.23743, TP: 142.01971
2025-04-29 04:16:34,910 - trading_bot - INFO - Active position exists for USDJPY, skipping
2025-04-29 04:17:34,929 - trading_bot - INFO - Calculated levels - Entry: 1.14076, SL: 1.14044, TP: 1.14172
2025-04-29 04:17:34,930 - trading_bot - INFO - Active position exists for EURUSD, skipping
2025-04-29 04:17:34,933 - trading_bot - INFO - Calculated levels - Entry: 1.343, SL: 1.34275, TP: 1.34375
2025-04-29 04:17:34,934 - trading_bot - INFO - Active position exists for GBPUSD, skipping
2025-04-29 04:17:34,938 - trading_bot - INFO - Calculated levels - Entry: 142.165, SL: 142.21914, TP: 142.00257
2025-04-29 04:17:34,938 - trading_bot - INFO - Active position exists for USDJPY, skipping
2025-04-29 04:18:34,944 - trading_bot - INFO - Calculated levels - Entry: 1.14068, SL: 1.14101, TP: 1.1397
2025-04-29 04:18:34,945 - trading_bot - INFO - Active position exists for EURUSD, skipping
2025-04-29 04:18:34,948 - trading_bot - INFO - Calculated levels - Entry: 1.343, SL: 1.34326, TP: 1.34223
2025-04-29 04:18:34,949 - trading_bot - INFO - Active position exists for GBPUSD, skipping
2025-04-29 04:18:34,955 - trading_bot - INFO - Calculated levels - Entry: 142.155, SL: 142.20986, TP: 141.99043
2025-04-29 04:18:34,955 - trading_bot - INFO - Active position exists for USDJPY, skipping
2025-04-29 04:19:34,970 - trading_bot - INFO - Calculated levels - Entry: 1.14078, SL: 1.1411, TP: 1.13981
2025-04-29 04:19:34,970 - trading_bot - INFO - Active position exists for EURUSD, skipping
2025-04-29 04:19:34,975 - trading_bot - INFO - Calculated levels - Entry: 1.34299, SL: 1.34324, TP: 1.34224
2025-04-29 04:19:34,976 - trading_bot - INFO - Active position exists for GBPUSD, skipping
2025-04-29 04:19:34,979 - trading_bot - INFO - Calculated levels - Entry: 142.163, SL: 142.222, TP: 141.986
2025-04-29 04:19:34,979 - trading_bot - INFO - Active position exists for USDJPY, skipping
2025-04-29 04:20:34,992 - trading_bot - INFO - Calculated levels - Entry: 1.14053, SL: 1.1402, TP: 1.14152
2025-04-29 04:20:34,993 - trading_bot - INFO - Active position exists for EURUSD, skipping
2025-04-29 04:20:34,997 - trading_bot - INFO - Calculated levels - Entry: 1.34276, SL: 1.3425, TP: 1.34355
2025-04-29 04:20:34,997 - trading_bot - INFO - Active position exists for GBPUSD, skipping
2025-04-29 04:20:35,001 - trading_bot - INFO - Calculated levels - Entry: 142.215, SL: 142.27729, TP: 142.02814
2025-04-29 04:20:35,001 - trading_bot - INFO - Active position exists for USDJPY, skipping
2025-04-29 04:21:35,018 - trading_bot - INFO - Calculated levels - Entry: 1.14037, SL: 1.14003, TP: 1.1414
2025-04-29 04:21:35,019 - trading_bot - INFO - Active position exists for EURUSD, skipping
2025-04-29 04:21:35,022 - trading_bot - INFO - Calculated levels - Entry: 1.34259, SL: 1.34231, TP: 1.34342
2025-04-29 04:21:35,023 - trading_bot - INFO - Active position exists for GBPUSD, skipping
2025-04-29 04:21:35,026 - trading_bot - INFO - Calculated levels - Entry: 142.209, SL: 142.27343, TP: 142.01571
2025-04-29 04:21:35,026 - trading_bot - INFO - Active position exists for USDJPY, skipping
2025-04-29 04:22:35,041 - trading_bot - INFO - Calculated levels - Entry: 1.14058, SL: 1.14022, TP: 1.14166
2025-04-29 04:22:35,041 - trading_bot - INFO - Active position exists for EURUSD, skipping
2025-04-29 04:22:35,045 - trading_bot - INFO - Calculated levels - Entry: 1.3427, SL: 1.34298, TP: 1.34186
2025-04-29 04:22:35,046 - trading_bot - INFO - Active position exists for GBPUSD, skipping
2025-04-29 04:22:35,051 - trading_bot - INFO - Calculated levels - Entry: 142.16, SL: 142.22957, TP: 141.95129
2025-04-29 04:22:35,051 - trading_bot - INFO - Active position exists for USDJPY, skipping
2025-04-29 04:23:35,062 - trading_bot - INFO - Calculated levels - Entry: 1.14053, SL: 1.14018, TP: 1.14159
2025-04-29 04:23:35,063 - trading_bot - INFO - Active position exists for EURUSD, skipping
2025-04-29 04:23:35,067 - trading_bot - INFO - Calculated levels - Entry: 1.34269, SL: 1.34296, TP: 1.34188
2025-04-29 04:23:35,068 - trading_bot - INFO - Active position exists for GBPUSD, skipping
2025-04-29 04:23:35,072 - trading_bot - INFO - Calculated levels - Entry: 142.209, SL: 142.28386, TP: 141.98443
2025-04-29 04:23:35,073 - trading_bot - INFO - Active position exists for USDJPY, skipping
2025-04-29 04:24:35,079 - trading_bot - INFO - Calculated levels - Entry: 1.1403, SL: 1.14067, TP: 1.13919
2025-04-29 04:24:35,080 - trading_bot - INFO - Active position exists for EURUSD, skipping
2025-04-29 04:24:35,085 - trading_bot - INFO - Calculated levels - Entry: 1.34259, SL: 1.34286, TP: 1.34177
2025-04-29 04:24:35,085 - trading_bot - INFO - Active position exists for GBPUSD, skipping
2025-04-29 04:24:35,089 - trading_bot - INFO - Calculated levels - Entry: 142.226, SL: 142.15143, TP: 142.44971
2025-04-29 04:24:35,089 - trading_bot - INFO - Active position exists for USDJPY, skipping
2025-04-29 04:25:35,100 - trading_bot - INFO - Calculated levels - Entry: 1.14027, SL: 1.14062, TP: 1.13923
2025-04-29 04:25:35,101 - trading_bot - INFO - Active position exists for EURUSD, skipping
2025-04-29 04:25:35,104 - trading_bot - INFO - Calculated levels - Entry: 1.3426, SL: 1.34286, TP: 1.34182
2025-04-29 04:25:35,105 - trading_bot - INFO - Active position exists for GBPUSD, skipping
2025-04-29 04:25:35,108 - trading_bot - INFO - Calculated levels - Entry: 142.217, SL: 142.14157, TP: 142.44329
2025-04-29 04:25:35,108 - trading_bot - INFO - Active position exists for USDJPY, skipping
2025-04-29 04:26:35,125 - trading_bot - INFO - Calculated levels - Entry: 1.14024, SL: 1.14058, TP: 1.13921
2025-04-29 04:26:35,126 - trading_bot - INFO - Active position exists for EURUSD, skipping
2025-04-29 04:26:35,130 - trading_bot - INFO - Calculated levels - Entry: 1.3425, SL: 1.34277, TP: 1.3417
2025-04-29 04:26:35,130 - trading_bot - INFO - Active position exists for GBPUSD, skipping
2025-04-29 04:26:35,133 - trading_bot - INFO - Calculated levels - Entry: 142.221, SL: 142.146, TP: 142.446
2025-04-29 04:26:35,134 - trading_bot - INFO - Active position exists for USDJPY, skipping
2025-04-29 04:27:35,143 - trading_bot - INFO - Calculated levels - Entry: 1.14027, SL: 1.14061, TP: 1.13925
2025-04-29 04:27:35,144 - trading_bot - INFO - Active position exists for EURUSD, skipping
2025-04-29 04:27:35,149 - trading_bot - INFO - Calculated levels - Entry: 1.34252, SL: 1.34278, TP: 1.34175
2025-04-29 04:27:35,149 - trading_bot - INFO - Active position exists for GBPUSD, skipping
2025-04-29 04:27:35,152 - trading_bot - INFO - Calculated levels - Entry: 142.214, SL: 142.141, TP: 142.433
2025-04-29 04:27:35,153 - trading_bot - INFO - Active position exists for USDJPY, skipping
2025-04-29 04:28:35,162 - trading_bot - INFO - Calculated levels - Entry: 1.14038, SL: 1.14072, TP: 1.13937
2025-04-29 04:28:35,162 - trading_bot - INFO - Active position exists for EURUSD, skipping
2025-04-29 04:28:35,165 - trading_bot - INFO - Calculated levels - Entry: 1.3426, SL: 1.34286, TP: 1.34183
2025-04-29 04:28:35,166 - trading_bot - INFO - Active position exists for GBPUSD, skipping
2025-04-29 04:28:35,169 - trading_bot - INFO - Calculated levels - Entry: 142.216, SL: 142.14471, TP: 142.42986
2025-04-29 04:28:35,170 - trading_bot - INFO - Active position exists for USDJPY, skipping
2025-04-29 04:29:35,183 - trading_bot - INFO - Calculated levels - Entry: 1.14044, SL: 1.14077, TP: 1.13945
2025-04-29 04:29:35,183 - trading_bot - INFO - Active position exists for EURUSD, skipping
2025-04-29 04:29:35,187 - trading_bot - INFO - Calculated levels - Entry: 1.34271, SL: 1.34297, TP: 1.34192
2025-04-29 04:29:35,188 - trading_bot - INFO - Active position exists for GBPUSD, skipping
2025-04-29 04:29:35,192 - trading_bot - INFO - Calculated levels - Entry: 142.221, SL: 142.15229, TP: 142.42714
2025-04-29 04:29:35,192 - trading_bot - INFO - Active position exists for USDJPY, skipping
2025-04-29 04:30:35,202 - trading_bot - INFO - Calculated levels - Entry: 1.14032, SL: 1.14065, TP: 1.13934
2025-04-29 04:30:35,202 - trading_bot - INFO - Active position exists for EURUSD, skipping
2025-04-29 04:30:35,208 - trading_bot - INFO - Calculated levels - Entry: 1.34256, SL: 1.34284, TP: 1.34172
2025-04-29 04:30:35,208 - trading_bot - INFO - Active position exists for GBPUSD, skipping
2025-04-29 04:30:35,212 - trading_bot - INFO - Calculated levels - Entry: 142.235, SL: 142.16843, TP: 142.43471
2025-04-29 04:30:35,213 - trading_bot - INFO - Active position exists for USDJPY, skipping
2025-04-29 04:31:35,221 - trading_bot - INFO - Calculated levels - Entry: 1.14018, SL: 1.14051, TP: 1.13918
2025-04-29 04:31:35,221 - trading_bot - INFO - Active position exists for EURUSD, skipping
2025-04-29 04:31:35,225 - trading_bot - INFO - Calculated levels - Entry: 1.34249, SL: 1.34277, TP: 1.34165
2025-04-29 04:31:35,225 - trading_bot - INFO - Active position exists for GBPUSD, skipping
2025-04-29 04:31:35,228 - trading_bot - INFO - Calculated levels - Entry: 142.248, SL: 142.18071, TP: 142.44986
2025-04-29 04:31:35,228 - trading_bot - INFO - Active position exists for USDJPY, skipping
2025-04-29 04:32:35,247 - trading_bot - INFO - Calculated levels - Entry: 1.14021, SL: 1.1399, TP: 1.14115
2025-04-29 04:32:35,248 - trading_bot - INFO - Active position exists for EURUSD, skipping
2025-04-29 04:32:35,252 - trading_bot - INFO - Calculated levels - Entry: 1.34249, SL: 1.34222, TP: 1.3433
2025-04-29 04:32:35,252 - trading_bot - INFO - Active position exists for GBPUSD, skipping
2025-04-29 04:32:35,255 - trading_bot - INFO - Calculated levels - Entry: 142.251, SL: 142.312, TP: 142.068
2025-04-29 04:32:35,256 - trading_bot - INFO - Active position exists for USDJPY, skipping
2025-04-29 04:33:35,263 - trading_bot - INFO - Calculated levels - Entry: 1.14013, SL: 1.13982, TP: 1.14106
2025-04-29 04:33:35,264 - trading_bot - INFO - Active position exists for EURUSD, skipping
2025-04-29 04:33:35,268 - trading_bot - INFO - Calculated levels - Entry: 1.34241, SL: 1.34215, TP: 1.34319
2025-04-29 04:33:35,270 - trading_bot - INFO - Active position exists for GBPUSD, skipping
2025-04-29 04:33:35,274 - trading_bot - INFO - Calculated levels - Entry: 142.248, SL: 142.30614, TP: 142.07357
2025-04-29 04:33:35,274 - trading_bot - INFO - Active position exists for USDJPY, skipping
2025-04-29 04:34:35,289 - trading_bot - INFO - Calculated levels - Entry: 1.13992, SL: 1.13961, TP: 1.14085
2025-04-29 04:34:35,289 - trading_bot - INFO - Active position exists for EURUSD, skipping
2025-04-29 04:34:35,293 - trading_bot - INFO - Calculated levels - Entry: 1.34229, SL: 1.34203, TP: 1.34306
2025-04-29 04:34:35,294 - trading_bot - INFO - Active position exists for GBPUSD, skipping
2025-04-29 04:34:35,298 - trading_bot - INFO - Calculated levels - Entry: 142.25, SL: 142.19786, TP: 142.40643
2025-04-29 04:34:35,298 - trading_bot - INFO - Active position exists for USDJPY, skipping
2025-04-29 04:35:35,309 - trading_bot - INFO - Calculated levels - Entry: 1.13986, SL: 1.13955, TP: 1.14079
2025-04-29 04:35:35,309 - trading_bot - INFO - Active position exists for EURUSD, skipping
2025-04-29 04:35:35,314 - trading_bot - INFO - Calculated levels - Entry: 1.34232, SL: 1.34257, TP: 1.34157
2025-04-29 04:35:35,315 - trading_bot - INFO - Active position exists for GBPUSD, skipping
2025-04-29 04:35:35,319 - trading_bot - INFO - Calculated levels - Entry: 142.255, SL: 142.20486, TP: 142.40543
2025-04-29 04:35:35,319 - trading_bot - INFO - Active position exists for USDJPY, skipping
2025-04-29 04:36:35,332 - trading_bot - INFO - Calculated levels - Entry: 1.1399, SL: 1.13961, TP: 1.14076
2025-04-29 04:36:35,337 - trading_bot - INFO - Active position exists for EURUSD, skipping
2025-04-29 04:36:35,345 - trading_bot - INFO - Calculated levels - Entry: 1.34233, SL: 1.34209, TP: 1.34305
2025-04-29 04:36:35,345 - trading_bot - INFO - Active position exists for GBPUSD, skipping
2025-04-29 04:36:35,350 - trading_bot - INFO - Calculated levels - Entry: 142.243, SL: 142.28814, TP: 142.10757
2025-04-29 04:36:35,350 - trading_bot - INFO - Active position exists for USDJPY, skipping
2025-04-29 04:37:35,367 - trading_bot - INFO - Calculated levels - Entry: 1.14002, SL: 1.14031, TP: 1.13914
2025-04-29 04:37:35,367 - trading_bot - INFO - Active position exists for EURUSD, skipping
2025-04-29 04:37:35,372 - trading_bot - INFO - Calculated levels - Entry: 1.34242, SL: 1.34267, TP: 1.34168
2025-04-29 04:37:35,373 - trading_bot - INFO - Active position exists for GBPUSD, skipping
2025-04-29 04:37:35,379 - trading_bot - INFO - Calculated levels - Entry: 142.243, SL: 142.203, TP: 142.363
2025-04-29 04:37:35,379 - trading_bot - INFO - Active position exists for USDJPY, skipping
2025-04-29 04:38:35,395 - trading_bot - INFO - Calculated levels - Entry: 1.14003, SL: 1.14034, TP: 1.13909
2025-04-29 04:38:35,395 - trading_bot - INFO - Active position exists for EURUSD, skipping
2025-04-29 04:38:35,400 - trading_bot - INFO - Calculated levels - Entry: 1.34245, SL: 1.34272, TP: 1.34163
2025-04-29 04:38:35,400 - trading_bot - INFO - Active position exists for GBPUSD, skipping
2025-04-29 04:38:35,405 - trading_bot - INFO - Calculated levels - Entry: 142.247, SL: 142.20386, TP: 142.37643
2025-04-29 04:38:35,405 - trading_bot - INFO - Active position exists for USDJPY, skipping
2025-04-29 04:39:35,419 - trading_bot - INFO - Calculated levels - Entry: 1.13989, SL: 1.1402, TP: 1.13895
2025-04-29 04:39:35,419 - trading_bot - INFO - Active position exists for EURUSD, skipping
2025-04-29 04:39:35,424 - trading_bot - INFO - Calculated levels - Entry: 1.34235, SL: 1.34263, TP: 1.34152
2025-04-29 04:39:35,424 - trading_bot - INFO - Active position exists for GBPUSD, skipping
2025-04-29 04:39:35,428 - trading_bot - INFO - Calculated levels - Entry: 142.286, SL: 142.33014, TP: 142.15357
2025-04-29 04:39:35,429 - trading_bot - INFO - Active position exists for USDJPY, skipping
2025-04-29 04:40:35,439 - trading_bot - INFO - Calculated levels - Entry: 1.14, SL: 1.14033, TP: 1.139
2025-04-29 04:40:35,440 - trading_bot - INFO - Active position exists for EURUSD, skipping
2025-04-29 04:40:35,444 - trading_bot - INFO - Calculated levels - Entry: 1.3424, SL: 1.34268, TP: 1.34157
2025-04-29 04:40:35,445 - trading_bot - INFO - Active position exists for GBPUSD, skipping
2025-04-29 04:40:35,448 - trading_bot - INFO - Calculated levels - Entry: 142.268, SL: 142.22286, TP: 142.40343
2025-04-29 04:40:35,448 - trading_bot - INFO - Active position exists for USDJPY, skipping
2025-04-29 04:41:35,463 - trading_bot - INFO - Calculated levels - Entry: 1.13959, SL: 1.13997, TP: 1.13845
2025-04-29 04:41:35,463 - trading_bot - INFO - Active position exists for EURUSD, skipping
2025-04-29 04:41:35,466 - trading_bot - INFO - Calculated levels - Entry: 1.34222, SL: 1.34252, TP: 1.34131
2025-04-29 04:41:35,467 - trading_bot - INFO - Active position exists for GBPUSD, skipping
2025-04-29 04:41:35,470 - trading_bot - INFO - Calculated levels - Entry: 142.312, SL: 142.36129, TP: 142.16414
2025-04-29 04:41:35,471 - trading_bot - INFO - Active position exists for USDJPY, skipping
2025-04-29 04:42:35,490 - trading_bot - INFO - Calculated levels - Entry: 1.13959, SL: 1.1392, TP: 1.14075
2025-04-29 04:42:35,490 - trading_bot - INFO - Active position exists for EURUSD, skipping
2025-04-29 04:42:35,495 - trading_bot - INFO - Calculated levels - Entry: 1.34219, SL: 1.34249, TP: 1.34129
2025-04-29 04:42:35,495 - trading_bot - INFO - Active position exists for GBPUSD, skipping
2025-04-29 04:42:35,500 - trading_bot - INFO - Calculated levels - Entry: 142.299, SL: 142.34771, TP: 142.15286
2025-04-29 04:42:35,500 - trading_bot - INFO - Active position exists for USDJPY, skipping
2025-04-29 04:43:35,512 - trading_bot - INFO - Calculated levels - Entry: 1.13965, SL: 1.13927, TP: 1.1408
2025-04-29 04:43:35,512 - trading_bot - INFO - Active position exists for EURUSD, skipping
2025-04-29 04:43:35,518 - trading_bot - INFO - Calculated levels - Entry: 1.34225, SL: 1.34254, TP: 1.34138
2025-04-29 04:43:35,518 - trading_bot - INFO - Active position exists for GBPUSD, skipping
2025-04-29 04:43:35,521 - trading_bot - INFO - Calculated levels - Entry: 142.294, SL: 142.343, TP: 142.147
2025-04-29 04:43:35,522 - trading_bot - INFO - Active position exists for USDJPY, skipping
2025-04-29 04:44:35,536 - trading_bot - INFO - Calculated levels - Entry: 1.13964, SL: 1.14001, TP: 1.13853
2025-04-29 04:44:35,537 - trading_bot - INFO - Active position exists for EURUSD, skipping
2025-04-29 04:44:35,541 - trading_bot - INFO - Calculated levels - Entry: 1.34224, SL: 1.3425, TP: 1.34145
2025-04-29 04:44:35,541 - trading_bot - INFO - Active position exists for GBPUSD, skipping
2025-04-29 04:44:35,545 - trading_bot - INFO - Calculated levels - Entry: 142.307, SL: 142.25771, TP: 142.45486
2025-04-29 04:44:35,546 - trading_bot - INFO - Active position exists for USDJPY, skipping
2025-04-29 04:45:35,561 - trading_bot - INFO - Calculated levels - Entry: 1.13957, SL: 1.13996, TP: 1.1384
2025-04-29 04:45:35,564 - trading_bot - INFO - Active position exists for EURUSD, skipping
2025-04-29 04:45:35,575 - trading_bot - INFO - Calculated levels - Entry: 1.34216, SL: 1.34244, TP: 1.34132
2025-04-29 04:45:35,576 - trading_bot - INFO - Active position exists for GBPUSD, skipping
2025-04-29 04:45:35,582 - trading_bot - INFO - Calculated levels - Entry: 142.354, SL: 142.40629, TP: 142.19714
2025-04-29 04:45:35,583 - trading_bot - INFO - Active position exists for USDJPY, skipping
2025-04-29 04:46:35,588 - trading_bot - INFO - Calculated levels - Entry: 1.13961, SL: 1.13999, TP: 1.13847
2025-04-29 04:46:35,589 - trading_bot - INFO - Active position exists for EURUSD, skipping
2025-04-29 04:46:35,593 - trading_bot - INFO - Calculated levels - Entry: 1.34222, SL: 1.34249, TP: 1.34141
2025-04-29 04:46:35,593 - trading_bot - INFO - Active position exists for GBPUSD, skipping
2025-04-29 04:46:35,597 - trading_bot - INFO - Calculated levels - Entry: 142.33, SL: 142.38243, TP: 142.17271
2025-04-29 04:46:35,598 - trading_bot - INFO - Active position exists for USDJPY, skipping
2025-04-29 04:47:35,607 - trading_bot - INFO - Calculated levels - Entry: 1.13957, SL: 1.13999, TP: 1.13831
2025-04-29 04:47:35,607 - trading_bot - INFO - Active position exists for EURUSD, skipping
2025-04-29 04:47:35,613 - trading_bot - INFO - Calculated levels - Entry: 1.34219, SL: 1.34248, TP: 1.34131
2025-04-29 04:47:35,613 - trading_bot - INFO - Active position exists for GBPUSD, skipping
2025-04-29 04:47:35,619 - trading_bot - INFO - Calculated levels - Entry: 142.342, SL: 142.39529, TP: 142.18214
2025-04-29 04:47:35,619 - trading_bot - INFO - Active position exists for USDJPY, skipping
2025-04-29 04:48:35,630 - trading_bot - INFO - Calculated levels - Entry: 1.1395, SL: 1.13991, TP: 1.13826
2025-04-29 04:48:35,630 - trading_bot - INFO - Active position exists for EURUSD, skipping
2025-04-29 04:48:35,635 - trading_bot - INFO - Calculated levels - Entry: 1.34212, SL: 1.34241, TP: 1.34125
2025-04-29 04:48:35,636 - trading_bot - INFO - Active position exists for GBPUSD, skipping
2025-04-29 04:48:35,640 - trading_bot - INFO - Calculated levels - Entry: 142.359, SL: 142.414, TP: 142.194
2025-04-29 04:48:35,642 - trading_bot - INFO - Active position exists for USDJPY, skipping
2025-04-29 04:49:35,662 - trading_bot - INFO - Calculated levels - Entry: 1.13929, SL: 1.13972, TP: 1.138
2025-04-29 04:49:35,663 - trading_bot - INFO - Active position exists for EURUSD, skipping
2025-04-29 04:49:35,668 - trading_bot - INFO - Calculated levels - Entry: 1.342, SL: 1.34229, TP: 1.34113
2025-04-29 04:49:35,668 - trading_bot - INFO - Active position exists for GBPUSD, skipping
2025-04-29 04:49:35,674 - trading_bot - INFO - Calculated levels - Entry: 142.386, SL: 142.44271, TP: 142.21586
2025-04-29 04:49:35,674 - trading_bot - INFO - Active position exists for USDJPY, skipping
2025-04-29 04:50:35,693 - trading_bot - INFO - Calculated levels - Entry: 1.13913, SL: 1.13958, TP: 1.13778
2025-04-29 04:50:35,693 - trading_bot - INFO - Active position exists for EURUSD, skipping
2025-04-29 04:50:35,699 - trading_bot - INFO - Calculated levels - Entry: 1.34184, SL: 1.34154, TP: 1.34275
2025-04-29 04:50:35,700 - trading_bot - INFO - Active position exists for GBPUSD, skipping
2025-04-29 04:50:35,705 - trading_bot - INFO - Calculated levels - Entry: 142.384, SL: 142.43957, TP: 142.21729
2025-04-29 04:50:35,706 - trading_bot - INFO - Active position exists for USDJPY, skipping
2025-04-29 04:51:35,717 - trading_bot - INFO - Calculated levels - Entry: 1.13909, SL: 1.13866, TP: 1.14037
2025-04-29 04:51:35,717 - trading_bot - INFO - Active position exists for EURUSD, skipping
2025-04-29 04:51:35,720 - trading_bot - INFO - Calculated levels - Entry: 1.3419, SL: 1.34161, TP: 1.34278
2025-04-29 04:51:35,721 - trading_bot - INFO - Active position exists for GBPUSD, skipping
2025-04-29 04:51:35,725 - trading_bot - INFO - Calculated levels - Entry: 142.384, SL: 142.43957, TP: 142.21729
2025-04-29 04:51:35,725 - trading_bot - INFO - Active position exists for USDJPY, skipping
2025-04-29 04:52:35,742 - trading_bot - INFO - Calculated levels - Entry: 1.13899, SL: 1.13858, TP: 1.14022
2025-04-29 04:52:35,742 - trading_bot - INFO - Active position exists for EURUSD, skipping
2025-04-29 04:52:35,747 - trading_bot - INFO - Calculated levels - Entry: 1.34189, SL: 1.34162, TP: 1.34271
2025-04-29 04:52:35,747 - trading_bot - INFO - Active position exists for GBPUSD, skipping
2025-04-29 04:52:35,750 - trading_bot - INFO - Calculated levels - Entry: 142.395, SL: 142.44971, TP: 142.23086
2025-04-29 04:52:35,751 - trading_bot - INFO - Active position exists for USDJPY, skipping
2025-04-29 04:53:35,760 - trading_bot - INFO - Calculated levels - Entry: 1.13882, SL: 1.13839, TP: 1.14011
2025-04-29 04:53:35,760 - trading_bot - INFO - Active position exists for EURUSD, skipping
2025-04-29 04:53:35,764 - trading_bot - INFO - Calculated levels - Entry: 1.3418, SL: 1.34152, TP: 1.34265
2025-04-29 04:53:35,765 - trading_bot - INFO - Active position exists for GBPUSD, skipping
2025-04-29 04:53:35,769 - trading_bot - INFO - Calculated levels - Entry: 142.411, SL: 142.463, TP: 142.255
2025-04-29 04:53:35,769 - trading_bot - INFO - Active position exists for USDJPY, skipping
2025-04-29 04:54:35,783 - trading_bot - INFO - Calculated levels - Entry: 1.13889, SL: 1.13847, TP: 1.14014
2025-04-29 04:54:35,783 - trading_bot - INFO - Active position exists for EURUSD, skipping
2025-04-29 04:54:35,788 - trading_bot - INFO - Calculated levels - Entry: 1.34182, SL: 1.34154, TP: 1.34266
2025-04-29 04:54:35,788 - trading_bot - INFO - Active position exists for GBPUSD, skipping
2025-04-29 04:54:35,793 - trading_bot - INFO - Calculated levels - Entry: 142.407, SL: 142.45786, TP: 142.25443
2025-04-29 04:54:35,793 - trading_bot - INFO - Active position exists for USDJPY, skipping
2025-04-29 04:55:35,803 - trading_bot - INFO - Calculated levels - Entry: 1.13888, SL: 1.13852, TP: 1.13996
2025-04-29 04:55:35,803 - trading_bot - INFO - Active position exists for EURUSD, skipping
2025-04-29 04:55:35,808 - trading_bot - INFO - Calculated levels - Entry: 1.34179, SL: 1.34153, TP: 1.34257
2025-04-29 04:55:35,808 - trading_bot - INFO - Active position exists for GBPUSD, skipping
2025-04-29 04:55:35,813 - trading_bot - INFO - Calculated levels - Entry: 142.405, SL: 142.45, TP: 142.27
2025-04-29 04:55:35,814 - trading_bot - INFO - Active position exists for USDJPY, skipping
2025-04-29 04:56:35,820 - trading_bot - INFO - Calculated levels - Entry: 1.13888, SL: 1.13854, TP: 1.13991
2025-04-29 04:56:35,821 - trading_bot - INFO - Active position exists for EURUSD, skipping
2025-04-29 04:56:35,825 - trading_bot - INFO - Calculated levels - Entry: 1.34172, SL: 1.34145, TP: 1.34252
2025-04-29 04:56:35,826 - trading_bot - INFO - Active position exists for GBPUSD, skipping
2025-04-29 04:56:35,835 - trading_bot - INFO - Calculated levels - Entry: 142.415, SL: 142.46371, TP: 142.26886
2025-04-29 04:56:35,841 - trading_bot - INFO - Active position exists for USDJPY, skipping
2025-04-29 04:57:35,854 - trading_bot - INFO - Calculated levels - Entry: 1.13878, SL: 1.13843, TP: 1.13983
2025-04-29 04:57:35,854 - trading_bot - INFO - Active position exists for EURUSD, skipping
2025-04-29 04:57:35,858 - trading_bot - INFO - Calculated levels - Entry: 1.34169, SL: 1.34142, TP: 1.34249
2025-04-29 04:57:35,859 - trading_bot - INFO - Active position exists for GBPUSD, skipping
2025-04-29 04:57:35,862 - trading_bot - INFO - Calculated levels - Entry: 142.422, SL: 142.47029, TP: 142.27714
2025-04-29 04:57:35,864 - trading_bot - INFO - Active position exists for USDJPY, skipping
2025-04-29 04:58:35,877 - trading_bot - INFO - Calculated levels - Entry: 1.13904, SL: 1.13867, TP: 1.14016
2025-04-29 04:58:35,877 - trading_bot - INFO - Active position exists for EURUSD, skipping
2025-04-29 04:58:35,882 - trading_bot - INFO - Calculated levels - Entry: 1.34195, SL: 1.34225, TP: 1.34105
2025-04-29 04:58:35,882 - trading_bot - INFO - Active position exists for GBPUSD, skipping
2025-04-29 04:58:35,886 - trading_bot - INFO - Calculated levels - Entry: 142.393, SL: 142.34357, TP: 142.54129
2025-04-29 04:58:35,887 - trading_bot - INFO - Active position exists for USDJPY, skipping
2025-04-29 04:59:35,905 - trading_bot - INFO - Calculated levels - Entry: 1.13899, SL: 1.13935, TP: 1.1379
2025-04-29 04:59:35,905 - trading_bot - INFO - Active position exists for EURUSD, skipping
2025-04-29 04:59:35,910 - trading_bot - INFO - Calculated levels - Entry: 1.342, SL: 1.34171, TP: 1.34287
2025-04-29 04:59:35,910 - trading_bot - INFO - Active position exists for GBPUSD, skipping
2025-04-29 04:59:35,913 - trading_bot - INFO - Calculated levels - Entry: 142.405, SL: 142.45157, TP: 142.26529
2025-04-29 04:59:35,914 - trading_bot - INFO - Active position exists for USDJPY, skipping
2025-04-29 05:00:35,930 - trading_bot - INFO - Calculated levels - Entry: 1.13918, SL: 1.13882, TP: 1.14026
2025-04-29 05:00:35,930 - trading_bot - INFO - Active position exists for EURUSD, skipping
2025-04-29 05:00:35,935 - trading_bot - INFO - Calculated levels - Entry: 1.34201, SL: 1.34172, TP: 1.34287
2025-04-29 05:00:35,935 - trading_bot - INFO - Active position exists for GBPUSD, skipping
2025-04-29 05:00:35,939 - trading_bot - INFO - Calculated levels - Entry: 142.411, SL: 142.45671, TP: 142.27386
2025-04-29 05:00:35,939 - trading_bot - INFO - Active position exists for USDJPY, skipping
2025-04-29 05:01:35,958 - trading_bot - INFO - Calculated levels - Entry: 1.13925, SL: 1.13891, TP: 1.14026
2025-04-29 05:01:35,958 - trading_bot - INFO - Active position exists for EURUSD, skipping
2025-04-29 05:01:35,962 - trading_bot - INFO - Calculated levels - Entry: 1.34207, SL: 1.3418, TP: 1.34287
2025-04-29 05:01:35,964 - trading_bot - INFO - Active position exists for GBPUSD, skipping
2025-04-29 05:01:35,968 - trading_bot - INFO - Calculated levels - Entry: 142.402, SL: 142.44629, TP: 142.26914
2025-04-29 05:01:35,968 - trading_bot - INFO - Active position exists for USDJPY, skipping
2025-04-29 05:02:35,980 - trading_bot - INFO - Calculated levels - Entry: 1.13957, SL: 1.13921, TP: 1.14066
2025-04-29 05:02:35,980 - trading_bot - INFO - Active position exists for EURUSD, skipping
2025-04-29 05:02:35,985 - trading_bot - INFO - Calculated levels - Entry: 1.3423, SL: 1.342, TP: 1.34319
2025-04-29 05:02:35,985 - trading_bot - INFO - Active position exists for GBPUSD, skipping
2025-04-29 05:02:35,989 - trading_bot - INFO - Calculated levels - Entry: 142.363, SL: 142.408, TP: 142.228
2025-04-29 05:02:35,989 - trading_bot - INFO - Active position exists for USDJPY, skipping
2025-04-29 05:03:36,005 - trading_bot - INFO - Calculated levels - Entry: 1.13948, SL: 1.13911, TP: 1.14059
2025-04-29 05:03:36,005 - trading_bot - INFO - Active position exists for EURUSD, skipping
2025-04-29 05:03:36,010 - trading_bot - INFO - Calculated levels - Entry: 1.3422, SL: 1.34189, TP: 1.34313
2025-04-29 05:03:36,011 - trading_bot - INFO - Active position exists for GBPUSD, skipping
2025-04-29 05:03:36,014 - trading_bot - INFO - Calculated levels - Entry: 142.416, SL: 142.46657, TP: 142.26429
2025-04-29 05:03:36,014 - trading_bot - INFO - Active position exists for USDJPY, skipping
2025-04-29 05:04:36,033 - trading_bot - INFO - Calculated levels - Entry: 1.13959, SL: 1.13925, TP: 1.14061
2025-04-29 05:04:36,033 - trading_bot - INFO - Active position exists for EURUSD, skipping
2025-04-29 05:04:36,038 - trading_bot - INFO - Calculated levels - Entry: 1.34229, SL: 1.34258, TP: 1.34141
2025-04-29 05:04:36,039 - trading_bot - INFO - Active position exists for GBPUSD, skipping
2025-04-29 05:04:36,042 - trading_bot - INFO - Calculated levels - Entry: 142.391, SL: 142.44271, TP: 142.23586
2025-04-29 05:04:36,043 - trading_bot - INFO - Active position exists for USDJPY, skipping
2025-04-29 05:05:36,062 - trading_bot - INFO - Calculated levels - Entry: 1.13967, SL: 1.14001, TP: 1.13865
2025-04-29 05:05:36,062 - trading_bot - INFO - Active position exists for EURUSD, skipping
2025-04-29 05:05:36,066 - trading_bot - INFO - Calculated levels - Entry: 1.3424, SL: 1.34271, TP: 1.34148
2025-04-29 05:05:36,067 - trading_bot - INFO - Active position exists for GBPUSD, skipping
2025-04-29 05:05:36,071 - trading_bot - INFO - Calculated levels - Entry: 142.363, SL: 142.41743, TP: 142.19971
2025-04-29 05:05:36,071 - trading_bot - INFO - Active position exists for USDJPY, skipping
2025-04-29 05:06:36,130 - trading_bot - INFO - Calculated levels - Entry: 1.13991, SL: 1.14026, TP: 1.13886
2025-04-29 05:06:36,130 - trading_bot - INFO - Active position exists for EURUSD, skipping
2025-04-29 05:06:36,135 - trading_bot - INFO - Calculated levels - Entry: 1.34261, SL: 1.34293, TP: 1.34164
2025-04-29 05:06:36,135 - trading_bot - INFO - Active position exists for GBPUSD, skipping
2025-04-29 05:06:36,139 - trading_bot - INFO - Calculated levels - Entry: 142.334, SL: 142.38943, TP: 142.16771
2025-04-29 05:06:36,140 - trading_bot - INFO - Active position exists for USDJPY, skipping
2025-04-29 05:07:36,147 - trading_bot - INFO - Calculated levels - Entry: 1.13983, SL: 1.14017, TP: 1.13881
2025-04-29 05:07:36,147 - trading_bot - INFO - Active position exists for EURUSD, skipping
2025-04-29 05:07:36,153 - trading_bot - INFO - Calculated levels - Entry: 1.3426, SL: 1.34291, TP: 1.34167
2025-04-29 05:07:36,153 - trading_bot - INFO - Active position exists for GBPUSD, skipping
2025-04-29 05:07:36,157 - trading_bot - INFO - Calculated levels - Entry: 142.332, SL: 142.38571, TP: 142.17086
2025-04-29 05:07:36,157 - trading_bot - INFO - Active position exists for USDJPY, skipping
2025-04-29 05:08:36,165 - trading_bot - INFO - Calculated levels - Entry: 1.13991, SL: 1.14025, TP: 1.13889
2025-04-29 05:08:36,165 - trading_bot - INFO - Active position exists for EURUSD, skipping
2025-04-29 05:08:36,170 - trading_bot - INFO - Calculated levels - Entry: 1.34261, SL: 1.34292, TP: 1.34169
2025-04-29 05:08:36,171 - trading_bot - INFO - Active position exists for GBPUSD, skipping
2025-04-29 05:08:36,174 - trading_bot - INFO - Calculated levels - Entry: 142.313, SL: 142.25757, TP: 142.47929
2025-04-29 05:08:36,175 - trading_bot - INFO - Active position exists for USDJPY, skipping
2025-04-29 05:09:36,190 - trading_bot - INFO - Calculated levels - Entry: 1.14007, SL: 1.14044, TP: 1.13896
2025-04-29 05:09:36,191 - trading_bot - INFO - Active position exists for EURUSD, skipping
2025-04-29 05:09:36,195 - trading_bot - INFO - Calculated levels - Entry: 1.34271, SL: 1.34303, TP: 1.34176
2025-04-29 05:09:36,195 - trading_bot - INFO - Active position exists for GBPUSD, skipping
2025-04-29 05:09:36,199 - trading_bot - INFO - Calculated levels - Entry: 142.292, SL: 142.23557, TP: 142.46129
2025-04-29 05:09:36,200 - trading_bot - INFO - Active position exists for USDJPY, skipping
2025-04-29 05:10:36,215 - trading_bot - INFO - Calculated levels - Entry: 1.14018, SL: 1.14056, TP: 1.13904
2025-04-29 05:10:36,216 - trading_bot - INFO - Active position exists for EURUSD, skipping
2025-04-29 05:10:36,221 - trading_bot - INFO - Calculated levels - Entry: 1.34271, SL: 1.34303, TP: 1.34176
2025-04-29 05:10:36,221 - trading_bot - INFO - Active position exists for GBPUSD, skipping
2025-04-29 05:10:36,225 - trading_bot - INFO - Calculated levels - Entry: 142.312, SL: 142.25629, TP: 142.47914
2025-04-29 05:10:36,226 - trading_bot - INFO - Active position exists for USDJPY, skipping
2025-04-29 05:11:36,242 - trading_bot - INFO - Calculated levels - Entry: 1.14048, SL: 1.14088, TP: 1.13927
2025-04-29 05:11:36,242 - trading_bot - INFO - Active position exists for EURUSD, skipping
2025-04-29 05:11:36,248 - trading_bot - INFO - Calculated levels - Entry: 1.34291, SL: 1.34324, TP: 1.34191
2025-04-29 05:11:36,248 - trading_bot - INFO - Active position exists for GBPUSD, skipping
2025-04-29 05:11:36,252 - trading_bot - INFO - Calculated levels - Entry: 142.281, SL: 142.22229, TP: 142.45714
2025-04-29 05:11:36,252 - trading_bot - INFO - Active position exists for USDJPY, skipping
2025-04-29 05:12:36,260 - trading_bot - INFO - Calculated levels - Entry: 1.14116, SL: 1.14161, TP: 1.13981
2025-04-29 05:12:36,261 - trading_bot - INFO - Active position exists for EURUSD, skipping
2025-04-29 05:12:36,265 - trading_bot - INFO - Calculated levels - Entry: 1.34341, SL: 1.34376, TP: 1.34237
2025-04-29 05:12:36,265 - trading_bot - INFO - Active position exists for GBPUSD, skipping
2025-04-29 05:12:36,269 - trading_bot - INFO - Calculated levels - Entry: 142.199, SL: 142.13257, TP: 142.39829
2025-04-29 05:12:36,269 - trading_bot - INFO - Active position exists for USDJPY, skipping
2025-04-29 05:13:36,285 - trading_bot - INFO - Calculated levels - Entry: 1.14098, SL: 1.14146, TP: 1.13954
2025-04-29 05:13:36,285 - trading_bot - INFO - Active position exists for EURUSD, skipping
2025-04-29 05:13:36,289 - trading_bot - INFO - Calculated levels - Entry: 1.34341, SL: 1.34378, TP: 1.3423
2025-04-29 05:13:36,290 - trading_bot - INFO - Active position exists for GBPUSD, skipping
2025-04-29 05:13:36,293 - trading_bot - INFO - Calculated levels - Entry: 142.224, SL: 142.15743, TP: 142.42371
2025-04-29 05:13:36,294 - trading_bot - INFO - Active position exists for USDJPY, skipping
2025-04-29 05:14:36,307 - trading_bot - INFO - Calculated levels - Entry: 1.14133, SL: 1.14185, TP: 1.13977
2025-04-29 05:14:36,307 - trading_bot - INFO - Active position exists for EURUSD, skipping
2025-04-29 05:14:36,313 - trading_bot - INFO - Calculated levels - Entry: 1.34378, SL: 1.34419, TP: 1.34256
2025-04-29 05:14:36,313 - trading_bot - INFO - Active position exists for GBPUSD, skipping
2025-04-29 05:14:36,316 - trading_bot - INFO - Calculated levels - Entry: 142.184, SL: 142.11314, TP: 142.39657
2025-04-29 05:14:36,317 - trading_bot - INFO - Active position exists for USDJPY, skipping
2025-04-29 05:15:36,327 - trading_bot - INFO - Calculated levels - Entry: 1.14183, SL: 1.1424, TP: 1.14012
2025-04-29 05:15:36,327 - trading_bot - INFO - Active position exists for EURUSD, skipping
2025-04-29 05:15:36,331 - trading_bot - INFO - Calculated levels - Entry: 1.34412, SL: 1.34456, TP: 1.34281
2025-04-29 05:15:36,332 - trading_bot - INFO - Active position exists for GBPUSD, skipping
2025-04-29 05:15:36,336 - trading_bot - INFO - Calculated levels - Entry: 142.132, SL: 142.055, TP: 142.363
2025-04-29 05:15:36,336 - trading_bot - INFO - Active position exists for USDJPY, skipping
2025-04-29 05:16:36,355 - trading_bot - INFO - Calculated levels - Entry: 1.14171, SL: 1.1423, TP: 1.13993
2025-04-29 05:16:36,355 - trading_bot - INFO - Active position exists for EURUSD, skipping
2025-04-29 05:16:36,361 - trading_bot - INFO - Calculated levels - Entry: 1.34391, SL: 1.34436, TP: 1.34255
2025-04-29 05:16:36,361 - trading_bot - INFO - Active position exists for GBPUSD, skipping
2025-04-29 05:16:36,366 - trading_bot - INFO - Calculated levels - Entry: 142.143, SL: 142.06271, TP: 142.38386
2025-04-29 05:16:36,366 - trading_bot - INFO - Active position exists for USDJPY, skipping
2025-04-29 05:17:36,380 - trading_bot - INFO - Calculated levels - Entry: 1.14143, SL: 1.14203, TP: 1.13963
2025-04-29 05:17:36,380 - trading_bot - INFO - Active position exists for EURUSD, skipping
2025-04-29 05:17:36,385 - trading_bot - INFO - Calculated levels - Entry: 1.34377, SL: 1.34422, TP: 1.34241
2025-04-29 05:17:36,385 - trading_bot - INFO - Active position exists for GBPUSD, skipping
2025-04-29 05:17:36,389 - trading_bot - INFO - Calculated levels - Entry: 142.166, SL: 142.09, TP: 142.394
2025-04-29 05:17:36,389 - trading_bot - INFO - Active position exists for USDJPY, skipping
2025-04-29 05:18:36,400 - trading_bot - INFO - Calculated levels - Entry: 1.14154, SL: 1.14218, TP: 1.13961
2025-04-29 05:18:36,400 - trading_bot - INFO - Active position exists for EURUSD, skipping
2025-04-29 05:18:36,406 - trading_bot - INFO - Calculated levels - Entry: 1.3439, SL: 1.34438, TP: 1.34246
2025-04-29 05:18:36,406 - trading_bot - INFO - Active position exists for GBPUSD, skipping
2025-04-29 05:18:36,410 - trading_bot - INFO - Calculated levels - Entry: 142.141, SL: 142.05886, TP: 142.38743
2025-04-29 05:18:36,410 - trading_bot - INFO - Active position exists for USDJPY, skipping
2025-04-29 05:19:36,423 - trading_bot - INFO - Calculated levels - Entry: 1.14162, SL: 1.14226, TP: 1.13971
2025-04-29 05:19:36,423 - trading_bot - INFO - Active position exists for EURUSD, skipping
2025-04-29 05:19:36,427 - trading_bot - INFO - Calculated levels - Entry: 1.34391, SL: 1.34437, TP: 1.34254
2025-04-29 05:19:36,427 - trading_bot - INFO - Active position exists for GBPUSD, skipping
2025-04-29 05:19:36,432 - trading_bot - INFO - Calculated levels - Entry: 142.127, SL: 142.048, TP: 142.364
2025-04-29 05:19:36,432 - trading_bot - INFO - Active position exists for USDJPY, skipping
2025-04-29 05:20:36,438 - trading_bot - INFO - Calculated levels - Entry: 1.14134, SL: 1.14201, TP: 1.13934
2025-04-29 05:20:36,438 - trading_bot - INFO - Active position exists for EURUSD, skipping
2025-04-29 05:20:36,442 - trading_bot - INFO - Calculated levels - Entry: 1.34371, SL: 1.34418, TP: 1.3423
2025-04-29 05:20:36,443 - trading_bot - INFO - Active position exists for GBPUSD, skipping
2025-04-29 05:20:36,447 - trading_bot - INFO - Calculated levels - Entry: 142.181, SL: 142.26157, TP: 141.93929
2025-04-29 05:20:36,447 - trading_bot - INFO - Active position exists for USDJPY, skipping
2025-04-29 05:21:36,461 - trading_bot - INFO - Calculated levels - Entry: 1.14114, SL: 1.14046, TP: 1.14317
2025-04-29 05:21:36,461 - trading_bot - INFO - Active position exists for EURUSD, skipping
2025-04-29 05:21:36,465 - trading_bot - INFO - Calculated levels - Entry: 1.3439, SL: 1.34438, TP: 1.34246
2025-04-29 05:21:36,466 - trading_bot - INFO - Active position exists for GBPUSD, skipping
2025-04-29 05:21:36,469 - trading_bot - INFO - Calculated levels - Entry: 142.194, SL: 142.27671, TP: 141.94586
2025-04-29 05:21:36,470 - trading_bot - INFO - Active position exists for USDJPY, skipping
2025-04-29 05:22:36,481 - trading_bot - INFO - Calculated levels - Entry: 1.14109, SL: 1.14039, TP: 1.14318
2025-04-29 05:22:36,481 - trading_bot - INFO - Active position exists for EURUSD, skipping
2025-04-29 05:22:36,486 - trading_bot - INFO - Calculated levels - Entry: 1.34372, SL: 1.34424, TP: 1.34217
2025-04-29 05:22:36,486 - trading_bot - INFO - Active position exists for GBPUSD, skipping
2025-04-29 05:22:36,490 - trading_bot - INFO - Calculated levels - Entry: 142.226, SL: 142.31029, TP: 141.97314
2025-04-29 05:22:36,491 - trading_bot - INFO - Active position exists for USDJPY, skipping
2025-04-29 05:23:36,504 - trading_bot - INFO - Calculated levels - Entry: 1.14099, SL: 1.14168, TP: 1.13892
2025-04-29 05:23:36,505 - trading_bot - INFO - Active position exists for EURUSD, skipping
2025-04-29 05:23:36,509 - trading_bot - INFO - Calculated levels - Entry: 1.34357, SL: 1.34408, TP: 1.34204
2025-04-29 05:23:36,509 - trading_bot - INFO - Active position exists for GBPUSD, skipping
2025-04-29 05:23:36,514 - trading_bot - INFO - Calculated levels - Entry: 142.242, SL: 142.15771, TP: 142.49486
2025-04-29 05:23:36,514 - trading_bot - INFO - Active position exists for USDJPY, skipping
2025-04-29 05:24:36,527 - trading_bot - INFO - Calculated levels - Entry: 1.14081, SL: 1.14152, TP: 1.13868
2025-04-29 05:24:36,527 - trading_bot - INFO - Active position exists for EURUSD, skipping
2025-04-29 05:24:36,530 - trading_bot - INFO - Calculated levels - Entry: 1.34342, SL: 1.34395, TP: 1.34183
2025-04-29 05:24:36,531 - trading_bot - INFO - Active position exists for GBPUSD, skipping
2025-04-29 05:24:36,534 - trading_bot - INFO - Calculated levels - Entry: 142.264, SL: 142.17671, TP: 142.52586
2025-04-29 05:24:36,535 - trading_bot - INFO - Active position exists for USDJPY, skipping
2025-04-29 05:25:36,542 - trading_bot - INFO - Calculated levels - Entry: 1.14078, SL: 1.14147, TP: 1.13872
2025-04-29 05:25:36,542 - trading_bot - INFO - Active position exists for EURUSD, skipping
2025-04-29 05:25:36,547 - trading_bot - INFO - Calculated levels - Entry: 1.34321, SL: 1.34375, TP: 1.3416
2025-04-29 05:25:36,547 - trading_bot - INFO - Active position exists for GBPUSD, skipping
2025-04-29 05:25:36,551 - trading_bot - INFO - Calculated levels - Entry: 142.243, SL: 142.15671, TP: 142.50186
2025-04-29 05:25:36,551 - trading_bot - INFO - Active position exists for USDJPY, skipping
2025-04-29 05:26:36,559 - trading_bot - INFO - Calculated levels - Entry: 1.1408, SL: 1.14144, TP: 1.13889
2025-04-29 05:26:36,560 - trading_bot - INFO - Active position exists for EURUSD, skipping
2025-04-29 05:26:36,564 - trading_bot - INFO - Calculated levels - Entry: 1.34321, SL: 1.34373, TP: 1.34165
2025-04-29 05:26:36,564 - trading_bot - INFO - Active position exists for GBPUSD, skipping
2025-04-29 05:26:36,568 - trading_bot - INFO - Calculated levels - Entry: 142.251, SL: 142.17543, TP: 142.47771
2025-04-29 05:26:36,569 - trading_bot - INFO - Active position exists for USDJPY, skipping
2025-04-29 05:27:36,586 - trading_bot - INFO - Calculated levels - Entry: 1.14062, SL: 1.14124, TP: 1.13876
2025-04-29 05:27:36,587 - trading_bot - INFO - Active position exists for EURUSD, skipping
2025-04-29 05:27:36,591 - trading_bot - INFO - Calculated levels - Entry: 1.34311, SL: 1.34361, TP: 1.3416
2025-04-29 05:27:36,591 - trading_bot - INFO - Active position exists for GBPUSD, skipping
2025-04-29 05:27:36,595 - trading_bot - INFO - Calculated levels - Entry: 142.277, SL: 142.20286, TP: 142.49943
2025-04-29 05:27:36,595 - trading_bot - INFO - Active position exists for USDJPY, skipping
2025-04-29 05:28:36,601 - trading_bot - INFO - Calculated levels - Entry: 1.1407, SL: 1.14129, TP: 1.13894
2025-04-29 05:28:36,601 - trading_bot - INFO - Active position exists for EURUSD, skipping
2025-04-29 05:28:36,607 - trading_bot - INFO - Calculated levels - Entry: 1.34321, SL: 1.34368, TP: 1.34179
2025-04-29 05:28:36,607 - trading_bot - INFO - Active position exists for GBPUSD, skipping
2025-04-29 05:28:36,610 - trading_bot - INFO - Calculated levels - Entry: 142.256, SL: 142.18229, TP: 142.47714
2025-04-29 05:28:36,611 - trading_bot - INFO - Active position exists for USDJPY, skipping
2025-04-29 05:29:36,628 - trading_bot - INFO - Calculated levels - Entry: 1.14089, SL: 1.14142, TP: 1.13931
2025-04-29 05:29:36,628 - trading_bot - INFO - Active position exists for EURUSD, skipping
2025-04-29 05:29:36,632 - trading_bot - INFO - Calculated levels - Entry: 1.3433, SL: 1.34287, TP: 1.34459
2025-04-29 05:29:36,633 - trading_bot - INFO - Active position exists for GBPUSD, skipping
2025-04-29 05:29:36,637 - trading_bot - INFO - Calculated levels - Entry: 142.245, SL: 142.17786, TP: 142.44643
2025-04-29 05:29:36,637 - trading_bot - INFO - Active position exists for USDJPY, skipping
2025-04-29 05:30:36,643 - trading_bot - INFO - Calculated levels - Entry: 1.14082, SL: 1.14131, TP: 1.13936
2025-04-29 05:30:36,643 - trading_bot - INFO - Active position exists for EURUSD, skipping
2025-04-29 05:30:36,649 - trading_bot - INFO - Calculated levels - Entry: 1.34329, SL: 1.34369, TP: 1.34209
2025-04-29 05:30:36,649 - trading_bot - INFO - Active position exists for GBPUSD, skipping
2025-04-29 05:30:36,656 - trading_bot - INFO - Calculated levels - Entry: 142.258, SL: 142.32, TP: 142.072
2025-04-29 05:30:36,656 - trading_bot - INFO - Active position exists for USDJPY, skipping
2025-04-29 05:31:36,671 - trading_bot - INFO - Calculated levels - Entry: 1.14087, SL: 1.14133, TP: 1.13949
2025-04-29 05:31:36,672 - trading_bot - INFO - Active position exists for EURUSD, skipping
2025-04-29 05:31:36,677 - trading_bot - INFO - Calculated levels - Entry: 1.3433, SL: 1.34368, TP: 1.34216
2025-04-29 05:31:36,677 - trading_bot - INFO - Active position exists for GBPUSD, skipping
2025-04-29 05:31:36,681 - trading_bot - INFO - Calculated levels - Entry: 142.234, SL: 142.173, TP: 142.417
2025-04-29 05:31:36,682 - trading_bot - INFO - Active position exists for USDJPY, skipping
2025-04-29 05:32:36,692 - trading_bot - INFO - Calculated levels - Entry: 1.14106, SL: 1.14153, TP: 1.13966
2025-04-29 05:32:36,693 - trading_bot - INFO - Active position exists for EURUSD, skipping
2025-04-29 05:32:36,696 - trading_bot - INFO - Calculated levels - Entry: 1.34338, SL: 1.34376, TP: 1.34225
2025-04-29 05:32:36,697 - trading_bot - INFO - Active position exists for GBPUSD, skipping
2025-04-29 05:32:36,700 - trading_bot - INFO - Calculated levels - Entry: 142.231, SL: 142.28814, TP: 142.05957
2025-04-29 05:32:36,702 - trading_bot - INFO - Active position exists for USDJPY, skipping
2025-04-29 05:33:36,710 - trading_bot - INFO - Calculated levels - Entry: 1.14125, SL: 1.14175, TP: 1.13976
2025-04-29 05:33:36,710 - trading_bot - INFO - Active position exists for EURUSD, skipping
2025-04-29 05:33:36,715 - trading_bot - INFO - Calculated levels - Entry: 1.34356, SL: 1.34398, TP: 1.34231
2025-04-29 05:33:36,715 - trading_bot - INFO - Active position exists for GBPUSD, skipping
2025-04-29 05:33:36,720 - trading_bot - INFO - Calculated levels - Entry: 142.203, SL: 142.14186, TP: 142.38643
2025-04-29 05:33:36,721 - trading_bot - INFO - Active position exists for USDJPY, skipping
2025-04-29 05:34:36,733 - trading_bot - INFO - Calculated levels - Entry: 1.14092, SL: 1.1414, TP: 1.13948
2025-04-29 05:34:36,733 - trading_bot - INFO - Active position exists for EURUSD, skipping
2025-04-29 05:34:36,738 - trading_bot - INFO - Calculated levels - Entry: 1.34331, SL: 1.34372, TP: 1.34208
2025-04-29 05:34:36,738 - trading_bot - INFO - Active position exists for GBPUSD, skipping
2025-04-29 05:34:36,742 - trading_bot - INFO - Calculated levels - Entry: 142.243, SL: 142.18429, TP: 142.41914
2025-04-29 05:34:36,744 - trading_bot - INFO - Active position exists for USDJPY, skipping
2025-04-29 05:35:36,761 - trading_bot - INFO - Calculated levels - Entry: 1.14082, SL: 1.14129, TP: 1.13942
2025-04-29 05:35:36,761 - trading_bot - INFO - Active position exists for EURUSD, skipping
2025-04-29 05:35:36,765 - trading_bot - INFO - Calculated levels - Entry: 1.34321, SL: 1.34361, TP: 1.34201
2025-04-29 05:35:36,765 - trading_bot - INFO - Active position exists for GBPUSD, skipping
2025-04-29 05:35:36,768 - trading_bot - INFO - Calculated levels - Entry: 142.252, SL: 142.19543, TP: 142.42171
2025-04-29 05:35:36,769 - trading_bot - INFO - Active position exists for USDJPY, skipping
2025-04-29 05:36:36,777 - trading_bot - INFO - Calculated levels - Entry: 1.14053, SL: 1.141, TP: 1.13911
2025-04-29 05:36:36,777 - trading_bot - INFO - Active position exists for EURUSD, skipping
2025-04-29 05:36:36,782 - trading_bot - INFO - Calculated levels - Entry: 1.34309, SL: 1.34348, TP: 1.34193
2025-04-29 05:36:36,782 - trading_bot - INFO - Active position exists for GBPUSD, skipping
2025-04-29 05:36:36,785 - trading_bot - INFO - Calculated levels - Entry: 142.275, SL: 142.21814, TP: 142.44557
2025-04-29 05:36:36,786 - trading_bot - INFO - Active position exists for USDJPY, skipping
2025-04-29 05:37:36,799 - trading_bot - INFO - Calculated levels - Entry: 1.1405, SL: 1.14097, TP: 1.1391
2025-04-29 05:37:36,800 - trading_bot - INFO - Active position exists for EURUSD, skipping
2025-04-29 05:37:36,804 - trading_bot - INFO - Calculated levels - Entry: 1.34322, SL: 1.3436, TP: 1.34207
2025-04-29 05:37:36,804 - trading_bot - INFO - Active position exists for GBPUSD, skipping
2025-04-29 05:37:36,808 - trading_bot - INFO - Calculated levels - Entry: 142.284, SL: 142.22871, TP: 142.44986
2025-04-29 05:37:36,808 - trading_bot - INFO - Active position exists for USDJPY, skipping
2025-04-29 05:38:36,816 - trading_bot - INFO - Calculated levels - Entry: 1.14046, SL: 1.14091, TP: 1.13911
2025-04-29 05:38:36,816 - trading_bot - INFO - Active position exists for EURUSD, skipping
2025-04-29 05:38:36,821 - trading_bot - INFO - Calculated levels - Entry: 1.34327, SL: 1.34364, TP: 1.34215
2025-04-29 05:38:36,821 - trading_bot - INFO - Active position exists for GBPUSD, skipping
2025-04-29 05:38:36,825 - trading_bot - INFO - Calculated levels - Entry: 142.264, SL: 142.21143, TP: 142.42171
2025-04-29 05:38:36,825 - trading_bot - INFO - Active position exists for USDJPY, skipping
2025-04-29 05:39:36,837 - trading_bot - INFO - Calculated levels - Entry: 1.14017, SL: 1.14065, TP: 1.13872
2025-04-29 05:39:36,837 - trading_bot - INFO - Active position exists for EURUSD, skipping
2025-04-29 05:39:36,841 - trading_bot - INFO - Calculated levels - Entry: 1.343, SL: 1.34337, TP: 1.34189
2025-04-29 05:39:36,841 - trading_bot - INFO - Active position exists for GBPUSD, skipping
2025-04-29 05:39:36,844 - trading_bot - INFO - Calculated levels - Entry: 142.307, SL: 142.25043, TP: 142.47671
2025-04-29 05:39:36,844 - trading_bot - INFO - Active position exists for USDJPY, skipping
2025-04-29 05:40:36,858 - trading_bot - INFO - Calculated levels - Entry: 1.14032, SL: 1.1408, TP: 1.13887
2025-04-29 05:40:36,858 - trading_bot - INFO - Active position exists for EURUSD, skipping
2025-04-29 05:40:36,862 - trading_bot - INFO - Calculated levels - Entry: 1.34297, SL: 1.34332, TP: 1.34191
2025-04-29 05:40:36,863 - trading_bot - INFO - Active position exists for GBPUSD, skipping
2025-04-29 05:40:36,867 - trading_bot - INFO - Calculated levels - Entry: 142.314, SL: 142.25771, TP: 142.48286
2025-04-29 05:40:36,868 - trading_bot - INFO - Active position exists for USDJPY, skipping
2025-04-29 05:41:36,880 - trading_bot - INFO - Calculated levels - Entry: 1.14024, SL: 1.14071, TP: 1.13882
2025-04-29 05:41:36,880 - trading_bot - INFO - Active position exists for EURUSD, skipping
2025-04-29 05:41:36,885 - trading_bot - INFO - Calculated levels - Entry: 1.34285, SL: 1.34321, TP: 1.34177
2025-04-29 05:41:36,885 - trading_bot - INFO - Active position exists for GBPUSD, skipping
2025-04-29 05:41:36,889 - trading_bot - INFO - Calculated levels - Entry: 142.339, SL: 142.28143, TP: 142.51171
2025-04-29 05:41:36,889 - trading_bot - INFO - Active position exists for USDJPY, skipping
2025-04-29 05:42:36,900 - trading_bot - INFO - Calculated levels - Entry: 1.14032, SL: 1.14078, TP: 1.13894
2025-04-29 05:42:36,901 - trading_bot - INFO - Active position exists for EURUSD, skipping
2025-04-29 05:42:36,905 - trading_bot - INFO - Calculated levels - Entry: 1.34282, SL: 1.34317, TP: 1.34176
2025-04-29 05:42:36,906 - trading_bot - INFO - Active position exists for GBPUSD, skipping
2025-04-29 05:42:36,911 - trading_bot - INFO - Calculated levels - Entry: 142.324, SL: 142.26871, TP: 142.48986
2025-04-29 05:42:36,911 - trading_bot - INFO - Active position exists for USDJPY, skipping
2025-04-29 05:43:36,917 - trading_bot - INFO - Calculated levels - Entry: 1.14022, SL: 1.14068, TP: 1.13884
2025-04-29 05:43:36,917 - trading_bot - INFO - Active position exists for EURUSD, skipping
2025-04-29 05:43:36,922 - trading_bot - INFO - Calculated levels - Entry: 1.34271, SL: 1.34235, TP: 1.34378
2025-04-29 05:43:36,922 - trading_bot - INFO - Active position exists for GBPUSD, skipping
2025-04-29 05:43:36,926 - trading_bot - INFO - Calculated levels - Entry: 142.333, SL: 142.27886, TP: 142.49543
2025-04-29 05:43:36,927 - trading_bot - INFO - Active position exists for USDJPY, skipping
2025-04-29 05:44:36,937 - trading_bot - INFO - Calculated levels - Entry: 1.14034, SL: 1.14083, TP: 1.13888
2025-04-29 05:44:36,937 - trading_bot - INFO - Active position exists for EURUSD, skipping
2025-04-29 05:44:36,943 - trading_bot - INFO - Calculated levels - Entry: 1.34282, SL: 1.34319, TP: 1.34171
2025-04-29 05:44:36,943 - trading_bot - INFO - Active position exists for GBPUSD, skipping
2025-04-29 05:44:36,948 - trading_bot - INFO - Calculated levels - Entry: 142.313, SL: 142.25671, TP: 142.48186
2025-04-29 05:44:36,948 - trading_bot - INFO - Active position exists for USDJPY, skipping
2025-04-29 05:45:36,962 - trading_bot - INFO - Calculated levels - Entry: 1.14053, SL: 1.14102, TP: 1.13907
2025-04-29 05:45:36,962 - trading_bot - INFO - Active position exists for EURUSD, skipping
2025-04-29 05:45:36,966 - trading_bot - INFO - Calculated levels - Entry: 1.34289, SL: 1.34326, TP: 1.34179
2025-04-29 05:45:36,967 - trading_bot - INFO - Active position exists for GBPUSD, skipping
2025-04-29 05:45:36,971 - trading_bot - INFO - Calculated levels - Entry: 142.296, SL: 142.242, TP: 142.458
2025-04-29 05:45:36,971 - trading_bot - INFO - Active position exists for USDJPY, skipping
2025-04-29 05:46:36,980 - trading_bot - INFO - Calculated levels - Entry: 1.14039, SL: 1.14085, TP: 1.13901
2025-04-29 05:46:36,980 - trading_bot - INFO - Active position exists for EURUSD, skipping
2025-04-29 05:46:36,985 - trading_bot - INFO - Calculated levels - Entry: 1.3427, SL: 1.34233, TP: 1.34382
2025-04-29 05:46:36,985 - trading_bot - INFO - Active position exists for GBPUSD, skipping
2025-04-29 05:46:36,989 - trading_bot - INFO - Calculated levels - Entry: 142.305, SL: 142.25071, TP: 142.46786
2025-04-29 05:46:36,990 - trading_bot - INFO - Active position exists for USDJPY, skipping
2025-04-29 05:47:37,006 - trading_bot - INFO - Calculated levels - Entry: 1.14039, SL: 1.13992, TP: 1.14179
2025-04-29 05:47:37,006 - trading_bot - INFO - Active position exists for EURUSD, skipping
2025-04-29 05:47:37,010 - trading_bot - INFO - Calculated levels - Entry: 1.34269, SL: 1.34233, TP: 1.34377
2025-04-29 05:47:37,010 - trading_bot - INFO - Active position exists for GBPUSD, skipping
2025-04-29 05:47:37,014 - trading_bot - INFO - Calculated levels - Entry: 142.308, SL: 142.25529, TP: 142.46614
2025-04-29 05:47:37,014 - trading_bot - INFO - Active position exists for USDJPY, skipping
2025-04-29 05:48:37,029 - trading_bot - INFO - Calculated levels - Entry: 1.14033, SL: 1.14078, TP: 1.13898
2025-04-29 05:48:37,030 - trading_bot - INFO - Active position exists for EURUSD, skipping
2025-04-29 05:48:37,034 - trading_bot - INFO - Calculated levels - Entry: 1.34261, SL: 1.34225, TP: 1.34368
2025-04-29 05:48:37,034 - trading_bot - INFO - Active position exists for GBPUSD, skipping
2025-04-29 05:48:37,038 - trading_bot - INFO - Calculated levels - Entry: 142.324, SL: 142.27329, TP: 142.47614
2025-04-29 05:48:37,038 - trading_bot - INFO - Active position exists for USDJPY, skipping
2025-04-29 05:49:37,057 - trading_bot - INFO - Calculated levels - Entry: 1.14031, SL: 1.14077, TP: 1.13892
2025-04-29 05:49:37,058 - trading_bot - INFO - Active position exists for EURUSD, skipping
2025-04-29 05:49:37,062 - trading_bot - INFO - Calculated levels - Entry: 1.34254, SL: 1.34217, TP: 1.34365
2025-04-29 05:49:37,063 - trading_bot - INFO - Active position exists for GBPUSD, skipping
2025-04-29 05:49:37,067 - trading_bot - INFO - Calculated levels - Entry: 142.312, SL: 142.25714, TP: 142.47657
2025-04-29 05:49:37,067 - trading_bot - INFO - Active position exists for USDJPY, skipping
2025-04-29 05:50:37,073 - trading_bot - INFO - Calculated levels - Entry: 1.14038, SL: 1.14081, TP: 1.13909
2025-04-29 05:50:37,073 - trading_bot - INFO - Active position exists for EURUSD, skipping
2025-04-29 05:50:37,077 - trading_bot - INFO - Calculated levels - Entry: 1.34266, SL: 1.34302, TP: 1.34158
2025-04-29 05:50:37,077 - trading_bot - INFO - Active position exists for GBPUSD, skipping
2025-04-29 05:50:37,080 - trading_bot - INFO - Calculated levels - Entry: 142.305, SL: 142.25429, TP: 142.45714
2025-04-29 05:50:37,082 - trading_bot - INFO - Active position exists for USDJPY, skipping
2025-04-29 05:51:37,093 - trading_bot - INFO - Calculated levels - Entry: 1.14032, SL: 1.14078, TP: 1.13895
2025-04-29 05:51:37,094 - trading_bot - INFO - Active position exists for EURUSD, skipping
2025-04-29 05:51:37,098 - trading_bot - INFO - Calculated levels - Entry: 1.3427, SL: 1.34307, TP: 1.34158
2025-04-29 05:51:37,098 - trading_bot - INFO - Active position exists for GBPUSD, skipping
2025-04-29 05:51:37,103 - trading_bot - INFO - Calculated levels - Entry: 142.304, SL: 142.35786, TP: 142.14243
2025-04-29 05:51:37,103 - trading_bot - INFO - Active position exists for USDJPY, skipping
2025-04-29 05:52:37,122 - trading_bot - INFO - Calculated levels - Entry: 1.1403, SL: 1.14074, TP: 1.13898
2025-04-29 05:52:37,123 - trading_bot - INFO - Active position exists for EURUSD, skipping
2025-04-29 05:52:37,127 - trading_bot - INFO - Calculated levels - Entry: 1.34271, SL: 1.34307, TP: 1.34162
2025-04-29 05:52:37,127 - trading_bot - INFO - Active position exists for GBPUSD, skipping
2025-04-29 05:52:37,130 - trading_bot - INFO - Calculated levels - Entry: 142.316, SL: 142.36614, TP: 142.16557
2025-04-29 05:52:37,131 - trading_bot - INFO - Active position exists for USDJPY, skipping
2025-04-29 05:53:37,145 - trading_bot - INFO - Calculated levels - Entry: 1.14023, SL: 1.14065, TP: 1.13898
2025-04-29 05:53:37,145 - trading_bot - INFO - Active position exists for EURUSD, skipping
2025-04-29 05:53:37,151 - trading_bot - INFO - Calculated levels - Entry: 1.34255, SL: 1.3429, TP: 1.3415
2025-04-29 05:53:37,151 - trading_bot - INFO - Active position exists for GBPUSD, skipping
2025-04-29 05:53:37,155 - trading_bot - INFO - Calculated levels - Entry: 142.334, SL: 142.28814, TP: 142.47157
2025-04-29 05:53:37,155 - trading_bot - INFO - Active position exists for USDJPY, skipping
2025-04-29 05:54:37,169 - trading_bot - INFO - Calculated levels - Entry: 1.14048, SL: 1.14006, TP: 1.14174
2025-04-29 05:54:37,171 - trading_bot - INFO - Active position exists for EURUSD, skipping
2025-04-29 05:54:37,174 - trading_bot - INFO - Calculated levels - Entry: 1.34275, SL: 1.34311, TP: 1.34168
2025-04-29 05:54:37,174 - trading_bot - INFO - Active position exists for GBPUSD, skipping
2025-04-29 05:54:37,179 - trading_bot - INFO - Calculated levels - Entry: 142.314, SL: 142.36114, TP: 142.17257
2025-04-29 05:54:37,180 - trading_bot - INFO - Active position exists for USDJPY, skipping
2025-04-29 05:55:37,193 - trading_bot - INFO - Calculated levels - Entry: 1.14026, SL: 1.13983, TP: 1.14155
2025-04-29 05:55:37,193 - trading_bot - INFO - Active position exists for EURUSD, skipping
2025-04-29 05:55:37,197 - trading_bot - INFO - Calculated levels - Entry: 1.34257, SL: 1.34293, TP: 1.34149
2025-04-29 05:55:37,198 - trading_bot - INFO - Active position exists for GBPUSD, skipping
2025-04-29 05:55:37,202 - trading_bot - INFO - Calculated levels - Entry: 142.316, SL: 142.36057, TP: 142.18229
2025-04-29 05:55:37,202 - trading_bot - INFO - Active position exists for USDJPY, skipping
2025-04-29 05:56:37,209 - trading_bot - INFO - Calculated levels - Entry: 1.1403, SL: 1.13986, TP: 1.14163
2025-04-29 05:56:37,210 - trading_bot - INFO - Active position exists for EURUSD, skipping
2025-04-29 05:56:37,215 - trading_bot - INFO - Calculated levels - Entry: 1.34261, SL: 1.34297, TP: 1.34153
2025-04-29 05:56:37,216 - trading_bot - INFO - Active position exists for GBPUSD, skipping
2025-04-29 05:56:37,219 - trading_bot - INFO - Calculated levels - Entry: 142.321, SL: 142.36757, TP: 142.18129
2025-04-29 05:56:37,219 - trading_bot - INFO - Active position exists for USDJPY, skipping
2025-04-29 05:57:37,238 - trading_bot - INFO - Calculated levels - Entry: 1.14013, SL: 1.14057, TP: 1.1388
2025-04-29 05:57:37,239 - trading_bot - INFO - Active position exists for EURUSD, skipping
2025-04-29 05:57:37,244 - trading_bot - INFO - Calculated levels - Entry: 1.3425, SL: 1.34286, TP: 1.34142
2025-04-29 05:57:37,244 - trading_bot - INFO - Active position exists for GBPUSD, skipping
2025-04-29 05:57:37,248 - trading_bot - INFO - Calculated levels - Entry: 142.333, SL: 142.37929, TP: 142.19414
2025-04-29 05:57:37,248 - trading_bot - INFO - Active position exists for USDJPY, skipping
2025-04-29 05:58:37,254 - trading_bot - INFO - Calculated levels - Entry: 1.13982, SL: 1.14027, TP: 1.13847
2025-04-29 05:58:37,254 - trading_bot - INFO - Active position exists for EURUSD, skipping
2025-04-29 05:58:37,259 - trading_bot - INFO - Calculated levels - Entry: 1.34232, SL: 1.34268, TP: 1.34124
2025-04-29 05:58:37,259 - trading_bot - INFO - Active position exists for GBPUSD, skipping
2025-04-29 05:58:37,263 - trading_bot - INFO - Calculated levels - Entry: 142.364, SL: 142.31743, TP: 142.50371
2025-04-29 05:58:37,265 - trading_bot - INFO - Active position exists for USDJPY, skipping
2025-04-29 05:59:37,269 - trading_bot - INFO - Calculated levels - Entry: 1.14005, SL: 1.1405, TP: 1.1387
2025-04-29 05:59:37,269 - trading_bot - INFO - Active position exists for EURUSD, skipping
2025-04-29 05:59:37,275 - trading_bot - INFO - Calculated levels - Entry: 1.34241, SL: 1.34275, TP: 1.34138
2025-04-29 05:59:37,276 - trading_bot - INFO - Active position exists for GBPUSD, skipping
2025-04-29 05:59:37,280 - trading_bot - INFO - Calculated levels - Entry: 142.343, SL: 142.29643, TP: 142.48271
2025-04-29 05:59:37,280 - trading_bot - INFO - Active position exists for USDJPY, skipping
2025-04-29 06:00:37,294 - trading_bot - INFO - Calculated levels - Entry: 1.13978, SL: 1.14023, TP: 1.13843
2025-04-29 06:00:37,294 - trading_bot - INFO - Active position exists for EURUSD, skipping
2025-04-29 06:00:37,300 - trading_bot - INFO - Calculated levels - Entry: 1.34221, SL: 1.34254, TP: 1.34121
2025-04-29 06:00:37,300 - trading_bot - INFO - Active position exists for GBPUSD, skipping
2025-04-29 06:00:37,304 - trading_bot - INFO - Calculated levels - Entry: 142.369, SL: 142.32143, TP: 142.51171
2025-04-29 06:00:37,305 - trading_bot - INFO - Active position exists for USDJPY, skipping
2025-04-29 06:01:37,325 - trading_bot - INFO - Calculated levels - Entry: 1.13977, SL: 1.1402, TP: 1.13848
2025-04-29 06:01:37,325 - trading_bot - INFO - Active position exists for EURUSD, skipping
2025-04-29 06:01:37,329 - trading_bot - INFO - Calculated levels - Entry: 1.34213, SL: 1.34247, TP: 1.3411
2025-04-29 06:01:37,329 - trading_bot - INFO - Active position exists for GBPUSD, skipping
2025-04-29 06:01:37,332 - trading_bot - INFO - Calculated levels - Entry: 142.366, SL: 142.31771, TP: 142.51086
2025-04-29 06:01:37,333 - trading_bot - INFO - Active position exists for USDJPY, skipping
2025-04-29 06:02:37,339 - trading_bot - INFO - Calculated levels - Entry: 1.13976, SL: 1.14018, TP: 1.1385
2025-04-29 06:02:37,340 - trading_bot - INFO - Active position exists for EURUSD, skipping
2025-04-29 06:02:37,344 - trading_bot - INFO - Calculated levels - Entry: 1.34212, SL: 1.34245, TP: 1.34114
2025-04-29 06:02:37,345 - trading_bot - INFO - Active position exists for GBPUSD, skipping
2025-04-29 06:02:37,348 - trading_bot - INFO - Calculated levels - Entry: 142.363, SL: 142.31471, TP: 142.50786
2025-04-29 06:02:37,348 - trading_bot - INFO - Active position exists for USDJPY, skipping
2025-04-29 06:03:37,360 - trading_bot - INFO - Calculated levels - Entry: 1.13978, SL: 1.14018, TP: 1.13859
2025-04-29 06:03:37,360 - trading_bot - INFO - Active position exists for EURUSD, skipping
2025-04-29 06:03:37,365 - trading_bot - INFO - Calculated levels - Entry: 1.34202, SL: 1.34234, TP: 1.34107
2025-04-29 06:03:37,365 - trading_bot - INFO - Active position exists for GBPUSD, skipping
2025-04-29 06:03:37,368 - trading_bot - INFO - Calculated levels - Entry: 142.365, SL: 142.32057, TP: 142.49829
2025-04-29 06:03:37,369 - trading_bot - INFO - Active position exists for USDJPY, skipping
2025-04-29 06:04:37,386 - trading_bot - INFO - Calculated levels - Entry: 1.13956, SL: 1.13914, TP: 1.14083
2025-04-29 06:04:37,386 - trading_bot - INFO - Active position exists for EURUSD, skipping
2025-04-29 06:04:37,392 - trading_bot - INFO - Calculated levels - Entry: 1.34186, SL: 1.34153, TP: 1.34286
2025-04-29 06:04:37,392 - trading_bot - INFO - Active position exists for GBPUSD, skipping
2025-04-29 06:04:37,396 - trading_bot - INFO - Calculated levels - Entry: 142.383, SL: 142.42929, TP: 142.24414
2025-04-29 06:04:37,396 - trading_bot - INFO - Active position exists for USDJPY, skipping
2025-04-29 06:05:37,414 - trading_bot - INFO - Calculated levels - Entry: 1.13949, SL: 1.13909, TP: 1.14068
2025-04-29 06:05:37,414 - trading_bot - INFO - Active position exists for EURUSD, skipping
2025-04-29 06:05:37,419 - trading_bot - INFO - Calculated levels - Entry: 1.34181, SL: 1.34149, TP: 1.34276
2025-04-29 06:05:37,419 - trading_bot - INFO - Active position exists for GBPUSD, skipping
2025-04-29 06:05:37,424 - trading_bot - INFO - Calculated levels - Entry: 142.395, SL: 142.43943, TP: 142.26171
2025-04-29 06:05:37,424 - trading_bot - INFO - Active position exists for USDJPY, skipping
2025-04-29 06:06:37,432 - trading_bot - INFO - Calculated levels - Entry: 1.13951, SL: 1.13911, TP: 1.1407
2025-04-29 06:06:37,432 - trading_bot - INFO - Active position exists for EURUSD, skipping
2025-04-29 06:06:37,437 - trading_bot - INFO - Calculated levels - Entry: 1.34185, SL: 1.34154, TP: 1.34279
2025-04-29 06:06:37,438 - trading_bot - INFO - Active position exists for GBPUSD, skipping
2025-04-29 06:06:37,441 - trading_bot - INFO - Calculated levels - Entry: 142.387, SL: 142.34057, TP: 142.52629
2025-04-29 06:06:37,442 - trading_bot - INFO - Active position exists for USDJPY, skipping
2025-04-29 06:07:37,461 - trading_bot - INFO - Calculated levels - Entry: 1.13973, SL: 1.14012, TP: 1.13855
2025-04-29 06:07:37,462 - trading_bot - INFO - Active position exists for EURUSD, skipping
2025-04-29 06:07:37,467 - trading_bot - INFO - Calculated levels - Entry: 1.34209, SL: 1.3424, TP: 1.34115
2025-04-29 06:07:37,467 - trading_bot - INFO - Active position exists for GBPUSD, skipping
2025-04-29 06:07:37,471 - trading_bot - INFO - Calculated levels - Entry: 142.346, SL: 142.29657, TP: 142.49429
2025-04-29 06:07:37,472 - trading_bot - INFO - Active position exists for USDJPY, skipping
2025-04-29 06:08:37,483 - trading_bot - INFO - Calculated levels - Entry: 1.13981, SL: 1.14019, TP: 1.13867
2025-04-29 06:08:37,483 - trading_bot - INFO - Active position exists for EURUSD, skipping
2025-04-29 06:08:37,487 - trading_bot - INFO - Calculated levels - Entry: 1.34211, SL: 1.34181, TP: 1.34302
2025-04-29 06:08:37,487 - trading_bot - INFO - Active position exists for GBPUSD, skipping
2025-04-29 06:08:37,491 - trading_bot - INFO - Calculated levels - Entry: 142.35, SL: 142.39757, TP: 142.20729
2025-04-29 06:08:37,491 - trading_bot - INFO - Active position exists for USDJPY, skipping
2025-04-29 06:09:37,502 - trading_bot - INFO - Calculated levels - Entry: 1.13989, SL: 1.13953, TP: 1.14097
2025-04-29 06:09:37,502 - trading_bot - INFO - Active position exists for EURUSD, skipping
2025-04-29 06:09:37,507 - trading_bot - INFO - Calculated levels - Entry: 1.34232, SL: 1.34201, TP: 1.34324
2025-04-29 06:09:37,507 - trading_bot - INFO - Active position exists for GBPUSD, skipping
2025-04-29 06:09:37,512 - trading_bot - INFO - Calculated levels - Entry: 142.317, SL: 142.36643, TP: 142.16871
2025-04-29 06:09:37,512 - trading_bot - INFO - Active position exists for USDJPY, skipping
2025-04-29 06:10:37,531 - trading_bot - INFO - Calculated levels - Entry: 1.13973, SL: 1.13936, TP: 1.14083
2025-04-29 06:10:37,533 - trading_bot - INFO - Active position exists for EURUSD, skipping
2025-04-29 06:10:37,537 - trading_bot - INFO - Calculated levels - Entry: 1.34221, SL: 1.34189, TP: 1.34317
2025-04-29 06:10:37,537 - trading_bot - INFO - Active position exists for GBPUSD, skipping
2025-04-29 06:10:37,542 - trading_bot - INFO - Calculated levels - Entry: 142.344, SL: 142.39343, TP: 142.19571
2025-04-29 06:10:37,542 - trading_bot - INFO - Active position exists for USDJPY, skipping
2025-04-29 06:11:37,562 - trading_bot - INFO - Calculated levels - Entry: 1.13959, SL: 1.13923, TP: 1.14068
2025-04-29 06:11:37,562 - trading_bot - INFO - Active position exists for EURUSD, skipping
2025-04-29 06:11:37,567 - trading_bot - INFO - Calculated levels - Entry: 1.34213, SL: 1.34181, TP: 1.34308
2025-04-29 06:11:37,567 - trading_bot - INFO - Active position exists for GBPUSD, skipping
2025-04-29 06:11:37,571 - trading_bot - INFO - Calculated levels - Entry: 142.364, SL: 142.41671, TP: 142.20586
2025-04-29 06:11:37,572 - trading_bot - INFO - Active position exists for USDJPY, skipping
2025-04-29 06:12:37,579 - trading_bot - INFO - Calculated levels - Entry: 1.13953, SL: 1.13986, TP: 1.13854
2025-04-29 06:12:37,580 - trading_bot - INFO - Active position exists for EURUSD, skipping
2025-04-29 06:12:37,583 - trading_bot - INFO - Calculated levels - Entry: 1.34202, SL: 1.34171, TP: 1.34295
2025-04-29 06:12:37,583 - trading_bot - INFO - Active position exists for GBPUSD, skipping
2025-04-29 06:12:37,588 - trading_bot - INFO - Calculated levels - Entry: 142.38, SL: 142.43043, TP: 142.22871
2025-04-29 06:12:37,589 - trading_bot - INFO - Active position exists for USDJPY, skipping
2025-04-29 06:13:37,607 - trading_bot - INFO - Calculated levels - Entry: 1.13953, SL: 1.13985, TP: 1.13857
2025-04-29 06:13:37,607 - trading_bot - INFO - Active position exists for EURUSD, skipping
2025-04-29 06:13:37,612 - trading_bot - INFO - Calculated levels - Entry: 1.34207, SL: 1.34175, TP: 1.34303
2025-04-29 06:13:37,613 - trading_bot - INFO - Active position exists for GBPUSD, skipping
2025-04-29 06:13:37,617 - trading_bot - INFO - Calculated levels - Entry: 142.349, SL: 142.40186, TP: 142.19043
2025-04-29 06:13:37,617 - trading_bot - INFO - Active position exists for USDJPY, skipping
2025-04-29 06:14:37,627 - trading_bot - INFO - Calculated levels - Entry: 1.13931, SL: 1.13963, TP: 1.13835
2025-04-29 06:14:37,628 - trading_bot - INFO - Active position exists for EURUSD, skipping
2025-04-29 06:14:37,632 - trading_bot - INFO - Calculated levels - Entry: 1.34181, SL: 1.34149, TP: 1.34277
2025-04-29 06:14:37,633 - trading_bot - INFO - Active position exists for GBPUSD, skipping
2025-04-29 06:14:37,636 - trading_bot - INFO - Calculated levels - Entry: 142.352, SL: 142.402, TP: 142.202
2025-04-29 06:14:37,636 - trading_bot - INFO - Active position exists for USDJPY, skipping
2025-04-29 06:15:37,642 - trading_bot - INFO - Calculated levels - Entry: 1.13917, SL: 1.1395, TP: 1.13818
2025-04-29 06:15:37,643 - trading_bot - INFO - Active position exists for EURUSD, skipping
2025-04-29 06:15:37,647 - trading_bot - INFO - Calculated levels - Entry: 1.34166, SL: 1.34198, TP: 1.34069
2025-04-29 06:15:37,648 - trading_bot - INFO - Active position exists for GBPUSD, skipping
2025-04-29 06:15:37,652 - trading_bot - INFO - Calculated levels - Entry: 142.382, SL: 142.43414, TP: 142.22557
2025-04-29 06:15:37,652 - trading_bot - INFO - Active position exists for USDJPY, skipping
2025-04-29 06:16:37,659 - trading_bot - INFO - Calculated levels - Entry: 1.13934, SL: 1.1397, TP: 1.13826
2025-04-29 06:16:37,660 - trading_bot - INFO - Active position exists for EURUSD, skipping
2025-04-29 06:16:37,665 - trading_bot - INFO - Calculated levels - Entry: 1.34175, SL: 1.3421, TP: 1.34071
2025-04-29 06:16:37,665 - trading_bot - INFO - Active position exists for GBPUSD, skipping
2025-04-29 06:16:37,668 - trading_bot - INFO - Calculated levels - Entry: 142.362, SL: 142.41457, TP: 142.20429
2025-04-29 06:16:37,669 - trading_bot - INFO - Active position exists for USDJPY, skipping
2025-04-29 06:17:37,679 - trading_bot - INFO - Calculated levels - Entry: 1.13925, SL: 1.13964, TP: 1.13808
2025-04-29 06:17:37,679 - trading_bot - INFO - Active position exists for EURUSD, skipping
2025-04-29 06:17:37,683 - trading_bot - INFO - Calculated levels - Entry: 1.34171, SL: 1.34207, TP: 1.34063
2025-04-29 06:17:37,684 - trading_bot - INFO - Active position exists for GBPUSD, skipping
2025-04-29 06:17:37,688 - trading_bot - INFO - Calculated levels - Entry: 142.352, SL: 142.40457, TP: 142.19429
2025-04-29 06:17:37,689 - trading_bot - INFO - Active position exists for USDJPY, skipping
2025-04-29 06:18:37,696 - trading_bot - INFO - Calculated levels - Entry: 1.13929, SL: 1.13965, TP: 1.1382
2025-04-29 06:18:37,696 - trading_bot - INFO - Active position exists for EURUSD, skipping
2025-04-29 06:18:37,700 - trading_bot - INFO - Calculated levels - Entry: 1.34164, SL: 1.34198, TP: 1.34062
2025-04-29 06:18:37,700 - trading_bot - INFO - Active position exists for GBPUSD, skipping
2025-04-29 06:18:37,704 - trading_bot - INFO - Calculated levels - Entry: 142.353, SL: 142.403, TP: 142.203
2025-04-29 06:18:37,704 - trading_bot - INFO - Active position exists for USDJPY, skipping
2025-04-29 06:19:37,709 - trading_bot - INFO - Calculated levels - Entry: 1.13936, SL: 1.13974, TP: 1.13821
2025-04-29 06:19:37,709 - trading_bot - INFO - Active position exists for EURUSD, skipping
2025-04-29 06:19:37,712 - trading_bot - INFO - Calculated levels - Entry: 1.34165, SL: 1.34201, TP: 1.34057
2025-04-29 06:19:37,714 - trading_bot - INFO - Active position exists for GBPUSD, skipping
2025-04-29 06:19:37,718 - trading_bot - INFO - Calculated levels - Entry: 142.358, SL: 142.40843, TP: 142.20671
2025-04-29 06:19:37,718 - trading_bot - INFO - Active position exists for USDJPY, skipping
2025-04-29 06:20:37,731 - trading_bot - INFO - Calculated levels - Entry: 1.13955, SL: 1.13917, TP: 1.14069
2025-04-29 06:20:37,732 - trading_bot - INFO - Active position exists for EURUSD, skipping
2025-04-29 06:20:37,735 - trading_bot - INFO - Calculated levels - Entry: 1.34181, SL: 1.34145, TP: 1.34288
2025-04-29 06:20:37,735 - trading_bot - INFO - Active position exists for GBPUSD, skipping
2025-04-29 06:20:37,740 - trading_bot - INFO - Calculated levels - Entry: 142.352, SL: 142.40171, TP: 142.20286
2025-04-29 06:20:37,740 - trading_bot - INFO - Active position exists for USDJPY, skipping
2025-04-29 06:21:37,749 - trading_bot - INFO - Calculated levels - Entry: 1.13969, SL: 1.13931, TP: 1.14084
2025-04-29 06:21:37,749 - trading_bot - INFO - Active position exists for EURUSD, skipping
2025-04-29 06:21:37,754 - trading_bot - INFO - Calculated levels - Entry: 1.34191, SL: 1.34157, TP: 1.34294
2025-04-29 06:21:37,754 - trading_bot - INFO - Active position exists for GBPUSD, skipping
2025-04-29 06:21:37,758 - trading_bot - INFO - Calculated levels - Entry: 142.345, SL: 142.39014, TP: 142.20957
2025-04-29 06:21:37,759 - trading_bot - INFO - Active position exists for USDJPY, skipping
2025-04-29 06:22:37,766 - trading_bot - INFO - Calculated levels - Entry: 1.13979, SL: 1.13938, TP: 1.14101
2025-04-29 06:22:37,766 - trading_bot - INFO - Active position exists for EURUSD, skipping
2025-04-29 06:22:37,770 - trading_bot - INFO - Calculated levels - Entry: 1.34192, SL: 1.34156, TP: 1.343
2025-04-29 06:22:37,771 - trading_bot - INFO - Active position exists for GBPUSD, skipping
2025-04-29 06:22:37,774 - trading_bot - INFO - Calculated levels - Entry: 142.331, SL: 142.37957, TP: 142.18529
2025-04-29 06:22:37,774 - trading_bot - INFO - Active position exists for USDJPY, skipping
2025-04-29 06:23:37,781 - trading_bot - INFO - Calculated levels - Entry: 1.13924, SL: 1.13879, TP: 1.1406
2025-04-29 06:23:37,781 - trading_bot - INFO - Active position exists for EURUSD, skipping
2025-04-29 06:23:37,786 - trading_bot - INFO - Calculated levels - Entry: 1.34165, SL: 1.34127, TP: 1.3428
2025-04-29 06:23:37,786 - trading_bot - INFO - Active position exists for GBPUSD, skipping
2025-04-29 06:23:37,789 - trading_bot - INFO - Calculated levels - Entry: 142.419, SL: 142.47386, TP: 142.25443
2025-04-29 06:23:37,791 - trading_bot - INFO - Active position exists for USDJPY, skipping
2025-04-29 06:24:37,802 - trading_bot - INFO - Calculated levels - Entry: 1.13941, SL: 1.13895, TP: 1.14079
2025-04-29 06:24:37,802 - trading_bot - INFO - Active position exists for EURUSD, skipping
2025-04-29 06:24:37,806 - trading_bot - INFO - Calculated levels - Entry: 1.3418, SL: 1.3414, TP: 1.34299
2025-04-29 06:24:37,806 - trading_bot - INFO - Active position exists for GBPUSD, skipping
2025-04-29 06:24:37,811 - trading_bot - INFO - Calculated levels - Entry: 142.384, SL: 142.32829, TP: 142.55114
2025-04-29 06:24:37,811 - trading_bot - INFO - Active position exists for USDJPY, skipping
2025-04-29 06:25:37,826 - trading_bot - INFO - Calculated levels - Entry: 1.1396, SL: 1.13912, TP: 1.14104
2025-04-29 06:25:37,826 - trading_bot - INFO - Active position exists for EURUSD, skipping
2025-04-29 06:25:37,831 - trading_bot - INFO - Calculated levels - Entry: 1.3419, SL: 1.3415, TP: 1.34309
2025-04-29 06:25:37,831 - trading_bot - INFO - Active position exists for GBPUSD, skipping
2025-04-29 06:25:37,835 - trading_bot - INFO - Calculated levels - Entry: 142.383, SL: 142.33, TP: 142.542
2025-04-29 06:25:37,835 - trading_bot - INFO - Active position exists for USDJPY, skipping
2025-04-29 06:26:37,854 - trading_bot - INFO - Calculated levels - Entry: 1.1395, SL: 1.13901, TP: 1.14096
2025-04-29 06:26:37,855 - trading_bot - INFO - Active position exists for EURUSD, skipping
2025-04-29 06:26:37,858 - trading_bot - INFO - Calculated levels - Entry: 1.34177, SL: 1.34136, TP: 1.343
2025-04-29 06:26:37,859 - trading_bot - INFO - Active position exists for GBPUSD, skipping
2025-04-29 06:26:37,862 - trading_bot - INFO - Calculated levels - Entry: 142.383, SL: 142.329, TP: 142.545
2025-04-29 06:26:37,862 - trading_bot - INFO - Active position exists for USDJPY, skipping
2025-04-29 06:27:37,874 - trading_bot - INFO - Calculated levels - Entry: 1.13938, SL: 1.13887, TP: 1.14092
2025-04-29 06:27:37,874 - trading_bot - INFO - Active position exists for EURUSD, skipping
2025-04-29 06:27:37,880 - trading_bot - INFO - Calculated levels - Entry: 1.34175, SL: 1.34134, TP: 1.34299
2025-04-29 06:27:37,880 - trading_bot - INFO - Active position exists for GBPUSD, skipping
2025-04-29 06:27:37,884 - trading_bot - INFO - Calculated levels - Entry: 142.393, SL: 142.34114, TP: 142.54857
2025-04-29 06:27:37,884 - trading_bot - INFO - Active position exists for USDJPY, skipping
2025-04-29 06:28:37,891 - trading_bot - INFO - Calculated levels - Entry: 1.13922, SL: 1.13872, TP: 1.14072
2025-04-29 06:28:37,891 - trading_bot - INFO - Active position exists for EURUSD, skipping
2025-04-29 06:28:37,896 - trading_bot - INFO - Calculated levels - Entry: 1.34157, SL: 1.34116, TP: 1.34279
2025-04-29 06:28:37,896 - trading_bot - INFO - Active position exists for GBPUSD, skipping
2025-04-29 06:28:37,901 - trading_bot - INFO - Calculated levels - Entry: 142.415, SL: 142.36257, TP: 142.57229
2025-04-29 06:28:37,901 - trading_bot - INFO - Active position exists for USDJPY, skipping
2025-04-29 06:29:37,913 - trading_bot - INFO - Calculated levels - Entry: 1.13942, SL: 1.13889, TP: 1.14102
2025-04-29 06:29:37,914 - trading_bot - INFO - Active position exists for EURUSD, skipping
2025-04-29 06:29:37,918 - trading_bot - INFO - Calculated levels - Entry: 1.34161, SL: 1.3412, TP: 1.34284
2025-04-29 06:29:37,918 - trading_bot - INFO - Active position exists for GBPUSD, skipping
2025-04-29 06:29:37,922 - trading_bot - INFO - Calculated levels - Entry: 142.393, SL: 142.34157, TP: 142.54729
2025-04-29 06:29:37,923 - trading_bot - INFO - Active position exists for USDJPY, skipping
2025-04-29 06:30:37,936 - trading_bot - INFO - Calculated levels - Entry: 1.13914, SL: 1.13967, TP: 1.13756
2025-04-29 06:30:37,937 - trading_bot - INFO - Active position exists for EURUSD, skipping
2025-04-29 06:30:37,942 - trading_bot - INFO - Calculated levels - Entry: 1.34146, SL: 1.34186, TP: 1.34026
2025-04-29 06:30:37,942 - trading_bot - INFO - Active position exists for GBPUSD, skipping
2025-04-29 06:30:37,945 - trading_bot - INFO - Calculated levels - Entry: 142.413, SL: 142.361, TP: 142.569
2025-04-29 06:30:37,946 - trading_bot - INFO - Active position exists for USDJPY, skipping
2025-04-29 06:31:37,969 - trading_bot - INFO - Calculated levels - Entry: 1.13908, SL: 1.13958, TP: 1.13757
2025-04-29 06:31:37,969 - trading_bot - INFO - Active position exists for EURUSD, skipping
2025-04-29 06:31:37,974 - trading_bot - INFO - Calculated levels - Entry: 1.34131, SL: 1.34171, TP: 1.34012
2025-04-29 06:31:37,974 - trading_bot - INFO - Active position exists for GBPUSD, skipping
2025-04-29 06:31:37,978 - trading_bot - INFO - Calculated levels - Entry: 142.416, SL: 142.36386, TP: 142.57243
2025-04-29 06:31:37,979 - trading_bot - INFO - Active position exists for USDJPY, skipping
2025-04-29 06:32:37,997 - trading_bot - INFO - Calculated levels - Entry: 1.1391, SL: 1.1396, TP: 1.13761
2025-04-29 06:32:37,998 - trading_bot - INFO - Active position exists for EURUSD, skipping
2025-04-29 06:32:38,004 - trading_bot - INFO - Calculated levels - Entry: 1.34128, SL: 1.34168, TP: 1.34008
2025-04-29 06:32:38,004 - trading_bot - INFO - Active position exists for GBPUSD, skipping
2025-04-29 06:32:38,008 - trading_bot - INFO - Calculated levels - Entry: 142.411, SL: 142.35886, TP: 142.56743
2025-04-29 06:32:38,008 - trading_bot - INFO - Active position exists for USDJPY, skipping
2025-04-29 06:33:38,014 - trading_bot - INFO - Calculated levels - Entry: 1.13915, SL: 1.13962, TP: 1.13773
2025-04-29 06:33:38,014 - trading_bot - INFO - Active position exists for EURUSD, skipping
2025-04-29 06:33:38,019 - trading_bot - INFO - Calculated levels - Entry: 1.34136, SL: 1.34174, TP: 1.34022
2025-04-29 06:33:38,019 - trading_bot - INFO - Active position exists for GBPUSD, skipping
2025-04-29 06:33:38,022 - trading_bot - INFO - Calculated levels - Entry: 142.402, SL: 142.34971, TP: 142.55886
2025-04-29 06:33:38,023 - trading_bot - INFO - Active position exists for USDJPY, skipping
2025-04-29 06:34:38,028 - trading_bot - INFO - Calculated levels - Entry: 1.13919, SL: 1.13966, TP: 1.13777
2025-04-29 06:34:38,028 - trading_bot - INFO - Active position exists for EURUSD, skipping
2025-04-29 06:34:38,033 - trading_bot - INFO - Calculated levels - Entry: 1.34142, SL: 1.34181, TP: 1.34025
2025-04-29 06:34:38,034 - trading_bot - INFO - Active position exists for GBPUSD, skipping
2025-04-29 06:34:38,037 - trading_bot - INFO - Calculated levels - Entry: 142.402, SL: 142.34843, TP: 142.56271
2025-04-29 06:34:38,037 - trading_bot - INFO - Active position exists for USDJPY, skipping
2025-04-29 06:35:38,053 - trading_bot - INFO - Calculated levels - Entry: 1.13921, SL: 1.13874, TP: 1.14061
2025-04-29 06:35:38,053 - trading_bot - INFO - Active position exists for EURUSD, skipping
2025-04-29 06:35:38,057 - trading_bot - INFO - Calculated levels - Entry: 1.34139, SL: 1.34178, TP: 1.34022
2025-04-29 06:35:38,058 - trading_bot - INFO - Active position exists for GBPUSD, skipping
2025-04-29 06:35:38,063 - trading_bot - INFO - Calculated levels - Entry: 142.401, SL: 142.45514, TP: 142.23857
2025-04-29 06:35:38,063 - trading_bot - INFO - Active position exists for USDJPY, skipping
2025-04-29 06:36:38,079 - trading_bot - INFO - Calculated levels - Entry: 1.1391, SL: 1.13957, TP: 1.13769
2025-04-29 06:36:38,079 - trading_bot - INFO - Active position exists for EURUSD, skipping
2025-04-29 06:36:38,083 - trading_bot - INFO - Calculated levels - Entry: 1.34123, SL: 1.34084, TP: 1.3424
2025-04-29 06:36:38,083 - trading_bot - INFO - Active position exists for GBPUSD, skipping
2025-04-29 06:36:38,087 - trading_bot - INFO - Calculated levels - Entry: 142.403, SL: 142.45443, TP: 142.24871
2025-04-29 06:36:38,088 - trading_bot - INFO - Active position exists for USDJPY, skipping
2025-04-29 06:37:38,104 - trading_bot - INFO - Calculated levels - Entry: 1.13914, SL: 1.13873, TP: 1.14037
2025-04-29 06:37:38,104 - trading_bot - INFO - Active position exists for EURUSD, skipping
2025-04-29 06:37:38,109 - trading_bot - INFO - Calculated levels - Entry: 1.34126, SL: 1.34161, TP: 1.34022
2025-04-29 06:37:38,109 - trading_bot - INFO - Active position exists for GBPUSD, skipping
2025-04-29 06:37:38,112 - trading_bot - INFO - Calculated levels - Entry: 142.405, SL: 142.44886, TP: 142.27343
2025-04-29 06:37:38,113 - trading_bot - INFO - Active position exists for USDJPY, skipping
2025-04-29 06:38:38,133 - trading_bot - INFO - Calculated levels - Entry: 1.13925, SL: 1.13887, TP: 1.1404
2025-04-29 06:38:38,133 - trading_bot - INFO - Active position exists for EURUSD, skipping
2025-04-29 06:38:38,137 - trading_bot - INFO - Calculated levels - Entry: 1.34132, SL: 1.341, TP: 1.34227
2025-04-29 06:38:38,137 - trading_bot - INFO - Active position exists for GBPUSD, skipping
2025-04-29 06:38:38,141 - trading_bot - INFO - Calculated levels - Entry: 142.403, SL: 142.44286, TP: 142.28343
2025-04-29 06:38:38,141 - trading_bot - INFO - Active position exists for USDJPY, skipping
2025-04-29 06:39:38,152 - trading_bot - INFO - Calculated levels - Entry: 1.13908, SL: 1.1387, TP: 1.14023
2025-04-29 06:39:38,153 - trading_bot - INFO - Active position exists for EURUSD, skipping
2025-04-29 06:39:38,157 - trading_bot - INFO - Calculated levels - Entry: 1.34121, SL: 1.34089, TP: 1.34216
2025-04-29 06:39:38,158 - trading_bot - INFO - Active position exists for GBPUSD, skipping
2025-04-29 06:39:38,161 - trading_bot - INFO - Calculated levels - Entry: 142.401, SL: 142.44186, TP: 142.27843
2025-04-29 06:39:38,161 - trading_bot - INFO - Active position exists for USDJPY, skipping
2025-04-29 06:40:38,176 - trading_bot - INFO - Calculated levels - Entry: 1.13917, SL: 1.13878, TP: 1.14033
2025-04-29 06:40:38,176 - trading_bot - INFO - Active position exists for EURUSD, skipping
2025-04-29 06:40:38,181 - trading_bot - INFO - Calculated levels - Entry: 1.34132, SL: 1.341, TP: 1.34228
2025-04-29 06:40:38,181 - trading_bot - INFO - Active position exists for GBPUSD, skipping
2025-04-29 06:40:38,184 - trading_bot - INFO - Calculated levels - Entry: 142.391, SL: 142.43229, TP: 142.26714
2025-04-29 06:40:38,185 - trading_bot - INFO - Active position exists for USDJPY, skipping
2025-04-29 06:41:38,197 - trading_bot - INFO - Calculated levels - Entry: 1.13909, SL: 1.13873, TP: 1.14017
2025-04-29 06:41:38,197 - trading_bot - INFO - Active position exists for EURUSD, skipping
2025-04-29 06:41:38,203 - trading_bot - INFO - Calculated levels - Entry: 1.34124, SL: 1.34093, TP: 1.34217
2025-04-29 06:41:38,203 - trading_bot - INFO - Active position exists for GBPUSD, skipping
2025-04-29 06:41:38,207 - trading_bot - INFO - Calculated levels - Entry: 142.395, SL: 142.43486, TP: 142.27543
2025-04-29 06:41:38,207 - trading_bot - INFO - Active position exists for USDJPY, skipping
2025-04-29 06:42:38,223 - trading_bot - INFO - Calculated levels - Entry: 1.13933, SL: 1.13896, TP: 1.14044
2025-04-29 06:42:38,223 - trading_bot - INFO - Active position exists for EURUSD, skipping
2025-04-29 06:42:38,228 - trading_bot - INFO - Calculated levels - Entry: 1.34136, SL: 1.34106, TP: 1.34227
2025-04-29 06:42:38,229 - trading_bot - INFO - Active position exists for GBPUSD, skipping
2025-04-29 06:42:38,232 - trading_bot - INFO - Calculated levels - Entry: 142.367, SL: 142.327, TP: 142.487
2025-04-29 06:42:38,233 - trading_bot - INFO - Active position exists for USDJPY, skipping
2025-04-29 06:43:38,249 - trading_bot - INFO - Calculated levels - Entry: 1.13942, SL: 1.13908, TP: 1.14045
2025-04-29 06:43:38,249 - trading_bot - INFO - Active position exists for EURUSD, skipping
2025-04-29 06:43:38,254 - trading_bot - INFO - Calculated levels - Entry: 1.34138, SL: 1.34108, TP: 1.34229
2025-04-29 06:43:38,254 - trading_bot - INFO - Active position exists for GBPUSD, skipping
2025-04-29 06:43:38,258 - trading_bot - INFO - Calculated levels - Entry: 142.384, SL: 142.42471, TP: 142.26186
2025-04-29 06:43:38,258 - trading_bot - INFO - Active position exists for USDJPY, skipping
2025-04-29 06:44:38,269 - trading_bot - INFO - Calculated levels - Entry: 1.1393, SL: 1.13897, TP: 1.1403
2025-04-29 06:44:38,269 - trading_bot - INFO - Active position exists for EURUSD, skipping
2025-04-29 06:44:38,274 - trading_bot - INFO - Calculated levels - Entry: 1.34132, SL: 1.34102, TP: 1.34221
2025-04-29 06:44:38,274 - trading_bot - INFO - Active position exists for GBPUSD, skipping
2025-04-29 06:44:38,278 - trading_bot - INFO - Calculated levels - Entry: 142.411, SL: 142.45214, TP: 142.28757
2025-04-29 06:44:38,278 - trading_bot - INFO - Active position exists for USDJPY, skipping
2025-04-29 06:45:38,284 - trading_bot - INFO - Calculated levels - Entry: 1.13924, SL: 1.1389, TP: 1.14025
2025-04-29 06:45:38,284 - trading_bot - INFO - Active position exists for EURUSD, skipping
2025-04-29 06:45:38,289 - trading_bot - INFO - Calculated levels - Entry: 1.34131, SL: 1.34102, TP: 1.34217
2025-04-29 06:45:38,290 - trading_bot - INFO - Active position exists for GBPUSD, skipping
2025-04-29 06:45:38,293 - trading_bot - INFO - Calculated levels - Entry: 142.414, SL: 142.45557, TP: 142.28929
2025-04-29 06:45:38,293 - trading_bot - INFO - Active position exists for USDJPY, skipping
2025-04-29 06:46:38,307 - trading_bot - INFO - Calculated levels - Entry: 1.13919, SL: 1.13884, TP: 1.14024
2025-04-29 06:46:38,308 - trading_bot - INFO - Active position exists for EURUSD, skipping
2025-04-29 06:46:38,312 - trading_bot - INFO - Calculated levels - Entry: 1.34126, SL: 1.34098, TP: 1.34209
2025-04-29 06:46:38,312 - trading_bot - INFO - Active position exists for GBPUSD, skipping
2025-04-29 06:46:38,318 - trading_bot - INFO - Calculated levels - Entry: 142.416, SL: 142.45657, TP: 142.29429
2025-04-29 06:46:38,318 - trading_bot - INFO - Active position exists for USDJPY, skipping
2025-04-29 06:47:38,342 - trading_bot - INFO - Calculated levels - Entry: 1.13888, SL: 1.13925, TP: 1.13776
2025-04-29 06:47:38,344 - trading_bot - INFO - Active position exists for EURUSD, skipping
2025-04-29 06:47:38,350 - trading_bot - INFO - Calculated levels - Entry: 1.34103, SL: 1.34074, TP: 1.34191
2025-04-29 06:47:38,351 - trading_bot - INFO - Active position exists for GBPUSD, skipping
2025-04-29 06:47:38,356 - trading_bot - INFO - Calculated levels - Entry: 142.453, SL: 142.40886, TP: 142.58543
2025-04-29 06:47:38,356 - trading_bot - INFO - Active position exists for USDJPY, skipping
2025-04-29 06:48:38,372 - trading_bot - INFO - Calculated levels - Entry: 1.1387, SL: 1.13907, TP: 1.13758
2025-04-29 06:48:38,372 - trading_bot - INFO - Active position exists for EURUSD, skipping
2025-04-29 06:48:38,377 - trading_bot - INFO - Calculated levels - Entry: 1.34087, SL: 1.34057, TP: 1.34176
2025-04-29 06:48:38,377 - trading_bot - INFO - Active position exists for GBPUSD, skipping
2025-04-29 06:48:38,380 - trading_bot - INFO - Calculated levels - Entry: 142.467, SL: 142.51014, TP: 142.33757
2025-04-29 06:48:38,381 - trading_bot - INFO - Active position exists for USDJPY, skipping
2025-04-29 06:49:38,395 - trading_bot - INFO - Calculated levels - Entry: 1.1387, SL: 1.13909, TP: 1.13752
2025-04-29 06:49:38,395 - trading_bot - INFO - Active position exists for EURUSD, skipping
2025-04-29 06:49:38,400 - trading_bot - INFO - Calculated levels - Entry: 1.34084, SL: 1.34054, TP: 1.34174
2025-04-29 06:49:38,400 - trading_bot - INFO - Active position exists for GBPUSD, skipping
2025-04-29 06:49:38,404 - trading_bot - INFO - Calculated levels - Entry: 142.476, SL: 142.51971, TP: 142.34486
2025-04-29 06:49:38,405 - trading_bot - INFO - Active position exists for USDJPY, skipping
2025-04-29 06:50:38,415 - trading_bot - INFO - Calculated levels - Entry: 1.13865, SL: 1.13902, TP: 1.13755
2025-04-29 06:50:38,416 - trading_bot - INFO - Active position exists for EURUSD, skipping
2025-04-29 06:50:38,420 - trading_bot - INFO - Calculated levels - Entry: 1.34081, SL: 1.34054, TP: 1.34163
2025-04-29 06:50:38,421 - trading_bot - INFO - Active position exists for GBPUSD, skipping
2025-04-29 06:50:38,425 - trading_bot - INFO - Calculated levels - Entry: 142.461, SL: 142.41857, TP: 142.58829
2025-04-29 06:50:38,425 - trading_bot - INFO - Active position exists for USDJPY, skipping
2025-04-29 06:51:38,436 - trading_bot - INFO - Calculated levels - Entry: 1.13866, SL: 1.13903, TP: 1.13756
2025-04-29 06:51:38,436 - trading_bot - INFO - Active position exists for EURUSD, skipping
2025-04-29 06:51:38,439 - trading_bot - INFO - Calculated levels - Entry: 1.34083, SL: 1.34055, TP: 1.34166
2025-04-29 06:51:38,440 - trading_bot - INFO - Active position exists for GBPUSD, skipping
2025-04-29 06:51:38,444 - trading_bot - INFO - Calculated levels - Entry: 142.47, SL: 142.42571, TP: 142.60286
2025-04-29 06:51:38,445 - trading_bot - INFO - Active position exists for USDJPY, skipping
2025-04-29 06:52:38,457 - trading_bot - INFO - Calculated levels - Entry: 1.13883, SL: 1.1392, TP: 1.13773
2025-04-29 06:52:38,457 - trading_bot - INFO - Active position exists for EURUSD, skipping
2025-04-29 06:52:38,461 - trading_bot - INFO - Calculated levels - Entry: 1.34094, SL: 1.34121, TP: 1.34012
2025-04-29 06:52:38,462 - trading_bot - INFO - Active position exists for GBPUSD, skipping
2025-04-29 06:52:38,466 - trading_bot - INFO - Calculated levels - Entry: 142.462, SL: 142.41814, TP: 142.59357
2025-04-29 06:52:38,466 - trading_bot - INFO - Active position exists for USDJPY, skipping
2025-04-29 06:53:38,472 - trading_bot - INFO - Calculated levels - Entry: 1.13878, SL: 1.13914, TP: 1.1377
2025-04-29 06:53:38,473 - trading_bot - INFO - Active position exists for EURUSD, skipping
2025-04-29 06:53:38,477 - trading_bot - INFO - Calculated levels - Entry: 1.341, SL: 1.34127, TP: 1.34019
2025-04-29 06:53:38,477 - trading_bot - INFO - Active position exists for GBPUSD, skipping
2025-04-29 06:53:38,481 - trading_bot - INFO - Calculated levels - Entry: 142.471, SL: 142.42571, TP: 142.60686
2025-04-29 06:53:38,482 - trading_bot - INFO - Active position exists for USDJPY, skipping
2025-04-29 06:54:38,497 - trading_bot - INFO - Calculated levels - Entry: 1.13889, SL: 1.13926, TP: 1.13779
2025-04-29 06:54:38,498 - trading_bot - INFO - Active position exists for EURUSD, skipping
2025-04-29 06:54:38,501 - trading_bot - INFO - Calculated levels - Entry: 1.34115, SL: 1.34088, TP: 1.34195
2025-04-29 06:54:38,502 - trading_bot - INFO - Active position exists for GBPUSD, skipping
2025-04-29 06:54:38,506 - trading_bot - INFO - Calculated levels - Entry: 142.444, SL: 142.39729, TP: 142.58414
2025-04-29 06:54:38,507 - trading_bot - INFO - Active position exists for USDJPY, skipping
2025-04-29 06:55:38,525 - trading_bot - INFO - Calculated levels - Entry: 1.1389, SL: 1.13854, TP: 1.13999
2025-04-29 06:55:38,525 - trading_bot - INFO - Active position exists for EURUSD, skipping
2025-04-29 06:55:38,530 - trading_bot - INFO - Calculated levels - Entry: 1.34121, SL: 1.34094, TP: 1.34202
2025-04-29 06:55:38,530 - trading_bot - INFO - Active position exists for GBPUSD, skipping
2025-04-29 06:55:38,533 - trading_bot - INFO - Calculated levels - Entry: 142.432, SL: 142.47914, TP: 142.29057
2025-04-29 06:55:38,535 - trading_bot - INFO - Active position exists for USDJPY, skipping
2025-04-29 06:56:38,552 - trading_bot - INFO - Calculated levels - Entry: 1.13866, SL: 1.1383, TP: 1.13973
2025-04-29 06:56:38,552 - trading_bot - INFO - Active position exists for EURUSD, skipping
2025-04-29 06:56:38,557 - trading_bot - INFO - Calculated levels - Entry: 1.34106, SL: 1.34079, TP: 1.34187
2025-04-29 06:56:38,557 - trading_bot - INFO - Active position exists for GBPUSD, skipping
2025-04-29 06:56:38,561 - trading_bot - INFO - Calculated levels - Entry: 142.442, SL: 142.48929, TP: 142.30014
2025-04-29 06:56:38,561 - trading_bot - INFO - Active position exists for USDJPY, skipping
2025-04-29 06:57:38,580 - trading_bot - INFO - Calculated levels - Entry: 1.13879, SL: 1.13844, TP: 1.13985
2025-04-29 06:57:38,581 - trading_bot - INFO - Active position exists for EURUSD, skipping
2025-04-29 06:57:38,586 - trading_bot - INFO - Calculated levels - Entry: 1.34116, SL: 1.3409, TP: 1.34195
2025-04-29 06:57:38,586 - trading_bot - INFO - Active position exists for GBPUSD, skipping
2025-04-29 06:57:38,591 - trading_bot - INFO - Calculated levels - Entry: 142.44, SL: 142.48457, TP: 142.30629
2025-04-29 06:57:38,591 - trading_bot - INFO - Active position exists for USDJPY, skipping
2025-04-29 06:58:38,610 - trading_bot - INFO - Calculated levels - Entry: 1.13881, SL: 1.13847, TP: 1.13983
2025-04-29 06:58:38,610 - trading_bot - INFO - Active position exists for EURUSD, skipping
2025-04-29 06:58:38,615 - trading_bot - INFO - Calculated levels - Entry: 1.34118, SL: 1.34093, TP: 1.34194
2025-04-29 06:58:38,615 - trading_bot - INFO - Active position exists for GBPUSD, skipping
2025-04-29 06:58:38,621 - trading_bot - INFO - Calculated levels - Entry: 142.449, SL: 142.491, TP: 142.323
2025-04-29 06:58:38,621 - trading_bot - INFO - Active position exists for USDJPY, skipping
2025-04-29 06:59:38,628 - trading_bot - INFO - Calculated levels - Entry: 1.13895, SL: 1.1386, TP: 1.13999
2025-04-29 06:59:38,628 - trading_bot - INFO - Active position exists for EURUSD, skipping
2025-04-29 06:59:38,634 - trading_bot - INFO - Calculated levels - Entry: 1.34116, SL: 1.34091, TP: 1.34192
2025-04-29 06:59:38,635 - trading_bot - INFO - Active position exists for GBPUSD, skipping
2025-04-29 06:59:38,639 - trading_bot - INFO - Calculated levels - Entry: 142.423, SL: 142.466, TP: 142.294
2025-04-29 06:59:38,639 - trading_bot - INFO - Active position exists for USDJPY, skipping
2025-04-29 07:00:38,650 - trading_bot - INFO - Calculated levels - Entry: 1.13899, SL: 1.13866, TP: 1.13997
2025-04-29 07:00:38,651 - trading_bot - INFO - Active position exists for EURUSD, skipping
2025-04-29 07:00:38,655 - trading_bot - INFO - Calculated levels - Entry: 1.34116, SL: 1.34091, TP: 1.3419
2025-04-29 07:00:38,656 - trading_bot - INFO - Active position exists for GBPUSD, skipping
2025-04-29 07:00:38,660 - trading_bot - INFO - Calculated levels - Entry: 142.42, SL: 142.46271, TP: 142.29186
2025-04-29 07:00:38,660 - trading_bot - INFO - Active position exists for USDJPY, skipping
2025-04-29 07:01:38,675 - trading_bot - INFO - Calculated levels - Entry: 1.13906, SL: 1.13876, TP: 1.13996
2025-04-29 07:01:38,676 - trading_bot - INFO - Active position exists for EURUSD, skipping
2025-04-29 07:01:38,681 - trading_bot - INFO - Calculated levels - Entry: 1.34122, SL: 1.341, TP: 1.34187
2025-04-29 07:01:38,681 - trading_bot - INFO - Active position exists for GBPUSD, skipping
2025-04-29 07:01:38,684 - trading_bot - INFO - Calculated levels - Entry: 142.42, SL: 142.45871, TP: 142.30386
2025-04-29 07:01:38,685 - trading_bot - INFO - Active position exists for USDJPY, skipping
2025-04-29 07:02:38,700 - trading_bot - INFO - Calculated levels - Entry: 1.13883, SL: 1.13852, TP: 1.13977
2025-04-29 07:02:38,701 - trading_bot - INFO - Active position exists for EURUSD, skipping
2025-04-29 07:02:38,706 - trading_bot - INFO - Calculated levels - Entry: 1.34102, SL: 1.34079, TP: 1.34171
2025-04-29 07:02:38,706 - trading_bot - INFO - Active position exists for GBPUSD, skipping
2025-04-29 07:02:38,711 - trading_bot - INFO - Calculated levels - Entry: 142.44, SL: 142.48057, TP: 142.31829
2025-04-29 07:02:38,711 - trading_bot - INFO - Active position exists for USDJPY, skipping
2025-04-29 07:03:38,724 - trading_bot - INFO - Calculated levels - Entry: 1.13873, SL: 1.13843, TP: 1.13962
2025-04-29 07:03:38,724 - trading_bot - INFO - Active position exists for EURUSD, skipping
2025-04-29 07:03:38,729 - trading_bot - INFO - Calculated levels - Entry: 1.34101, SL: 1.34078, TP: 1.34171
2025-04-29 07:03:38,729 - trading_bot - INFO - Active position exists for GBPUSD, skipping
2025-04-29 07:03:38,733 - trading_bot - INFO - Calculated levels - Entry: 142.439, SL: 142.48029, TP: 142.31514
2025-04-29 07:03:38,734 - trading_bot - INFO - Active position exists for USDJPY, skipping
2025-04-29 07:04:38,750 - trading_bot - INFO - Calculated levels - Entry: 1.13894, SL: 1.13863, TP: 1.13988
2025-04-29 07:04:38,751 - trading_bot - INFO - Active position exists for EURUSD, skipping
2025-04-29 07:04:38,755 - trading_bot - INFO - Calculated levels - Entry: 1.34111, SL: 1.34087, TP: 1.34184
2025-04-29 07:04:38,755 - trading_bot - INFO - Active position exists for GBPUSD, skipping
2025-04-29 07:04:38,759 - trading_bot - INFO - Calculated levels - Entry: 142.421, SL: 142.46243, TP: 142.29671
2025-04-29 07:04:38,760 - trading_bot - INFO - Active position exists for USDJPY, skipping
2025-04-29 07:05:38,778 - trading_bot - INFO - Calculated levels - Entry: 1.13899, SL: 1.13868, TP: 1.13992
2025-04-29 07:05:38,778 - trading_bot - INFO - Active position exists for EURUSD, skipping
2025-04-29 07:05:38,782 - trading_bot - INFO - Calculated levels - Entry: 1.34112, SL: 1.34088, TP: 1.34183
2025-04-29 07:05:38,782 - trading_bot - INFO - Active position exists for GBPUSD, skipping
2025-04-29 07:05:38,787 - trading_bot - INFO - Calculated levels - Entry: 142.411, SL: 142.37057, TP: 142.53229
2025-04-29 07:05:38,787 - trading_bot - INFO - Active position exists for USDJPY, skipping
2025-04-29 07:06:38,796 - trading_bot - INFO - Calculated levels - Entry: 1.13898, SL: 1.13868, TP: 1.13988
2025-04-29 07:06:38,796 - trading_bot - INFO - Active position exists for EURUSD, skipping
2025-04-29 07:06:38,801 - trading_bot - INFO - Calculated levels - Entry: 1.34112, SL: 1.34089, TP: 1.34182
2025-04-29 07:06:38,802 - trading_bot - INFO - Active position exists for GBPUSD, skipping
2025-04-29 07:06:38,806 - trading_bot - INFO - Calculated levels - Entry: 142.424, SL: 142.46543, TP: 142.29971
2025-04-29 07:06:38,806 - trading_bot - INFO - Active position exists for USDJPY, skipping
2025-04-29 07:07:38,826 - trading_bot - INFO - Calculated levels - Entry: 1.13897, SL: 1.13867, TP: 1.13986
2025-04-29 07:07:38,827 - trading_bot - INFO - Active position exists for EURUSD, skipping
2025-04-29 07:07:38,838 - trading_bot - INFO - Calculated levels - Entry: 1.34107, SL: 1.34084, TP: 1.34177
2025-04-29 07:07:38,838 - trading_bot - INFO - Active position exists for GBPUSD, skipping
2025-04-29 07:07:38,844 - trading_bot - INFO - Calculated levels - Entry: 142.422, SL: 142.46057, TP: 142.30629
2025-04-29 07:07:38,844 - trading_bot - INFO - Active position exists for USDJPY, skipping
2025-04-29 07:08:38,855 - trading_bot - INFO - Calculated levels - Entry: 1.13911, SL: 1.13882, TP: 1.13998
2025-04-29 07:08:38,855 - trading_bot - INFO - Active position exists for EURUSD, skipping
2025-04-29 07:08:38,859 - trading_bot - INFO - Calculated levels - Entry: 1.34111, SL: 1.34089, TP: 1.34177
2025-04-29 07:08:38,859 - trading_bot - INFO - Active position exists for GBPUSD, skipping
2025-04-29 07:08:38,862 - trading_bot - INFO - Calculated levels - Entry: 142.42, SL: 142.45686, TP: 142.30943
2025-04-29 07:08:38,863 - trading_bot - INFO - Active position exists for USDJPY, skipping
2025-04-29 07:09:38,876 - trading_bot - INFO - Calculated levels - Entry: 1.13907, SL: 1.13879, TP: 1.13992
2025-04-29 07:09:38,876 - trading_bot - INFO - Active position exists for EURUSD, skipping
2025-04-29 07:09:38,881 - trading_bot - INFO - Calculated levels - Entry: 1.34111, SL: 1.3409, TP: 1.34174
2025-04-29 07:09:38,882 - trading_bot - INFO - Active position exists for GBPUSD, skipping
2025-04-29 07:09:38,885 - trading_bot - INFO - Calculated levels - Entry: 142.432, SL: 142.46786, TP: 142.32443
2025-04-29 07:09:38,886 - trading_bot - INFO - Active position exists for USDJPY, skipping
2025-04-29 07:10:38,895 - trading_bot - INFO - Calculated levels - Entry: 1.13903, SL: 1.13877, TP: 1.13981
2025-04-29 07:10:38,895 - trading_bot - INFO - Active position exists for EURUSD, skipping
2025-04-29 07:10:38,900 - trading_bot - INFO - Calculated levels - Entry: 1.34111, SL: 1.34092, TP: 1.34167
2025-04-29 07:10:38,900 - trading_bot - INFO - Active position exists for GBPUSD, skipping
2025-04-29 07:10:38,904 - trading_bot - INFO - Calculated levels - Entry: 142.425, SL: 142.45871, TP: 142.32386
2025-04-29 07:10:38,904 - trading_bot - INFO - Active position exists for USDJPY, skipping
2025-04-29 07:11:38,916 - trading_bot - INFO - Calculated levels - Entry: 1.13894, SL: 1.13869, TP: 1.1397
2025-04-29 07:11:38,917 - trading_bot - INFO - Active position exists for EURUSD, skipping
2025-04-29 07:11:38,921 - trading_bot - INFO - Calculated levels - Entry: 1.34103, SL: 1.34085, TP: 1.34158
2025-04-29 07:11:38,922 - trading_bot - INFO - Active position exists for GBPUSD, skipping
2025-04-29 07:11:38,929 - trading_bot - INFO - Calculated levels - Entry: 142.432, SL: 142.46571, TP: 142.33086
2025-04-29 07:11:38,930 - trading_bot - INFO - Active position exists for USDJPY, skipping
2025-04-29 07:12:38,945 - trading_bot - INFO - Calculated levels - Entry: 1.13899, SL: 1.13873, TP: 1.13976
2025-04-29 07:12:38,946 - trading_bot - INFO - Active position exists for EURUSD, skipping
2025-04-29 07:12:38,950 - trading_bot - INFO - Calculated levels - Entry: 1.34107, SL: 1.34089, TP: 1.34162
2025-04-29 07:12:38,951 - trading_bot - INFO - Active position exists for GBPUSD, skipping
2025-04-29 07:12:38,955 - trading_bot - INFO - Calculated levels - Entry: 142.443, SL: 142.47871, TP: 142.33586
2025-04-29 07:12:38,955 - trading_bot - INFO - Active position exists for USDJPY, skipping
2025-04-29 07:13:38,969 - trading_bot - INFO - Calculated levels - Entry: 1.13901, SL: 1.13877, TP: 1.13973
2025-04-29 07:13:38,970 - trading_bot - INFO - Active position exists for EURUSD, skipping
2025-04-29 07:13:38,975 - trading_bot - INFO - Calculated levels - Entry: 1.34107, SL: 1.34089, TP: 1.34161
2025-04-29 07:13:38,975 - trading_bot - INFO - Active position exists for GBPUSD, skipping
2025-04-29 07:13:38,979 - trading_bot - INFO - Calculated levels - Entry: 142.431, SL: 142.46529, TP: 142.32814
2025-04-29 07:13:38,979 - trading_bot - INFO - Active position exists for USDJPY, skipping
2025-04-29 07:14:38,984 - trading_bot - INFO - Calculated levels - Entry: 1.13911, SL: 1.13886, TP: 1.13986
2025-04-29 07:14:38,985 - trading_bot - INFO - Active position exists for EURUSD, skipping
2025-04-29 07:14:38,989 - trading_bot - INFO - Calculated levels - Entry: 1.34121, SL: 1.34102, TP: 1.34179
2025-04-29 07:14:38,990 - trading_bot - INFO - Active position exists for GBPUSD, skipping
2025-04-29 07:14:38,995 - trading_bot - INFO - Calculated levels - Entry: 142.412, SL: 142.44771, TP: 142.30486
2025-04-29 07:14:38,995 - trading_bot - INFO - Active position exists for USDJPY, skipping
2025-04-29 07:15:39,005 - trading_bot - INFO - Calculated levels - Entry: 1.13914, SL: 1.13889, TP: 1.13989
2025-04-29 07:15:39,006 - trading_bot - INFO - Active position exists for EURUSD, skipping
2025-04-29 07:15:39,010 - trading_bot - INFO - Calculated levels - Entry: 1.34121, SL: 1.34102, TP: 1.34178
2025-04-29 07:15:39,010 - trading_bot - INFO - Active position exists for GBPUSD, skipping
2025-04-29 07:15:39,015 - trading_bot - INFO - Calculated levels - Entry: 142.421, SL: 142.458, TP: 142.31
2025-04-29 07:15:39,015 - trading_bot - INFO - Active position exists for USDJPY, skipping
2025-04-29 07:16:39,029 - trading_bot - INFO - Calculated levels - Entry: 1.1392, SL: 1.13942, TP: 1.13855
2025-04-29 07:16:39,029 - trading_bot - INFO - Active position exists for EURUSD, skipping
2025-04-29 07:16:39,033 - trading_bot - INFO - Calculated levels - Entry: 1.34123, SL: 1.34139, TP: 1.34075
2025-04-29 07:16:39,034 - trading_bot - INFO - Active position exists for GBPUSD, skipping
2025-04-29 07:16:39,037 - trading_bot - INFO - Calculated levels - Entry: 142.413, SL: 142.45057, TP: 142.30029
2025-04-29 07:16:39,037 - trading_bot - INFO - Active position exists for USDJPY, skipping
2025-04-29 07:17:39,053 - trading_bot - INFO - Calculated levels - Entry: 1.13921, SL: 1.13942, TP: 1.13859
2025-04-29 07:17:39,053 - trading_bot - INFO - Active position exists for EURUSD, skipping
2025-04-29 07:17:39,057 - trading_bot - INFO - Calculated levels - Entry: 1.34123, SL: 1.34137, TP: 1.3408
2025-04-29 07:17:39,057 - trading_bot - INFO - Active position exists for GBPUSD, skipping
2025-04-29 07:17:39,061 - trading_bot - INFO - Calculated levels - Entry: 142.422, SL: 142.45757, TP: 142.31529
2025-04-29 07:17:39,062 - trading_bot - INFO - Active position exists for USDJPY, skipping
2025-04-29 07:18:39,080 - trading_bot - INFO - Calculated levels - Entry: 1.13924, SL: 1.13904, TP: 1.13985
2025-04-29 07:18:39,080 - trading_bot - INFO - Active position exists for EURUSD, skipping
2025-04-29 07:18:39,084 - trading_bot - INFO - Calculated levels - Entry: 1.34137, SL: 1.34152, TP: 1.34091
2025-04-29 07:18:39,085 - trading_bot - INFO - Active position exists for GBPUSD, skipping
2025-04-29 07:18:39,088 - trading_bot - INFO - Calculated levels - Entry: 142.41, SL: 142.44486, TP: 142.30543
2025-04-29 07:18:39,088 - trading_bot - INFO - Active position exists for USDJPY, skipping
2025-04-29 07:19:39,109 - trading_bot - INFO - Calculated levels - Entry: 1.13928, SL: 1.13949, TP: 1.13866
2025-04-29 07:19:39,110 - trading_bot - INFO - Active position exists for EURUSD, skipping
2025-04-29 07:19:39,115 - trading_bot - INFO - Calculated levels - Entry: 1.34134, SL: 1.34119, TP: 1.3418
2025-04-29 07:19:39,115 - trading_bot - INFO - Active position exists for GBPUSD, skipping
2025-04-29 07:19:39,119 - trading_bot - INFO - Calculated levels - Entry: 142.408, SL: 142.44157, TP: 142.30729
2025-04-29 07:19:39,119 - trading_bot - INFO - Active position exists for USDJPY, skipping
2025-04-29 07:20:39,137 - trading_bot - INFO - Calculated levels - Entry: 1.13928, SL: 1.13908, TP: 1.13987
2025-04-29 07:20:39,138 - trading_bot - INFO - Active position exists for EURUSD, skipping
2025-04-29 07:20:39,142 - trading_bot - INFO - Calculated levels - Entry: 1.34141, SL: 1.34156, TP: 1.34096
2025-04-29 07:20:39,143 - trading_bot - INFO - Active position exists for GBPUSD, skipping
2025-04-29 07:20:39,147 - trading_bot - INFO - Calculated levels - Entry: 142.411, SL: 142.44143, TP: 142.31971
2025-04-29 07:20:39,147 - trading_bot - INFO - Active position exists for USDJPY, skipping
2025-04-29 07:21:39,158 - trading_bot - INFO - Calculated levels - Entry: 1.13915, SL: 1.13895, TP: 1.13976
2025-04-29 07:21:39,158 - trading_bot - INFO - Active position exists for EURUSD, skipping
2025-04-29 07:21:39,163 - trading_bot - INFO - Calculated levels - Entry: 1.34123, SL: 1.34107, TP: 1.34172
2025-04-29 07:21:39,164 - trading_bot - INFO - Active position exists for GBPUSD, skipping
2025-04-29 07:21:39,167 - trading_bot - INFO - Calculated levels - Entry: 142.432, SL: 142.46414, TP: 142.33557
2025-04-29 07:21:39,167 - trading_bot - INFO - Active position exists for USDJPY, skipping
2025-04-29 07:22:39,174 - trading_bot - INFO - Calculated levels - Entry: 1.13907, SL: 1.13888, TP: 1.13965
2025-04-29 07:22:39,174 - trading_bot - INFO - Active position exists for EURUSD, skipping
2025-04-29 07:22:39,178 - trading_bot - INFO - Calculated levels - Entry: 1.34122, SL: 1.34106, TP: 1.34169
2025-04-29 07:22:39,178 - trading_bot - INFO - Active position exists for GBPUSD, skipping
2025-04-29 07:22:39,182 - trading_bot - INFO - Calculated levels - Entry: 142.431, SL: 142.46229, TP: 142.33714
2025-04-29 07:22:39,182 - trading_bot - INFO - Active position exists for USDJPY, skipping
2025-04-29 07:23:39,200 - trading_bot - INFO - Calculated levels - Entry: 1.13905, SL: 1.13925, TP: 1.13846
2025-04-29 07:23:39,200 - trading_bot - INFO - Active position exists for EURUSD, skipping
2025-04-29 07:23:39,205 - trading_bot - INFO - Calculated levels - Entry: 1.34121, SL: 1.34105, TP: 1.34169
2025-04-29 07:23:39,205 - trading_bot - INFO - Active position exists for GBPUSD, skipping
2025-04-29 07:23:39,209 - trading_bot - INFO - Calculated levels - Entry: 142.44, SL: 142.40571, TP: 142.54286
2025-04-29 07:23:39,209 - trading_bot - INFO - Active position exists for USDJPY, skipping
2025-04-29 07:24:39,221 - trading_bot - INFO - Calculated levels - Entry: 1.139, SL: 1.1392, TP: 1.13841
2025-04-29 07:24:39,221 - trading_bot - INFO - Active position exists for EURUSD, skipping
2025-04-29 07:24:39,225 - trading_bot - INFO - Calculated levels - Entry: 1.34116, SL: 1.341, TP: 1.34165
2025-04-29 07:24:39,226 - trading_bot - INFO - Active position exists for GBPUSD, skipping
2025-04-29 07:24:39,229 - trading_bot - INFO - Calculated levels - Entry: 142.444, SL: 142.41, TP: 142.546
2025-04-29 07:24:39,229 - trading_bot - INFO - Active position exists for USDJPY, skipping
2025-04-29 07:25:39,249 - trading_bot - INFO - Calculated levels - Entry: 1.13893, SL: 1.13913, TP: 1.13834
2025-04-29 07:25:39,250 - trading_bot - INFO - Active position exists for EURUSD, skipping
2025-04-29 07:25:39,253 - trading_bot - INFO - Calculated levels - Entry: 1.34111, SL: 1.34127, TP: 1.34062
2025-04-29 07:25:39,253 - trading_bot - INFO - Active position exists for GBPUSD, skipping
2025-04-29 07:25:39,257 - trading_bot - INFO - Calculated levels - Entry: 142.447, SL: 142.41229, TP: 142.55114
2025-04-29 07:25:39,257 - trading_bot - INFO - Active position exists for USDJPY, skipping
2025-04-29 07:26:39,267 - trading_bot - INFO - Calculated levels - Entry: 1.13894, SL: 1.13914, TP: 1.13835
2025-04-29 07:26:39,267 - trading_bot - INFO - Active position exists for EURUSD, skipping
2025-04-29 07:26:39,271 - trading_bot - INFO - Calculated levels - Entry: 1.34111, SL: 1.34128, TP: 1.34061
2025-04-29 07:26:39,272 - trading_bot - INFO - Active position exists for GBPUSD, skipping
2025-04-29 07:26:39,276 - trading_bot - INFO - Calculated levels - Entry: 142.456, SL: 142.42171, TP: 142.55886
2025-04-29 07:26:39,276 - trading_bot - INFO - Active position exists for USDJPY, skipping
2025-04-29 07:27:39,282 - trading_bot - INFO - Calculated levels - Entry: 1.1389, SL: 1.13912, TP: 1.13825
2025-04-29 07:27:39,282 - trading_bot - INFO - Active position exists for EURUSD, skipping
2025-04-29 07:27:39,286 - trading_bot - INFO - Calculated levels - Entry: 1.34113, SL: 1.3413, TP: 1.34061
2025-04-29 07:27:39,287 - trading_bot - INFO - Active position exists for GBPUSD, skipping
2025-04-29 07:27:39,291 - trading_bot - INFO - Calculated levels - Entry: 142.452, SL: 142.41843, TP: 142.55271
2025-04-29 07:27:39,291 - trading_bot - INFO - Active position exists for USDJPY, skipping
2025-04-29 07:28:39,300 - trading_bot - INFO - Calculated levels - Entry: 1.13885, SL: 1.13864, TP: 1.13948
2025-04-29 07:28:39,300 - trading_bot - INFO - Active position exists for EURUSD, skipping
2025-04-29 07:28:39,304 - trading_bot - INFO - Calculated levels - Entry: 1.34105, SL: 1.34122, TP: 1.34055
2025-04-29 07:28:39,305 - trading_bot - INFO - Active position exists for GBPUSD, skipping
2025-04-29 07:28:39,308 - trading_bot - INFO - Calculated levels - Entry: 142.471, SL: 142.50429, TP: 142.37114
2025-04-29 07:28:39,310 - trading_bot - INFO - Active position exists for USDJPY, skipping
2025-04-29 07:29:39,315 - trading_bot - INFO - Calculated levels - Entry: 1.13894, SL: 1.13915, TP: 1.13832
2025-04-29 07:29:39,315 - trading_bot - INFO - Active position exists for EURUSD, skipping
2025-04-29 07:29:39,319 - trading_bot - INFO - Calculated levels - Entry: 1.34113, SL: 1.3413, TP: 1.34062
2025-04-29 07:29:39,320 - trading_bot - INFO - Active position exists for GBPUSD, skipping
2025-04-29 07:29:39,324 - trading_bot - INFO - Calculated levels - Entry: 142.465, SL: 142.49757, TP: 142.36729
2025-04-29 07:29:39,324 - trading_bot - INFO - Active position exists for USDJPY, skipping
2025-04-29 07:30:39,337 - trading_bot - INFO - Calculated levels - Entry: 1.13887, SL: 1.13867, TP: 1.13947
2025-04-29 07:30:39,337 - trading_bot - INFO - Active position exists for EURUSD, skipping
2025-04-29 07:30:39,340 - trading_bot - INFO - Calculated levels - Entry: 1.34107, SL: 1.34124, TP: 1.34055
2025-04-29 07:30:39,341 - trading_bot - INFO - Active position exists for GBPUSD, skipping
2025-04-29 07:30:39,344 - trading_bot - INFO - Calculated levels - Entry: 142.474, SL: 142.50343, TP: 142.38571
2025-04-29 07:30:39,344 - trading_bot - INFO - Active position exists for USDJPY, skipping
2025-04-29 07:31:39,352 - trading_bot - INFO - Calculated levels - Entry: 1.13902, SL: 1.13924, TP: 1.13835
2025-04-29 07:31:39,352 - trading_bot - INFO - Active position exists for EURUSD, skipping
2025-04-29 07:31:39,357 - trading_bot - INFO - Calculated levels - Entry: 1.3412, SL: 1.34139, TP: 1.34062
2025-04-29 07:31:39,357 - trading_bot - INFO - Active position exists for GBPUSD, skipping
2025-04-29 07:31:39,360 - trading_bot - INFO - Calculated levels - Entry: 142.454, SL: 142.42214, TP: 142.54957
2025-04-29 07:31:39,361 - trading_bot - INFO - Active position exists for USDJPY, skipping
2025-04-29 07:32:39,376 - trading_bot - INFO - Calculated levels - Entry: 1.13867, SL: 1.13842, TP: 1.13943
2025-04-29 07:32:39,377 - trading_bot - INFO - Active position exists for EURUSD, skipping
2025-04-29 07:32:39,382 - trading_bot - INFO - Calculated levels - Entry: 1.34108, SL: 1.34127, TP: 1.3405
2025-04-29 07:32:39,382 - trading_bot - INFO - Active position exists for GBPUSD, skipping
2025-04-29 07:32:39,386 - trading_bot - INFO - Calculated levels - Entry: 142.465, SL: 142.49686, TP: 142.36943
2025-04-29 07:32:39,386 - trading_bot - INFO - Active position exists for USDJPY, skipping
2025-04-29 07:33:39,405 - trading_bot - INFO - Calculated levels - Entry: 1.13863, SL: 1.13837, TP: 1.13941
2025-04-29 07:33:39,405 - trading_bot - INFO - Active position exists for EURUSD, skipping
2025-04-29 07:33:39,409 - trading_bot - INFO - Calculated levels - Entry: 1.34104, SL: 1.34124, TP: 1.34044
2025-04-29 07:33:39,410 - trading_bot - INFO - Active position exists for GBPUSD, skipping
2025-04-29 07:33:39,415 - trading_bot - INFO - Calculated levels - Entry: 142.474, SL: 142.50643, TP: 142.37671
2025-04-29 07:33:39,415 - trading_bot - INFO - Active position exists for USDJPY, skipping
2025-04-29 07:34:39,433 - trading_bot - INFO - Calculated levels - Entry: 1.13861, SL: 1.13834, TP: 1.13942
2025-04-29 07:34:39,434 - trading_bot - INFO - Active position exists for EURUSD, skipping
2025-04-29 07:34:39,438 - trading_bot - INFO - Calculated levels - Entry: 1.34104, SL: 1.34084, TP: 1.34163
2025-04-29 07:34:39,438 - trading_bot - INFO - Active position exists for GBPUSD, skipping
2025-04-29 07:34:39,442 - trading_bot - INFO - Calculated levels - Entry: 142.482, SL: 142.51586, TP: 142.38043
2025-04-29 07:34:39,443 - trading_bot - INFO - Active position exists for USDJPY, skipping
2025-04-29 07:35:39,460 - trading_bot - INFO - Calculated levels - Entry: 1.13863, SL: 1.13837, TP: 1.13942
2025-04-29 07:35:39,460 - trading_bot - INFO - Active position exists for EURUSD, skipping
2025-04-29 07:35:39,465 - trading_bot - INFO - Calculated levels - Entry: 1.34108, SL: 1.34126, TP: 1.34054
2025-04-29 07:35:39,465 - trading_bot - INFO - Active position exists for GBPUSD, skipping
2025-04-29 07:35:39,470 - trading_bot - INFO - Calculated levels - Entry: 142.473, SL: 142.44, TP: 142.572
2025-04-29 07:35:39,470 - trading_bot - INFO - Active position exists for USDJPY, skipping
2025-04-29 07:36:39,477 - trading_bot - INFO - Calculated levels - Entry: 1.13849, SL: 1.13821, TP: 1.13933
2025-04-29 07:36:39,496 - trading_bot - INFO - Placing BUY order for EURUSD with lot size 0.01
2025-04-29 07:36:40,348 - trading_bot - INFO - Order placed successfully: Request executed
2025-04-29 07:36:40,353 - trading_bot - INFO - Calculated levels - Entry: 1.34074, SL: 1.34051, TP: 1.34144
2025-04-29 07:36:40,365 - trading_bot - INFO - Placing BUY order for GBPUSD with lot size 0.01
2025-04-29 07:36:41,112 - trading_bot - INFO - Order placed successfully: Request executed
2025-04-29 07:36:41,116 - trading_bot - INFO - Calculated levels - Entry: 142.489, SL: 142.52543, TP: 142.37971
2025-04-29 07:36:41,116 - trading_bot - INFO - Active position exists for USDJPY, skipping
2025-04-29 07:37:41,132 - trading_bot - INFO - Calculated levels - Entry: 1.13838, SL: 1.13808, TP: 1.13928
2025-04-29 07:37:41,132 - trading_bot - INFO - Active position exists for EURUSD, skipping
2025-04-29 07:37:41,136 - trading_bot - INFO - Calculated levels - Entry: 1.34071, SL: 1.34047, TP: 1.34143
2025-04-29 07:37:41,137 - trading_bot - INFO - Active position exists for GBPUSD, skipping
2025-04-29 07:37:41,140 - trading_bot - INFO - Calculated levels - Entry: 142.492, SL: 142.52529, TP: 142.39214
2025-04-29 07:37:41,141 - trading_bot - INFO - Active position exists for USDJPY, skipping
2025-04-29 07:38:41,154 - trading_bot - INFO - Calculated levels - Entry: 1.13831, SL: 1.138, TP: 1.13923
2025-04-29 07:38:41,155 - trading_bot - INFO - Active position exists for EURUSD, skipping
2025-04-29 07:38:41,158 - trading_bot - INFO - Calculated levels - Entry: 1.34069, SL: 1.34045, TP: 1.34141
2025-04-29 07:38:41,158 - trading_bot - INFO - Active position exists for GBPUSD, skipping
2025-04-29 07:38:41,163 - trading_bot - INFO - Calculated levels - Entry: 142.476, SL: 142.43843, TP: 142.58871
2025-04-29 07:38:41,164 - trading_bot - INFO - Active position exists for USDJPY, skipping
2025-04-29 07:39:41,178 - trading_bot - INFO - Calculated levels - Entry: 1.13871, SL: 1.13905, TP: 1.13768
2025-04-29 07:39:41,178 - trading_bot - INFO - Active position exists for EURUSD, skipping
2025-04-29 07:39:41,183 - trading_bot - INFO - Calculated levels - Entry: 1.34091, SL: 1.34117, TP: 1.34013
2025-04-29 07:39:41,183 - trading_bot - INFO - Active position exists for GBPUSD, skipping
2025-04-29 07:39:41,186 - trading_bot - INFO - Calculated levels - Entry: 142.443, SL: 142.484, TP: 142.32
2025-04-29 07:39:41,187 - trading_bot - INFO - Active position exists for USDJPY, skipping
2025-04-29 07:40:41,206 - trading_bot - INFO - Calculated levels - Entry: 1.13865, SL: 1.139, TP: 1.13761
2025-04-29 07:40:41,206 - trading_bot - INFO - Active position exists for EURUSD, skipping
2025-04-29 07:40:41,210 - trading_bot - INFO - Calculated levels - Entry: 1.34087, SL: 1.34113, TP: 1.34009
2025-04-29 07:40:41,211 - trading_bot - INFO - Active position exists for GBPUSD, skipping
2025-04-29 07:40:41,215 - trading_bot - INFO - Calculated levels - Entry: 142.438, SL: 142.47771, TP: 142.31886
2025-04-29 07:40:41,215 - trading_bot - INFO - Active position exists for USDJPY, skipping
2025-04-29 07:41:41,235 - trading_bot - INFO - Calculated levels - Entry: 1.13871, SL: 1.13905, TP: 1.1377
2025-04-29 07:41:41,235 - trading_bot - INFO - Active position exists for EURUSD, skipping
2025-04-29 07:41:41,239 - trading_bot - INFO - Calculated levels - Entry: 1.34085, SL: 1.3411, TP: 1.34009
2025-04-29 07:41:41,239 - trading_bot - INFO - Active position exists for GBPUSD, skipping
2025-04-29 07:41:41,243 - trading_bot - INFO - Calculated levels - Entry: 142.441, SL: 142.48057, TP: 142.32229
2025-04-29 07:41:41,243 - trading_bot - INFO - Active position exists for USDJPY, skipping
2025-04-29 07:42:41,255 - trading_bot - INFO - Calculated levels - Entry: 1.13839, SL: 1.13876, TP: 1.13727
2025-04-29 07:42:41,255 - trading_bot - INFO - Active position exists for EURUSD, skipping
2025-04-29 07:42:41,260 - trading_bot - INFO - Calculated levels - Entry: 1.34082, SL: 1.34108, TP: 1.34004
2025-04-29 07:42:41,260 - trading_bot - INFO - Active position exists for GBPUSD, skipping
2025-04-29 07:42:41,263 - trading_bot - INFO - Calculated levels - Entry: 142.471, SL: 142.51243, TP: 142.34671
2025-04-29 07:42:41,264 - trading_bot - INFO - Active position exists for USDJPY, skipping
2025-04-29 07:43:41,273 - trading_bot - INFO - Calculated levels - Entry: 1.13833, SL: 1.13872, TP: 1.13715
2025-04-29 07:43:41,274 - trading_bot - INFO - Active position exists for EURUSD, skipping
2025-04-29 07:43:41,278 - trading_bot - INFO - Calculated levels - Entry: 1.34082, SL: 1.34109, TP: 1.34002
2025-04-29 07:43:41,279 - trading_bot - INFO - Active position exists for GBPUSD, skipping
2025-04-29 07:43:41,283 - trading_bot - INFO - Calculated levels - Entry: 142.497, SL: 142.54171, TP: 142.36286
2025-04-29 07:43:41,283 - trading_bot - INFO - Active position exists for USDJPY, skipping
2025-04-29 07:44:41,302 - trading_bot - INFO - Calculated levels - Entry: 1.13809, SL: 1.13852, TP: 1.13679
2025-04-29 07:44:41,302 - trading_bot - INFO - Active position exists for EURUSD, skipping
2025-04-29 07:44:41,306 - trading_bot - INFO - Calculated levels - Entry: 1.34083, SL: 1.34111, TP: 1.33999
2025-04-29 07:44:41,306 - trading_bot - INFO - Active position exists for GBPUSD, skipping
2025-04-29 07:44:41,309 - trading_bot - INFO - Calculated levels - Entry: 142.518, SL: 142.47114, TP: 142.65857
2025-04-29 07:44:41,310 - trading_bot - INFO - Active position exists for USDJPY, skipping
2025-04-29 07:45:41,330 - trading_bot - INFO - Calculated levels - Entry: 1.13811, SL: 1.13769, TP: 1.13938
2025-04-29 07:45:41,330 - trading_bot - INFO - Active position exists for EURUSD, skipping
2025-04-29 07:45:41,334 - trading_bot - INFO - Calculated levels - Entry: 1.34083, SL: 1.34109, TP: 1.34005
2025-04-29 07:45:41,334 - trading_bot - INFO - Active position exists for GBPUSD, skipping
2025-04-29 07:45:41,338 - trading_bot - INFO - Calculated levels - Entry: 142.508, SL: 142.46214, TP: 142.64557
2025-04-29 07:45:41,338 - trading_bot - INFO - Active position exists for USDJPY, skipping
2025-04-29 07:46:41,348 - trading_bot - INFO - Calculated levels - Entry: 1.13785, SL: 1.13742, TP: 1.13914
2025-04-29 07:46:41,349 - trading_bot - INFO - Active position exists for EURUSD, skipping
2025-04-29 07:46:41,355 - trading_bot - INFO - Calculated levels - Entry: 1.34051, SL: 1.34022, TP: 1.34138
2025-04-29 07:46:41,356 - trading_bot - INFO - Active position exists for GBPUSD, skipping
2025-04-29 07:46:41,360 - trading_bot - INFO - Calculated levels - Entry: 142.525, SL: 142.47686, TP: 142.66943
2025-04-29 07:46:41,361 - trading_bot - INFO - Active position exists for USDJPY, skipping
2025-04-29 07:47:41,366 - trading_bot - INFO - Calculated levels - Entry: 1.13785, SL: 1.13741, TP: 1.13916
2025-04-29 07:47:41,367 - trading_bot - INFO - Active position exists for EURUSD, skipping
2025-04-29 07:47:41,371 - trading_bot - INFO - Calculated levels - Entry: 1.34049, SL: 1.3402, TP: 1.34136
2025-04-29 07:47:41,371 - trading_bot - INFO - Active position exists for GBPUSD, skipping
2025-04-29 07:47:41,374 - trading_bot - INFO - Calculated levels - Entry: 142.556, SL: 142.50443, TP: 142.71071
2025-04-29 07:47:41,375 - trading_bot - INFO - Active position exists for USDJPY, skipping
2025-04-29 07:48:41,393 - trading_bot - INFO - Calculated levels - Entry: 1.13774, SL: 1.13727, TP: 1.13915
2025-04-29 07:48:41,393 - trading_bot - INFO - Active position exists for EURUSD, skipping
2025-04-29 07:48:41,397 - trading_bot - INFO - Calculated levels - Entry: 1.34042, SL: 1.34011, TP: 1.34135
2025-04-29 07:48:41,397 - trading_bot - INFO - Active position exists for GBPUSD, skipping
2025-04-29 07:48:41,401 - trading_bot - INFO - Calculated levels - Entry: 142.567, SL: 142.51414, TP: 142.72557
2025-04-29 07:48:41,402 - trading_bot - INFO - Active position exists for USDJPY, skipping
2025-04-29 07:49:41,422 - trading_bot - INFO - Calculated levels - Entry: 1.13781, SL: 1.13734, TP: 1.13922
2025-04-29 07:49:41,422 - trading_bot - INFO - Active position exists for EURUSD, skipping
2025-04-29 07:49:41,427 - trading_bot - INFO - Calculated levels - Entry: 1.34024, SL: 1.33991, TP: 1.34124
2025-04-29 07:49:41,427 - trading_bot - INFO - Active position exists for GBPUSD, skipping
2025-04-29 07:49:41,431 - trading_bot - INFO - Calculated levels - Entry: 142.536, SL: 142.48043, TP: 142.70271
2025-04-29 07:49:41,431 - trading_bot - INFO - Active position exists for USDJPY, skipping
2025-04-29 07:50:41,437 - trading_bot - INFO - Calculated levels - Entry: 1.13773, SL: 1.13728, TP: 1.13909
2025-04-29 07:50:41,437 - trading_bot - INFO - Active position exists for EURUSD, skipping
2025-04-29 07:50:41,440 - trading_bot - INFO - Calculated levels - Entry: 1.34013, SL: 1.33984, TP: 1.34101
2025-04-29 07:50:41,440 - trading_bot - INFO - Active position exists for GBPUSD, skipping
2025-04-29 07:50:41,444 - trading_bot - INFO - Calculated levels - Entry: 142.543, SL: 142.49029, TP: 142.70114
2025-04-29 07:50:41,444 - trading_bot - INFO - Active position exists for USDJPY, skipping
2025-04-29 07:51:41,449 - trading_bot - INFO - Calculated levels - Entry: 1.13741, SL: 1.13693, TP: 1.13884
2025-04-29 07:51:41,450 - trading_bot - INFO - Active position exists for EURUSD, skipping
2025-04-29 07:51:41,453 - trading_bot - INFO - Calculated levels - Entry: 1.3399, SL: 1.33957, TP: 1.3409
2025-04-29 07:51:41,453 - trading_bot - INFO - Active position exists for GBPUSD, skipping
2025-04-29 07:51:41,457 - trading_bot - INFO - Calculated levels - Entry: 142.564, SL: 142.50814, TP: 142.73157
2025-04-29 07:51:41,457 - trading_bot - INFO - Active position exists for USDJPY, skipping
2025-04-29 07:52:41,468 - trading_bot - INFO - Calculated levels - Entry: 1.13751, SL: 1.13802, TP: 1.13599
2025-04-29 07:52:41,469 - trading_bot - INFO - Active position exists for EURUSD, skipping
2025-04-29 07:52:41,473 - trading_bot - INFO - Calculated levels - Entry: 1.33974, SL: 1.33937, TP: 1.34084
2025-04-29 07:52:41,473 - trading_bot - INFO - Active position exists for GBPUSD, skipping
2025-04-29 07:52:41,477 - trading_bot - INFO - Calculated levels - Entry: 142.552, SL: 142.49743, TP: 142.71571
2025-04-29 07:52:41,477 - trading_bot - INFO - Active position exists for USDJPY, skipping
2025-04-29 07:53:41,485 - trading_bot - INFO - Calculated levels - Entry: 1.13769, SL: 1.13721, TP: 1.13914
2025-04-29 07:53:41,485 - trading_bot - INFO - Active position exists for EURUSD, skipping
2025-04-29 07:53:41,490 - trading_bot - INFO - Calculated levels - Entry: 1.33973, SL: 1.33939, TP: 1.34076
2025-04-29 07:53:41,491 - trading_bot - INFO - Active position exists for GBPUSD, skipping
2025-04-29 07:53:41,494 - trading_bot - INFO - Calculated levels - Entry: 142.542, SL: 142.59271, TP: 142.38986
2025-04-29 07:53:41,494 - trading_bot - INFO - Active position exists for USDJPY, skipping
2025-04-29 07:54:41,512 - trading_bot - INFO - Calculated levels - Entry: 1.1375, SL: 1.13699, TP: 1.13902
2025-04-29 07:54:41,512 - trading_bot - INFO - Active position exists for EURUSD, skipping
2025-04-29 07:54:41,517 - trading_bot - INFO - Calculated levels - Entry: 1.33962, SL: 1.33926, TP: 1.34069
2025-04-29 07:54:41,517 - trading_bot - INFO - Active position exists for GBPUSD, skipping
2025-04-29 07:54:41,522 - trading_bot - INFO - Calculated levels - Entry: 142.531, SL: 142.47871, TP: 142.68786
2025-04-29 07:54:41,522 - trading_bot - INFO - Active position exists for USDJPY, skipping
2025-04-29 07:55:41,535 - trading_bot - INFO - Calculated levels - Entry: 1.13755, SL: 1.13703, TP: 1.13911
2025-04-29 07:55:41,536 - trading_bot - INFO - Active position exists for EURUSD, skipping
2025-04-29 07:55:41,540 - trading_bot - INFO - Calculated levels - Entry: 1.33961, SL: 1.33925, TP: 1.3407
2025-04-29 07:55:41,541 - trading_bot - INFO - Active position exists for GBPUSD, skipping
2025-04-29 07:55:41,545 - trading_bot - INFO - Calculated levels - Entry: 142.546, SL: 142.59886, TP: 142.38743
2025-04-29 07:55:41,546 - trading_bot - INFO - Active position exists for USDJPY, skipping
2025-04-29 07:56:41,557 - trading_bot - INFO - Calculated levels - Entry: 1.13772, SL: 1.13722, TP: 1.13923
2025-04-29 07:56:41,557 - trading_bot - INFO - Active position exists for EURUSD, skipping
2025-04-29 07:56:41,563 - trading_bot - INFO - Calculated levels - Entry: 1.33944, SL: 1.33907, TP: 1.34056
2025-04-29 07:56:41,563 - trading_bot - INFO - Active position exists for GBPUSD, skipping
2025-04-29 07:56:41,567 - trading_bot - INFO - Calculated levels - Entry: 142.516, SL: 142.56929, TP: 142.35614
2025-04-29 07:56:41,567 - trading_bot - INFO - Active position exists for USDJPY, skipping
2025-04-29 07:57:41,587 - trading_bot - INFO - Calculated levels - Entry: 1.13783, SL: 1.13734, TP: 1.1393
2025-04-29 07:57:41,587 - trading_bot - INFO - Active position exists for EURUSD, skipping
2025-04-29 07:57:41,591 - trading_bot - INFO - Calculated levels - Entry: 1.33958, SL: 1.33919, TP: 1.34074
2025-04-29 07:57:41,591 - trading_bot - INFO - Active position exists for GBPUSD, skipping
2025-04-29 07:57:41,595 - trading_bot - INFO - Calculated levels - Entry: 142.519, SL: 142.56871, TP: 142.36986
2025-04-29 07:57:41,595 - trading_bot - INFO - Active position exists for USDJPY, skipping
2025-04-29 07:58:41,607 - trading_bot - INFO - Calculated levels - Entry: 1.13764, SL: 1.13717, TP: 1.13906
2025-04-29 07:58:41,608 - trading_bot - INFO - Active position exists for EURUSD, skipping
2025-04-29 07:58:41,612 - trading_bot - INFO - Calculated levels - Entry: 1.33941, SL: 1.33901, TP: 1.3406
2025-04-29 07:58:41,613 - trading_bot - INFO - Active position exists for GBPUSD, skipping
2025-04-29 07:58:41,616 - trading_bot - INFO - Calculated levels - Entry: 142.532, SL: 142.58086, TP: 142.38543
2025-04-29 07:58:41,617 - trading_bot - INFO - Active position exists for USDJPY, skipping
2025-04-29 07:59:41,622 - trading_bot - INFO - Calculated levels - Entry: 1.13765, SL: 1.13718, TP: 1.13906
2025-04-29 07:59:41,623 - trading_bot - INFO - Active position exists for EURUSD, skipping
2025-04-29 07:59:41,627 - trading_bot - INFO - Calculated levels - Entry: 1.33942, SL: 1.33901, TP: 1.34064
2025-04-29 07:59:41,628 - trading_bot - INFO - Active position exists for GBPUSD, skipping
2025-04-29 07:59:41,632 - trading_bot - INFO - Calculated levels - Entry: 142.532, SL: 142.58, TP: 142.388
2025-04-29 07:59:41,633 - trading_bot - INFO - Active position exists for USDJPY, skipping
2025-04-29 08:00:41,640 - trading_bot - INFO - Calculated levels - Entry: 1.13775, SL: 1.13732, TP: 1.13903
2025-04-29 08:00:41,640 - trading_bot - INFO - Active position exists for EURUSD, skipping
2025-04-29 08:00:41,644 - trading_bot - INFO - Calculated levels - Entry: 1.33946, SL: 1.3391, TP: 1.34054
2025-04-29 08:00:41,645 - trading_bot - INFO - Active position exists for GBPUSD, skipping
2025-04-29 08:00:41,648 - trading_bot - INFO - Calculated levels - Entry: 142.517, SL: 142.56329, TP: 142.37814
2025-04-29 08:00:41,648 - trading_bot - INFO - Active position exists for USDJPY, skipping
2025-04-29 08:01:41,660 - trading_bot - INFO - Calculated levels - Entry: 1.13793, SL: 1.13749, TP: 1.13924
2025-04-29 08:01:41,660 - trading_bot - INFO - Active position exists for EURUSD, skipping
2025-04-29 08:01:41,666 - trading_bot - INFO - Calculated levels - Entry: 1.33973, SL: 1.33934, TP: 1.34089
2025-04-29 08:01:41,666 - trading_bot - INFO - Active position exists for GBPUSD, skipping
2025-04-29 08:01:41,670 - trading_bot - INFO - Calculated levels - Entry: 142.503, SL: 142.54829, TP: 142.36714
2025-04-29 08:01:41,670 - trading_bot - INFO - Active position exists for USDJPY, skipping
2025-04-29 08:02:41,679 - trading_bot - INFO - Calculated levels - Entry: 1.13772, SL: 1.1373, TP: 1.13898
2025-04-29 08:02:41,680 - trading_bot - INFO - Active position exists for EURUSD, skipping
2025-04-29 08:02:41,683 - trading_bot - INFO - Calculated levels - Entry: 1.33973, SL: 1.33935, TP: 1.34087
2025-04-29 08:02:41,684 - trading_bot - INFO - Active position exists for GBPUSD, skipping
2025-04-29 08:02:41,688 - trading_bot - INFO - Calculated levels - Entry: 142.518, SL: 142.56314, TP: 142.38257
2025-04-29 08:02:41,689 - trading_bot - INFO - Active position exists for USDJPY, skipping
2025-04-29 08:03:41,699 - trading_bot - INFO - Calculated levels - Entry: 1.13779, SL: 1.13735, TP: 1.1391
2025-04-29 08:03:41,699 - trading_bot - INFO - Active position exists for EURUSD, skipping
2025-04-29 08:03:41,704 - trading_bot - INFO - Calculated levels - Entry: 1.33972, SL: 1.33936, TP: 1.3408
2025-04-29 08:03:41,704 - trading_bot - INFO - Active position exists for GBPUSD, skipping
2025-04-29 08:03:41,708 - trading_bot - INFO - Calculated levels - Entry: 142.502, SL: 142.54543, TP: 142.37171
2025-04-29 08:03:41,708 - trading_bot - INFO - Active position exists for USDJPY, skipping
2025-04-29 08:04:41,718 - trading_bot - INFO - Calculated levels - Entry: 1.13779, SL: 1.13736, TP: 1.13907
2025-04-29 08:04:41,719 - trading_bot - INFO - Active position exists for EURUSD, skipping
2025-04-29 08:04:41,723 - trading_bot - INFO - Calculated levels - Entry: 1.33971, SL: 1.33938, TP: 1.34071
2025-04-29 08:04:41,723 - trading_bot - INFO - Active position exists for GBPUSD, skipping
2025-04-29 08:04:41,727 - trading_bot - INFO - Calculated levels - Entry: 142.507, SL: 142.55029, TP: 142.37714
2025-04-29 08:04:41,727 - trading_bot - INFO - Active position exists for USDJPY, skipping
2025-04-29 08:05:41,740 - trading_bot - INFO - Calculated levels - Entry: 1.13795, SL: 1.13755, TP: 1.13916
2025-04-29 08:05:41,740 - trading_bot - INFO - Active position exists for EURUSD, skipping
2025-04-29 08:05:41,746 - trading_bot - INFO - Calculated levels - Entry: 1.33984, SL: 1.33953, TP: 1.34077
2025-04-29 08:05:41,746 - trading_bot - INFO - Active position exists for GBPUSD, skipping
2025-04-29 08:05:41,750 - trading_bot - INFO - Calculated levels - Entry: 142.49, SL: 142.44843, TP: 142.61471
2025-04-29 08:05:41,750 - trading_bot - INFO - Active position exists for USDJPY, skipping
2025-04-29 08:06:41,757 - trading_bot - INFO - Calculated levels - Entry: 1.13794, SL: 1.13755, TP: 1.1391
2025-04-29 08:06:41,758 - trading_bot - INFO - Active position exists for EURUSD, skipping
2025-04-29 08:06:41,761 - trading_bot - INFO - Calculated levels - Entry: 1.33992, SL: 1.33962, TP: 1.34082
2025-04-29 08:06:41,761 - trading_bot - INFO - Active position exists for GBPUSD, skipping
2025-04-29 08:06:41,765 - trading_bot - INFO - Calculated levels - Entry: 142.494, SL: 142.53643, TP: 142.36671
2025-04-29 08:06:41,766 - trading_bot - INFO - Active position exists for USDJPY, skipping
2025-04-29 08:07:41,780 - trading_bot - INFO - Calculated levels - Entry: 1.13785, SL: 1.13749, TP: 1.13894
2025-04-29 08:07:41,780 - trading_bot - INFO - Active position exists for EURUSD, skipping
2025-04-29 08:07:41,784 - trading_bot - INFO - Calculated levels - Entry: 1.33994, SL: 1.33965, TP: 1.34081
2025-04-29 08:07:41,785 - trading_bot - INFO - Active position exists for GBPUSD, skipping
2025-04-29 08:07:41,790 - trading_bot - INFO - Calculated levels - Entry: 142.504, SL: 142.547, TP: 142.375
2025-04-29 08:07:41,790 - trading_bot - INFO - Active position exists for USDJPY, skipping
2025-04-29 08:08:41,796 - trading_bot - INFO - Calculated levels - Entry: 1.13794, SL: 1.13759, TP: 1.13899
2025-04-29 08:08:41,796 - trading_bot - INFO - Active position exists for EURUSD, skipping
2025-04-29 08:08:41,800 - trading_bot - INFO - Calculated levels - Entry: 1.34007, SL: 1.33978, TP: 1.34094
2025-04-29 08:08:41,801 - trading_bot - INFO - Active position exists for GBPUSD, skipping
2025-04-29 08:08:41,806 - trading_bot - INFO - Calculated levels - Entry: 142.492, SL: 142.534, TP: 142.366
2025-04-29 08:08:41,806 - trading_bot - INFO - Active position exists for USDJPY, skipping
2025-04-29 08:09:41,814 - trading_bot - INFO - Calculated levels - Entry: 1.13794, SL: 1.1376, TP: 1.13896
2025-04-29 08:09:41,815 - trading_bot - INFO - Active position exists for EURUSD, skipping
2025-04-29 08:09:41,819 - trading_bot - INFO - Calculated levels - Entry: 1.34011, SL: 1.3404, TP: 1.33925
2025-04-29 08:09:41,820 - trading_bot - INFO - Active position exists for GBPUSD, skipping
2025-04-29 08:09:41,825 - trading_bot - INFO - Calculated levels - Entry: 142.488, SL: 142.52929, TP: 142.36414
2025-04-29 08:09:41,825 - trading_bot - INFO - Active position exists for USDJPY, skipping
2025-04-29 08:10:41,835 - trading_bot - INFO - Calculated levels - Entry: 1.13785, SL: 1.13752, TP: 1.13883
2025-04-29 08:10:41,835 - trading_bot - INFO - Active position exists for EURUSD, skipping
2025-04-29 08:10:41,840 - trading_bot - INFO - Calculated levels - Entry: 1.34002, SL: 1.34029, TP: 1.33921
2025-04-29 08:10:41,840 - trading_bot - INFO - Active position exists for GBPUSD, skipping
2025-04-29 08:10:41,843 - trading_bot - INFO - Calculated levels - Entry: 142.501, SL: 142.53957, TP: 142.38529
2025-04-29 08:10:41,844 - trading_bot - INFO - Active position exists for USDJPY, skipping
2025-04-29 08:11:41,858 - trading_bot - INFO - Calculated levels - Entry: 1.13764, SL: 1.13729, TP: 1.13869
2025-04-29 08:11:41,858 - trading_bot - INFO - Active position exists for EURUSD, skipping
2025-04-29 08:11:41,864 - trading_bot - INFO - Calculated levels - Entry: 1.33982, SL: 1.33955, TP: 1.34064
2025-04-29 08:11:41,865 - trading_bot - INFO - Active position exists for GBPUSD, skipping
2025-04-29 08:11:41,869 - trading_bot - INFO - Calculated levels - Entry: 142.528, SL: 142.57014, TP: 142.40157
2025-04-29 08:11:41,869 - trading_bot - INFO - Active position exists for USDJPY, skipping
2025-04-29 08:12:41,882 - trading_bot - INFO - Calculated levels - Entry: 1.13764, SL: 1.13732, TP: 1.13861
2025-04-29 08:12:41,882 - trading_bot - INFO - Active position exists for EURUSD, skipping
2025-04-29 08:12:41,887 - trading_bot - INFO - Calculated levels - Entry: 1.33979, SL: 1.33954, TP: 1.34053
2025-04-29 08:12:41,888 - trading_bot - INFO - Active position exists for GBPUSD, skipping
2025-04-29 08:12:41,892 - trading_bot - INFO - Calculated levels - Entry: 142.536, SL: 142.57714, TP: 142.41257
2025-04-29 08:12:41,893 - trading_bot - INFO - Active position exists for USDJPY, skipping
2025-04-29 08:13:41,909 - trading_bot - INFO - Calculated levels - Entry: 1.13764, SL: 1.13731, TP: 1.13864
2025-04-29 08:13:41,909 - trading_bot - INFO - Active position exists for EURUSD, skipping
2025-04-29 08:13:41,913 - trading_bot - INFO - Calculated levels - Entry: 1.33972, SL: 1.33947, TP: 1.34048
2025-04-29 08:13:41,914 - trading_bot - INFO - Active position exists for GBPUSD, skipping
2025-04-29 08:13:41,918 - trading_bot - INFO - Calculated levels - Entry: 142.536, SL: 142.49414, TP: 142.66157
2025-04-29 08:13:41,918 - trading_bot - INFO - Active position exists for USDJPY, skipping
2025-04-29 08:14:41,935 - trading_bot - INFO - Calculated levels - Entry: 1.13762, SL: 1.13729, TP: 1.13862
2025-04-29 08:14:41,935 - trading_bot - INFO - Active position exists for EURUSD, skipping
2025-04-29 08:14:41,939 - trading_bot - INFO - Calculated levels - Entry: 1.33973, SL: 1.33947, TP: 1.34052
2025-04-29 08:14:41,940 - trading_bot - INFO - Active position exists for GBPUSD, skipping
2025-04-29 08:14:41,944 - trading_bot - INFO - Calculated levels - Entry: 142.518, SL: 142.476, TP: 142.644
2025-04-29 08:14:41,944 - trading_bot - INFO - Active position exists for USDJPY, skipping
2025-04-29 08:15:41,960 - trading_bot - INFO - Calculated levels - Entry: 1.1377, SL: 1.13739, TP: 1.13864
2025-04-29 08:15:41,960 - trading_bot - INFO - Active position exists for EURUSD, skipping
2025-04-29 08:15:41,965 - trading_bot - INFO - Calculated levels - Entry: 1.33972, SL: 1.33948, TP: 1.34043
2025-04-29 08:15:41,965 - trading_bot - INFO - Active position exists for GBPUSD, skipping
2025-04-29 08:15:41,968 - trading_bot - INFO - Calculated levels - Entry: 142.506, SL: 142.54586, TP: 142.38643
2025-04-29 08:15:41,969 - trading_bot - INFO - Active position exists for USDJPY, skipping
2025-04-29 08:16:41,975 - trading_bot - INFO - Calculated levels - Entry: 1.13785, SL: 1.13753, TP: 1.13881
2025-04-29 08:16:41,975 - trading_bot - INFO - Active position exists for EURUSD, skipping
2025-04-29 08:16:41,980 - trading_bot - INFO - Calculated levels - Entry: 1.33983, SL: 1.33958, TP: 1.34057
2025-04-29 08:16:41,981 - trading_bot - INFO - Active position exists for GBPUSD, skipping
2025-04-29 08:16:41,984 - trading_bot - INFO - Calculated levels - Entry: 142.487, SL: 142.52729, TP: 142.36614
2025-04-29 08:16:41,985 - trading_bot - INFO - Active position exists for USDJPY, skipping
2025-04-29 08:17:42,005 - trading_bot - INFO - Calculated levels - Entry: 1.1379, SL: 1.1376, TP: 1.13881
2025-04-29 08:17:42,005 - trading_bot - INFO - Active position exists for EURUSD, skipping
2025-04-29 08:17:42,009 - trading_bot - INFO - Calculated levels - Entry: 1.33992, SL: 1.33968, TP: 1.34064
2025-04-29 08:17:42,009 - trading_bot - INFO - Active position exists for GBPUSD, skipping
2025-04-29 08:17:42,013 - trading_bot - INFO - Calculated levels - Entry: 142.477, SL: 142.51571, TP: 142.36086
2025-04-29 08:17:42,014 - trading_bot - INFO - Active position exists for USDJPY, skipping
2025-04-29 08:18:42,028 - trading_bot - INFO - Calculated levels - Entry: 1.13794, SL: 1.13762, TP: 1.1389
2025-04-29 08:18:42,028 - trading_bot - INFO - Active position exists for EURUSD, skipping
2025-04-29 08:18:42,033 - trading_bot - INFO - Calculated levels - Entry: 1.33993, SL: 1.33967, TP: 1.3407
2025-04-29 08:18:42,033 - trading_bot - INFO - Active position exists for GBPUSD, skipping
2025-04-29 08:18:42,036 - trading_bot - INFO - Calculated levels - Entry: 142.454, SL: 142.49471, TP: 142.33186
2025-04-29 08:18:42,036 - trading_bot - INFO - Active position exists for USDJPY, skipping
2025-04-29 08:19:42,056 - trading_bot - INFO - Calculated levels - Entry: 1.13802, SL: 1.1377, TP: 1.13897
2025-04-29 08:19:42,056 - trading_bot - INFO - Active position exists for EURUSD, skipping
2025-04-29 08:19:42,061 - trading_bot - INFO - Calculated levels - Entry: 1.33993, SL: 1.33969, TP: 1.34065
2025-04-29 08:19:42,061 - trading_bot - INFO - Active position exists for GBPUSD, skipping
2025-04-29 08:19:42,067 - trading_bot - INFO - Calculated levels - Entry: 142.435, SL: 142.476, TP: 142.312
2025-04-29 08:19:42,067 - trading_bot - INFO - Active position exists for USDJPY, skipping
2025-04-29 08:20:42,080 - trading_bot - INFO - Calculated levels - Entry: 1.13811, SL: 1.1378, TP: 1.13904
2025-04-29 08:20:42,081 - trading_bot - INFO - Active position exists for EURUSD, skipping
2025-04-29 08:20:42,086 - trading_bot - INFO - Calculated levels - Entry: 1.33993, SL: 1.33971, TP: 1.3406
2025-04-29 08:20:42,087 - trading_bot - INFO - Active position exists for GBPUSD, skipping
2025-04-29 08:20:42,090 - trading_bot - INFO - Calculated levels - Entry: 142.441, SL: 142.47843, TP: 142.32871
2025-04-29 08:20:42,091 - trading_bot - INFO - Active position exists for USDJPY, skipping
2025-04-29 08:21:42,111 - trading_bot - INFO - Calculated levels - Entry: 1.13833, SL: 1.13866, TP: 1.13735
2025-04-29 08:21:42,111 - trading_bot - INFO - Active position exists for EURUSD, skipping
2025-04-29 08:21:42,116 - trading_bot - INFO - Calculated levels - Entry: 1.34011, SL: 1.33986, TP: 1.34085
2025-04-29 08:21:42,116 - trading_bot - INFO - Active position exists for GBPUSD, skipping
2025-04-29 08:21:42,121 - trading_bot - INFO - Calculated levels - Entry: 142.412, SL: 142.37357, TP: 142.52729
2025-04-29 08:21:42,122 - trading_bot - INFO - Active position exists for USDJPY, skipping
2025-04-29 08:22:42,136 - trading_bot - INFO - Calculated levels - Entry: 1.13832, SL: 1.138, TP: 1.13928
2025-04-29 08:22:42,136 - trading_bot - INFO - Active position exists for EURUSD, skipping
2025-04-29 08:22:42,141 - trading_bot - INFO - Calculated levels - Entry: 1.34014, SL: 1.33991, TP: 1.34082
2025-04-29 08:22:42,141 - trading_bot - INFO - Active position exists for GBPUSD, skipping
2025-04-29 08:22:42,147 - trading_bot - INFO - Calculated levels - Entry: 142.407, SL: 142.36786, TP: 142.52443
2025-04-29 08:22:42,147 - trading_bot - INFO - Active position exists for USDJPY, skipping
2025-04-29 08:23:42,156 - trading_bot - INFO - Calculated levels - Entry: 1.1383, SL: 1.13798, TP: 1.13926
2025-04-29 08:23:42,156 - trading_bot - INFO - Active position exists for EURUSD, skipping
2025-04-29 08:23:42,161 - trading_bot - INFO - Calculated levels - Entry: 1.34012, SL: 1.33989, TP: 1.34081
2025-04-29 08:23:42,161 - trading_bot - INFO - Active position exists for GBPUSD, skipping
2025-04-29 08:23:42,165 - trading_bot - INFO - Calculated levels - Entry: 142.424, SL: 142.46471, TP: 142.30186
2025-04-29 08:23:42,165 - trading_bot - INFO - Active position exists for USDJPY, skipping
2025-04-29 08:24:42,172 - trading_bot - INFO - Calculated levels - Entry: 1.13832, SL: 1.13863, TP: 1.1374
2025-04-29 08:24:42,173 - trading_bot - INFO - Active position exists for EURUSD, skipping
2025-04-29 08:24:42,176 - trading_bot - INFO - Calculated levels - Entry: 1.34013, SL: 1.33991, TP: 1.34078
2025-04-29 08:24:42,177 - trading_bot - INFO - Active position exists for GBPUSD, skipping
2025-04-29 08:24:42,180 - trading_bot - INFO - Calculated levels - Entry: 142.412, SL: 142.45271, TP: 142.28986
2025-04-29 08:24:42,180 - trading_bot - INFO - Active position exists for USDJPY, skipping
2025-04-29 08:25:42,195 - trading_bot - INFO - Calculated levels - Entry: 1.13831, SL: 1.1386, TP: 1.13744
2025-04-29 08:25:42,195 - trading_bot - INFO - Active position exists for EURUSD, skipping
2025-04-29 08:25:42,200 - trading_bot - INFO - Calculated levels - Entry: 1.34014, SL: 1.34035, TP: 1.33952
2025-04-29 08:25:42,200 - trading_bot - INFO - Active position exists for GBPUSD, skipping
2025-04-29 08:25:42,205 - trading_bot - INFO - Calculated levels - Entry: 142.424, SL: 142.38714, TP: 142.53457
2025-04-29 08:25:42,205 - trading_bot - INFO - Active position exists for USDJPY, skipping
2025-04-29 08:26:42,214 - trading_bot - INFO - Calculated levels - Entry: 1.13806, SL: 1.13772, TP: 1.13907
2025-04-29 08:26:42,215 - trading_bot - INFO - Active position exists for EURUSD, skipping
2025-04-29 08:26:42,218 - trading_bot - INFO - Calculated levels - Entry: 1.33993, SL: 1.33969, TP: 1.34065
2025-04-29 08:26:42,219 - trading_bot - INFO - Active position exists for GBPUSD, skipping
2025-04-29 08:26:42,222 - trading_bot - INFO - Calculated levels - Entry: 142.452, SL: 142.49329, TP: 142.32814
2025-04-29 08:26:42,223 - trading_bot - INFO - Active position exists for USDJPY, skipping
2025-04-29 08:27:42,238 - trading_bot - INFO - Calculated levels - Entry: 1.13806, SL: 1.13772, TP: 1.13907
2025-04-29 08:27:42,239 - trading_bot - INFO - Active position exists for EURUSD, skipping
2025-04-29 08:27:42,242 - trading_bot - INFO - Calculated levels - Entry: 1.33999, SL: 1.33976, TP: 1.34069
2025-04-29 08:27:42,243 - trading_bot - INFO - Active position exists for GBPUSD, skipping
2025-04-29 08:27:42,246 - trading_bot - INFO - Calculated levels - Entry: 142.466, SL: 142.50814, TP: 142.33957
2025-04-29 08:27:42,247 - trading_bot - INFO - Active position exists for USDJPY, skipping
2025-04-29 08:28:42,260 - trading_bot - INFO - Calculated levels - Entry: 1.13841, SL: 1.13878, TP: 1.1373
2025-04-29 08:28:42,261 - trading_bot - INFO - Active position exists for EURUSD, skipping
2025-04-29 08:28:42,264 - trading_bot - INFO - Calculated levels - Entry: 1.34013, SL: 1.3399, TP: 1.34082
2025-04-29 08:28:42,265 - trading_bot - INFO - Active position exists for GBPUSD, skipping
2025-04-29 08:28:42,268 - trading_bot - INFO - Calculated levels - Entry: 142.438, SL: 142.48157, TP: 142.30729
2025-04-29 08:28:42,269 - trading_bot - INFO - Active position exists for USDJPY, skipping
2025-04-29 08:29:42,291 - trading_bot - INFO - Calculated levels - Entry: 1.13822, SL: 1.13783, TP: 1.13938
2025-04-29 08:29:42,291 - trading_bot - INFO - Active position exists for EURUSD, skipping
2025-04-29 08:29:42,296 - trading_bot - INFO - Calculated levels - Entry: 1.33995, SL: 1.3397, TP: 1.34071
2025-04-29 08:29:42,296 - trading_bot - INFO - Active position exists for GBPUSD, skipping
2025-04-29 08:29:42,300 - trading_bot - INFO - Calculated levels - Entry: 142.451, SL: 142.40714, TP: 142.58257
2025-04-29 08:29:42,300 - trading_bot - INFO - Active position exists for USDJPY, skipping
2025-04-29 08:30:42,313 - trading_bot - INFO - Calculated levels - Entry: 1.13818, SL: 1.13781, TP: 1.13929
2025-04-29 08:30:42,313 - trading_bot - INFO - Active position exists for EURUSD, skipping
2025-04-29 08:30:42,318 - trading_bot - INFO - Calculated levels - Entry: 1.33995, SL: 1.33972, TP: 1.34065
2025-04-29 08:30:42,319 - trading_bot - INFO - Active position exists for GBPUSD, skipping
2025-04-29 08:30:42,322 - trading_bot - INFO - Calculated levels - Entry: 142.44, SL: 142.396, TP: 142.572
2025-04-29 08:30:42,323 - trading_bot - INFO - Active position exists for USDJPY, skipping
2025-04-29 08:31:42,345 - trading_bot - INFO - Calculated levels - Entry: 1.13827, SL: 1.13789, TP: 1.1394
2025-04-29 08:31:42,345 - trading_bot - INFO - Active position exists for EURUSD, skipping
2025-04-29 08:31:42,351 - trading_bot - INFO - Calculated levels - Entry: 1.33993, SL: 1.34015, TP: 1.33926
2025-04-29 08:31:42,351 - trading_bot - INFO - Active position exists for GBPUSD, skipping
2025-04-29 08:31:42,358 - trading_bot - INFO - Calculated levels - Entry: 142.441, SL: 142.39743, TP: 142.57171
2025-04-29 08:31:42,358 - trading_bot - INFO - Active position exists for USDJPY, skipping
2025-04-29 08:32:42,371 - trading_bot - INFO - Calculated levels - Entry: 1.13835, SL: 1.13797, TP: 1.13948
2025-04-29 08:32:42,372 - trading_bot - INFO - Active position exists for EURUSD, skipping
2025-04-29 08:32:42,377 - trading_bot - INFO - Calculated levels - Entry: 1.33991, SL: 1.34013, TP: 1.33924
2025-04-29 08:32:42,377 - trading_bot - INFO - Active position exists for GBPUSD, skipping
2025-04-29 08:32:42,381 - trading_bot - INFO - Calculated levels - Entry: 142.419, SL: 142.375, TP: 142.551
2025-04-29 08:32:42,381 - trading_bot - INFO - Active position exists for USDJPY, skipping
2025-04-29 08:33:42,397 - trading_bot - INFO - Calculated levels - Entry: 1.1385, SL: 1.13813, TP: 1.13962
2025-04-29 08:33:42,397 - trading_bot - INFO - Active position exists for EURUSD, skipping
2025-04-29 08:33:42,402 - trading_bot - INFO - Calculated levels - Entry: 1.33993, SL: 1.34015, TP: 1.33926
2025-04-29 08:33:42,402 - trading_bot - INFO - Active position exists for GBPUSD, skipping
2025-04-29 08:33:42,406 - trading_bot - INFO - Calculated levels - Entry: 142.404, SL: 142.44714, TP: 142.27457
2025-04-29 08:33:42,406 - trading_bot - INFO - Active position exists for USDJPY, skipping
2025-04-29 08:34:42,416 - trading_bot - INFO - Calculated levels - Entry: 1.13844, SL: 1.13808, TP: 1.13952
2025-04-29 08:34:42,416 - trading_bot - INFO - Active position exists for EURUSD, skipping
2025-04-29 08:34:42,420 - trading_bot - INFO - Calculated levels - Entry: 1.33999, SL: 1.34023, TP: 1.33928
2025-04-29 08:34:42,421 - trading_bot - INFO - Active position exists for GBPUSD, skipping
2025-04-29 08:34:42,425 - trading_bot - INFO - Calculated levels - Entry: 142.421, SL: 142.46929, TP: 142.27614
2025-04-29 08:34:42,425 - trading_bot - INFO - Active position exists for USDJPY, skipping
2025-04-29 08:35:42,432 - trading_bot - INFO - Calculated levels - Entry: 1.13854, SL: 1.13818, TP: 1.13963
2025-04-29 08:35:42,432 - trading_bot - INFO - Active position exists for EURUSD, skipping
2025-04-29 08:35:42,437 - trading_bot - INFO - Calculated levels - Entry: 1.34021, SL: 1.33996, TP: 1.34096
2025-04-29 08:35:42,437 - trading_bot - INFO - Active position exists for GBPUSD, skipping
2025-04-29 08:35:42,441 - trading_bot - INFO - Calculated levels - Entry: 142.408, SL: 142.45586, TP: 142.26443
2025-04-29 08:35:42,441 - trading_bot - INFO - Active position exists for USDJPY, skipping
2025-04-29 08:36:42,450 - trading_bot - INFO - Calculated levels - Entry: 1.13845, SL: 1.13808, TP: 1.13955
2025-04-29 08:36:42,450 - trading_bot - INFO - Active position exists for EURUSD, skipping
2025-04-29 08:36:42,454 - trading_bot - INFO - Calculated levels - Entry: 1.34011, SL: 1.33985, TP: 1.34089
2025-04-29 08:36:42,456 - trading_bot - INFO - Active position exists for GBPUSD, skipping
2025-04-29 08:36:42,460 - trading_bot - INFO - Calculated levels - Entry: 142.444, SL: 142.39343, TP: 142.59571
2025-04-29 08:36:42,460 - trading_bot - INFO - Active position exists for USDJPY, skipping
2025-04-29 08:37:42,470 - trading_bot - INFO - Calculated levels - Entry: 1.13851, SL: 1.13813, TP: 1.13965
2025-04-29 08:37:42,471 - trading_bot - INFO - Active position exists for EURUSD, skipping
2025-04-29 08:37:42,475 - trading_bot - INFO - Calculated levels - Entry: 1.34032, SL: 1.34003, TP: 1.3412
2025-04-29 08:37:42,475 - trading_bot - INFO - Active position exists for GBPUSD, skipping
2025-04-29 08:37:42,479 - trading_bot - INFO - Calculated levels - Entry: 142.416, SL: 142.36257, TP: 142.57629
2025-04-29 08:37:42,479 - trading_bot - INFO - Active position exists for USDJPY, skipping
2025-04-29 08:38:42,486 - trading_bot - INFO - Calculated levels - Entry: 1.13855, SL: 1.13816, TP: 1.13972
2025-04-29 08:38:42,487 - trading_bot - INFO - Active position exists for EURUSD, skipping
2025-04-29 08:38:42,492 - trading_bot - INFO - Calculated levels - Entry: 1.34052, SL: 1.3402, TP: 1.34148
2025-04-29 08:38:42,492 - trading_bot - INFO - Active position exists for GBPUSD, skipping
2025-04-29 08:38:42,499 - trading_bot - INFO - Calculated levels - Entry: 142.422, SL: 142.36871, TP: 142.58186
2025-04-29 08:38:42,499 - trading_bot - INFO - Active position exists for USDJPY, skipping
2025-04-29 08:39:42,512 - trading_bot - INFO - Calculated levels - Entry: 1.13855, SL: 1.13816, TP: 1.13971
2025-04-29 08:39:42,513 - trading_bot - INFO - Active position exists for EURUSD, skipping
2025-04-29 08:39:42,517 - trading_bot - INFO - Calculated levels - Entry: 1.34044, SL: 1.34012, TP: 1.3414
2025-04-29 08:39:42,518 - trading_bot - INFO - Active position exists for GBPUSD, skipping
2025-04-29 08:39:42,522 - trading_bot - INFO - Calculated levels - Entry: 142.441, SL: 142.38657, TP: 142.60429
2025-04-29 08:39:42,523 - trading_bot - INFO - Active position exists for USDJPY, skipping
2025-04-29 08:40:42,539 - trading_bot - INFO - Calculated levels - Entry: 1.13865, SL: 1.139, TP: 1.13761
2025-04-29 08:40:42,539 - trading_bot - INFO - Active position exists for EURUSD, skipping
2025-04-29 08:40:42,544 - trading_bot - INFO - Calculated levels - Entry: 1.34052, SL: 1.34082, TP: 1.33963
2025-04-29 08:40:42,544 - trading_bot - INFO - Active position exists for GBPUSD, skipping
2025-04-29 08:40:42,549 - trading_bot - INFO - Calculated levels - Entry: 142.428, SL: 142.37657, TP: 142.58229
2025-04-29 08:40:42,549 - trading_bot - INFO - Active position exists for USDJPY, skipping
2025-04-29 08:41:42,559 - trading_bot - INFO - Calculated levels - Entry: 1.13872, SL: 1.13907, TP: 1.13768
2025-04-29 08:41:42,559 - trading_bot - INFO - Active position exists for EURUSD, skipping
2025-04-29 08:41:42,565 - trading_bot - INFO - Calculated levels - Entry: 1.34053, SL: 1.34083, TP: 1.33964
2025-04-29 08:41:42,565 - trading_bot - INFO - Active position exists for GBPUSD, skipping
2025-04-29 08:41:42,569 - trading_bot - INFO - Calculated levels - Entry: 142.408, SL: 142.35529, TP: 142.56614
2025-04-29 08:41:42,570 - trading_bot - INFO - Active position exists for USDJPY, skipping
2025-04-29 08:42:42,587 - trading_bot - INFO - Calculated levels - Entry: 1.13869, SL: 1.13838, TP: 1.13961
2025-04-29 08:42:42,587 - trading_bot - INFO - Active position exists for EURUSD, skipping
2025-04-29 08:42:42,591 - trading_bot - INFO - Calculated levels - Entry: 1.34051, SL: 1.34023, TP: 1.34135
2025-04-29 08:42:42,592 - trading_bot - INFO - Active position exists for GBPUSD, skipping
2025-04-29 08:42:42,595 - trading_bot - INFO - Calculated levels - Entry: 142.415, SL: 142.36343, TP: 142.56971
2025-04-29 08:42:42,595 - trading_bot - INFO - Active position exists for USDJPY, skipping
2025-04-29 08:43:42,606 - trading_bot - INFO - Calculated levels - Entry: 1.13868, SL: 1.13896, TP: 1.13783
2025-04-29 08:43:42,606 - trading_bot - INFO - Active position exists for EURUSD, skipping
2025-04-29 08:43:42,610 - trading_bot - INFO - Calculated levels - Entry: 1.34072, SL: 1.34101, TP: 1.33984
2025-04-29 08:43:42,611 - trading_bot - INFO - Active position exists for GBPUSD, skipping
2025-04-29 08:43:42,614 - trading_bot - INFO - Calculated levels - Entry: 142.414, SL: 142.36243, TP: 142.56871
2025-04-29 08:43:42,615 - trading_bot - INFO - Active position exists for USDJPY, skipping
2025-04-29 08:44:42,620 - trading_bot - INFO - Calculated levels - Entry: 1.13874, SL: 1.13901, TP: 1.13792
2025-04-29 08:44:42,620 - trading_bot - INFO - Active position exists for EURUSD, skipping
2025-04-29 08:44:42,624 - trading_bot - INFO - Calculated levels - Entry: 1.34073, SL: 1.34104, TP: 1.3398
2025-04-29 08:44:42,625 - trading_bot - INFO - Active position exists for GBPUSD, skipping
2025-04-29 08:44:42,628 - trading_bot - INFO - Calculated levels - Entry: 142.411, SL: 142.36214, TP: 142.55757
2025-04-29 08:44:42,628 - trading_bot - INFO - Active position exists for USDJPY, skipping
2025-04-29 08:45:42,643 - trading_bot - INFO - Calculated levels - Entry: 1.13868, SL: 1.13894, TP: 1.13789
2025-04-29 08:45:42,643 - trading_bot - INFO - Active position exists for EURUSD, skipping
2025-04-29 08:45:42,646 - trading_bot - INFO - Calculated levels - Entry: 1.34066, SL: 1.34098, TP: 1.3397
2025-04-29 08:45:42,647 - trading_bot - INFO - Active position exists for GBPUSD, skipping
2025-04-29 08:45:42,650 - trading_bot - INFO - Calculated levels - Entry: 142.41, SL: 142.36186, TP: 142.55443
2025-04-29 08:45:42,650 - trading_bot - INFO - Active position exists for USDJPY, skipping
2025-04-29 08:46:42,666 - trading_bot - INFO - Calculated levels - Entry: 1.13861, SL: 1.13886, TP: 1.13786
2025-04-29 08:46:42,666 - trading_bot - INFO - Active position exists for EURUSD, skipping
2025-04-29 08:46:42,671 - trading_bot - INFO - Calculated levels - Entry: 1.34025, SL: 1.33989, TP: 1.34133
2025-04-29 08:46:42,671 - trading_bot - INFO - Active position exists for GBPUSD, skipping
2025-04-29 08:46:42,675 - trading_bot - INFO - Calculated levels - Entry: 142.422, SL: 142.37514, TP: 142.56257
2025-04-29 08:46:42,675 - trading_bot - INFO - Active position exists for USDJPY, skipping
2025-04-29 08:47:42,686 - trading_bot - INFO - Calculated levels - Entry: 1.13869, SL: 1.13894, TP: 1.13795
2025-04-29 08:47:42,686 - trading_bot - INFO - Active position exists for EURUSD, skipping
2025-04-29 08:47:42,690 - trading_bot - INFO - Calculated levels - Entry: 1.34043, SL: 1.34005, TP: 1.34157
2025-04-29 08:47:42,690 - trading_bot - INFO - Active position exists for GBPUSD, skipping
2025-04-29 08:47:42,694 - trading_bot - INFO - Calculated levels - Entry: 142.414, SL: 142.36729, TP: 142.55414
2025-04-29 08:47:42,694 - trading_bot - INFO - Active position exists for USDJPY, skipping
2025-04-29 08:48:42,706 - trading_bot - INFO - Calculated levels - Entry: 1.13869, SL: 1.13894, TP: 1.13795
2025-04-29 08:48:42,707 - trading_bot - INFO - Active position exists for EURUSD, skipping
2025-04-29 08:48:42,711 - trading_bot - INFO - Calculated levels - Entry: 1.34064, SL: 1.34023, TP: 1.34187
2025-04-29 08:48:42,711 - trading_bot - INFO - Active position exists for GBPUSD, skipping
2025-04-29 08:48:42,714 - trading_bot - INFO - Calculated levels - Entry: 142.422, SL: 142.38029, TP: 142.54714
2025-04-29 08:48:42,714 - trading_bot - INFO - Active position exists for USDJPY, skipping
2025-04-29 08:49:42,727 - trading_bot - INFO - Calculated levels - Entry: 1.13847, SL: 1.13872, TP: 1.13772
2025-04-29 08:49:42,728 - trading_bot - INFO - Active position exists for EURUSD, skipping
2025-04-29 08:49:42,731 - trading_bot - INFO - Calculated levels - Entry: 1.34062, SL: 1.34022, TP: 1.34181
2025-04-29 08:49:42,732 - trading_bot - INFO - Active position exists for GBPUSD, skipping
2025-04-29 08:49:42,735 - trading_bot - INFO - Calculated levels - Entry: 142.454, SL: 142.41129, TP: 142.58214
2025-04-29 08:49:42,735 - trading_bot - INFO - Active position exists for USDJPY, skipping
2025-04-29 08:50:42,729 - trading_bot - INFO - Calculated levels - Entry: 1.13863, SL: 1.13889, TP: 1.13784
2025-04-29 08:50:42,730 - trading_bot - INFO - Active position exists for EURUSD, skipping
2025-04-29 08:50:42,732 - trading_bot - INFO - Calculated levels - Entry: 1.34072, SL: 1.34031, TP: 1.34195
2025-04-29 08:50:42,732 - trading_bot - INFO - Active position exists for GBPUSD, skipping
2025-04-29 08:50:42,737 - trading_bot - INFO - Calculated levels - Entry: 142.445, SL: 142.40429, TP: 142.56714
2025-04-29 08:50:42,737 - trading_bot - INFO - Active position exists for USDJPY, skipping
2025-04-29 08:51:42,755 - trading_bot - INFO - Calculated levels - Entry: 1.13864, SL: 1.13888, TP: 1.13792
2025-04-29 08:51:42,755 - trading_bot - INFO - Active position exists for EURUSD, skipping
2025-04-29 08:51:42,758 - trading_bot - INFO - Calculated levels - Entry: 1.34075, SL: 1.34037, TP: 1.34189
2025-04-29 08:51:42,758 - trading_bot - INFO - Active position exists for GBPUSD, skipping
2025-04-29 08:51:42,763 - trading_bot - INFO - Calculated levels - Entry: 142.456, SL: 142.41943, TP: 142.56571
2025-04-29 08:51:42,763 - trading_bot - INFO - Active position exists for USDJPY, skipping
2025-04-29 08:52:42,780 - trading_bot - INFO - Calculated levels - Entry: 1.13865, SL: 1.13889, TP: 1.13794
2025-04-29 08:52:42,780 - trading_bot - INFO - Active position exists for EURUSD, skipping
2025-04-29 08:52:42,784 - trading_bot - INFO - Calculated levels - Entry: 1.34074, SL: 1.34037, TP: 1.34184
2025-04-29 08:52:42,784 - trading_bot - INFO - Active position exists for GBPUSD, skipping
2025-04-29 08:52:42,787 - trading_bot - INFO - Calculated levels - Entry: 142.453, SL: 142.41614, TP: 142.56357
2025-04-29 08:52:42,788 - trading_bot - INFO - Active position exists for USDJPY, skipping
2025-04-29 08:53:42,795 - trading_bot - INFO - Calculated levels - Entry: 1.13871, SL: 1.13894, TP: 1.13802
2025-04-29 08:53:42,795 - trading_bot - INFO - Active position exists for EURUSD, skipping
2025-04-29 08:53:42,799 - trading_bot - INFO - Calculated levels - Entry: 1.34082, SL: 1.34046, TP: 1.3419
2025-04-29 08:53:42,800 - trading_bot - INFO - Active position exists for GBPUSD, skipping
2025-04-29 08:53:42,803 - trading_bot - INFO - Calculated levels - Entry: 142.452, SL: 142.41714, TP: 142.55657
2025-04-29 08:53:42,803 - trading_bot - INFO - Active position exists for USDJPY, skipping
2025-04-29 08:54:42,816 - trading_bot - INFO - Calculated levels - Entry: 1.1386, SL: 1.13884, TP: 1.13789
2025-04-29 08:54:42,816 - trading_bot - INFO - Active position exists for EURUSD, skipping
2025-04-29 08:54:42,821 - trading_bot - INFO - Calculated levels - Entry: 1.34075, SL: 1.34039, TP: 1.34182
2025-04-29 08:54:42,821 - trading_bot - INFO - Active position exists for GBPUSD, skipping
2025-04-29 08:54:42,826 - trading_bot - INFO - Calculated levels - Entry: 142.436, SL: 142.40143, TP: 142.53971
2025-04-29 08:54:42,826 - trading_bot - INFO - Active position exists for USDJPY, skipping
2025-04-29 08:55:42,843 - trading_bot - INFO - Calculated levels - Entry: 1.1384, SL: 1.13865, TP: 1.13766
2025-04-29 08:55:42,843 - trading_bot - INFO - Active position exists for EURUSD, skipping
2025-04-29 08:55:42,847 - trading_bot - INFO - Calculated levels - Entry: 1.34064, SL: 1.341, TP: 1.33956
2025-04-29 08:55:42,847 - trading_bot - INFO - Active position exists for GBPUSD, skipping
2025-04-29 08:55:42,852 - trading_bot - INFO - Calculated levels - Entry: 142.465, SL: 142.499, TP: 142.363
2025-04-29 08:55:42,852 - trading_bot - INFO - Active position exists for USDJPY, skipping
2025-04-29 08:56:42,865 - trading_bot - INFO - Calculated levels - Entry: 1.13841, SL: 1.13867, TP: 1.13764
2025-04-29 08:56:42,866 - trading_bot - INFO - Active position exists for EURUSD, skipping
2025-04-29 08:56:42,870 - trading_bot - INFO - Calculated levels - Entry: 1.34061, SL: 1.34097, TP: 1.33952
2025-04-29 08:56:42,871 - trading_bot - INFO - Active position exists for GBPUSD, skipping
2025-04-29 08:56:42,875 - trading_bot - INFO - Calculated levels - Entry: 142.465, SL: 142.43071, TP: 142.56786
2025-04-29 08:56:42,875 - trading_bot - INFO - Active position exists for USDJPY, skipping
2025-04-29 08:57:42,882 - trading_bot - INFO - Calculated levels - Entry: 1.13851, SL: 1.13879, TP: 1.13768
2025-04-29 08:57:42,883 - trading_bot - INFO - Active position exists for EURUSD, skipping
2025-04-29 08:57:42,886 - trading_bot - INFO - Calculated levels - Entry: 1.34065, SL: 1.34099, TP: 1.33964
2025-04-29 08:57:42,887 - trading_bot - INFO - Active position exists for GBPUSD, skipping
2025-04-29 08:57:42,891 - trading_bot - INFO - Calculated levels - Entry: 142.446, SL: 142.41014, TP: 142.55357
2025-04-29 08:57:42,891 - trading_bot - INFO - Active position exists for USDJPY, skipping
2025-04-29 08:58:42,901 - trading_bot - INFO - Calculated levels - Entry: 1.13845, SL: 1.13873, TP: 1.1376
2025-04-29 08:58:42,901 - trading_bot - INFO - Active position exists for EURUSD, skipping
2025-04-29 08:58:42,905 - trading_bot - INFO - Calculated levels - Entry: 1.34054, SL: 1.34087, TP: 1.33955
2025-04-29 08:58:42,905 - trading_bot - INFO - Active position exists for GBPUSD, skipping
2025-04-29 08:58:42,909 - trading_bot - INFO - Calculated levels - Entry: 142.441, SL: 142.40314, TP: 142.55457
2025-04-29 08:58:42,909 - trading_bot - INFO - Active position exists for USDJPY, skipping
2025-04-29 08:59:42,927 - trading_bot - INFO - Calculated levels - Entry: 1.1386, SL: 1.1389, TP: 1.13771
2025-04-29 08:59:42,928 - trading_bot - INFO - Active position exists for EURUSD, skipping
2025-04-29 08:59:42,932 - trading_bot - INFO - Calculated levels - Entry: 1.34064, SL: 1.34098, TP: 1.33963
2025-04-29 08:59:42,932 - trading_bot - INFO - Active position exists for GBPUSD, skipping
2025-04-29 08:59:42,935 - trading_bot - INFO - Calculated levels - Entry: 142.438, SL: 142.40014, TP: 142.55157
2025-04-29 08:59:42,935 - trading_bot - INFO - Active position exists for USDJPY, skipping
2025-04-29 09:00:42,947 - trading_bot - INFO - Calculated levels - Entry: 1.13863, SL: 1.13891, TP: 1.13779
2025-04-29 09:00:42,947 - trading_bot - INFO - Active position exists for EURUSD, skipping
2025-04-29 09:00:42,951 - trading_bot - INFO - Calculated levels - Entry: 1.34072, SL: 1.34101, TP: 1.33984
2025-04-29 09:00:42,952 - trading_bot - INFO - Active position exists for GBPUSD, skipping
2025-04-29 09:00:42,955 - trading_bot - INFO - Calculated levels - Entry: 142.441, SL: 142.40714, TP: 142.54257
2025-04-29 09:00:42,955 - trading_bot - INFO - Active position exists for USDJPY, skipping
2025-04-29 09:01:42,965 - trading_bot - INFO - Calculated levels - Entry: 1.13859, SL: 1.13891, TP: 1.13764
2025-04-29 09:01:42,965 - trading_bot - INFO - Active position exists for EURUSD, skipping
2025-04-29 09:01:42,968 - trading_bot - INFO - Calculated levels - Entry: 1.34093, SL: 1.34125, TP: 1.33996
2025-04-29 09:01:42,969 - trading_bot - INFO - Active position exists for GBPUSD, skipping
2025-04-29 09:01:42,972 - trading_bot - INFO - Calculated levels - Entry: 142.454, SL: 142.41857, TP: 142.56029
2025-04-29 09:01:42,972 - trading_bot - INFO - Active position exists for USDJPY, skipping
2025-04-29 09:02:42,985 - trading_bot - INFO - Calculated levels - Entry: 1.13866, SL: 1.13896, TP: 1.13776
2025-04-29 09:02:42,985 - trading_bot - INFO - Active position exists for EURUSD, skipping
2025-04-29 09:02:42,990 - trading_bot - INFO - Calculated levels - Entry: 1.34092, SL: 1.34063, TP: 1.34179
2025-04-29 09:02:42,990 - trading_bot - INFO - Active position exists for GBPUSD, skipping
2025-04-29 09:02:42,993 - trading_bot - INFO - Calculated levels - Entry: 142.426, SL: 142.46614, TP: 142.30557
2025-04-29 09:02:42,993 - trading_bot - INFO - Active position exists for USDJPY, skipping
2025-04-29 09:03:43,009 - trading_bot - INFO - Calculated levels - Entry: 1.13856, SL: 1.13886, TP: 1.13766
2025-04-29 09:03:43,009 - trading_bot - INFO - Active position exists for EURUSD, skipping
2025-04-29 09:03:43,013 - trading_bot - INFO - Calculated levels - Entry: 1.34074, SL: 1.34101, TP: 1.33992
2025-04-29 09:03:43,013 - trading_bot - INFO - Active position exists for GBPUSD, skipping
2025-04-29 09:03:43,017 - trading_bot - INFO - Calculated levels - Entry: 142.439, SL: 142.47686, TP: 142.32543
2025-04-29 09:03:43,017 - trading_bot - INFO - Active position exists for USDJPY, skipping
2025-04-29 09:04:43,026 - trading_bot - INFO - Calculated levels - Entry: 1.13851, SL: 1.13886, TP: 1.13747
2025-04-29 09:04:43,026 - trading_bot - INFO - Active position exists for EURUSD, skipping
2025-04-29 09:04:43,031 - trading_bot - INFO - Calculated levels - Entry: 1.34074, SL: 1.34105, TP: 1.3398
2025-04-29 09:04:43,031 - trading_bot - INFO - Active position exists for GBPUSD, skipping
2025-04-29 09:04:43,035 - trading_bot - INFO - Calculated levels - Entry: 142.466, SL: 142.42071, TP: 142.60186
2025-04-29 09:04:43,035 - trading_bot - INFO - Active position exists for USDJPY, skipping
2025-04-29 09:05:43,042 - trading_bot - INFO - Calculated levels - Entry: 1.13858, SL: 1.13895, TP: 1.13747
2025-04-29 09:05:43,042 - trading_bot - INFO - Active position exists for EURUSD, skipping
2025-04-29 09:05:43,046 - trading_bot - INFO - Calculated levels - Entry: 1.34085, SL: 1.34117, TP: 1.33989
2025-04-29 09:05:43,047 - trading_bot - INFO - Active position exists for GBPUSD, skipping
2025-04-29 09:05:43,050 - trading_bot - INFO - Calculated levels - Entry: 142.457, SL: 142.41229, TP: 142.59114
2025-04-29 09:05:43,051 - trading_bot - INFO - Active position exists for USDJPY, skipping
2025-04-29 09:06:43,059 - trading_bot - INFO - Calculated levels - Entry: 1.13843, SL: 1.13881, TP: 1.13728
2025-04-29 09:06:43,059 - trading_bot - INFO - Active position exists for EURUSD, skipping
2025-04-29 09:06:43,063 - trading_bot - INFO - Calculated levels - Entry: 1.34064, SL: 1.34099, TP: 1.33959
2025-04-29 09:06:43,063 - trading_bot - INFO - Active position exists for GBPUSD, skipping
2025-04-29 09:06:43,066 - trading_bot - INFO - Calculated levels - Entry: 142.517, SL: 142.464, TP: 142.676
2025-04-29 09:06:43,068 - trading_bot - INFO - Active position exists for USDJPY, skipping
2025-04-29 09:07:43,083 - trading_bot - INFO - Calculated levels - Entry: 1.13871, SL: 1.13916, TP: 1.13737
2025-04-29 09:07:43,084 - trading_bot - INFO - Active position exists for EURUSD, skipping
2025-04-29 09:07:43,089 - trading_bot - INFO - Calculated levels - Entry: 1.34069, SL: 1.34108, TP: 1.33951
2025-04-29 09:07:43,089 - trading_bot - INFO - Active position exists for GBPUSD, skipping
2025-04-29 09:07:43,093 - trading_bot - INFO - Calculated levels - Entry: 142.466, SL: 142.40729, TP: 142.64214
2025-04-29 09:07:43,093 - trading_bot - INFO - Active position exists for USDJPY, skipping
2025-04-29 09:08:43,100 - trading_bot - INFO - Calculated levels - Entry: 1.13871, SL: 1.13826, TP: 1.14006
2025-04-29 09:08:43,101 - trading_bot - INFO - Active position exists for EURUSD, skipping
2025-04-29 09:08:43,105 - trading_bot - INFO - Calculated levels - Entry: 1.34062, SL: 1.34102, TP: 1.33943
2025-04-29 09:08:43,105 - trading_bot - INFO - Active position exists for GBPUSD, skipping
2025-04-29 09:08:43,108 - trading_bot - INFO - Calculated levels - Entry: 142.433, SL: 142.49214, TP: 142.25557
2025-04-29 09:08:43,108 - trading_bot - INFO - Active position exists for USDJPY, skipping
2025-04-29 09:09:43,118 - trading_bot - INFO - Calculated levels - Entry: 1.1388, SL: 1.13837, TP: 1.1401
2025-04-29 09:09:43,118 - trading_bot - INFO - Active position exists for EURUSD, skipping
2025-04-29 09:09:43,122 - trading_bot - INFO - Calculated levels - Entry: 1.34092, SL: 1.34138, TP: 1.33954
2025-04-29 09:09:43,122 - trading_bot - INFO - Active position exists for GBPUSD, skipping
2025-04-29 09:09:43,126 - trading_bot - INFO - Calculated levels - Entry: 142.42, SL: 142.48186, TP: 142.23443
2025-04-29 09:09:43,126 - trading_bot - INFO - Active position exists for USDJPY, skipping
2025-04-29 09:10:43,141 - trading_bot - INFO - Calculated levels - Entry: 1.13892, SL: 1.13851, TP: 1.14014
2025-04-29 09:10:43,142 - trading_bot - INFO - Active position exists for EURUSD, skipping
2025-04-29 09:10:43,146 - trading_bot - INFO - Calculated levels - Entry: 1.34105, SL: 1.34058, TP: 1.34245
2025-04-29 09:10:43,146 - trading_bot - INFO - Active position exists for GBPUSD, skipping
2025-04-29 09:10:43,150 - trading_bot - INFO - Calculated levels - Entry: 142.409, SL: 142.47143, TP: 142.22171
2025-04-29 09:10:43,150 - trading_bot - INFO - Active position exists for USDJPY, skipping
2025-04-29 09:11:43,157 - trading_bot - INFO - Calculated levels - Entry: 1.1394, SL: 1.13987, TP: 1.138
2025-04-29 09:11:43,157 - trading_bot - INFO - Active position exists for EURUSD, skipping
2025-04-29 09:11:43,160 - trading_bot - INFO - Calculated levels - Entry: 1.34143, SL: 1.34194, TP: 1.3399
2025-04-29 09:11:43,161 - trading_bot - INFO - Active position exists for GBPUSD, skipping
2025-04-29 09:11:43,165 - trading_bot - INFO - Calculated levels - Entry: 142.34, SL: 142.40671, TP: 142.13986
2025-04-29 09:11:43,165 - trading_bot - INFO - Active position exists for USDJPY, skipping
2025-04-29 09:12:43,179 - trading_bot - INFO - Calculated levels - Entry: 1.13921, SL: 1.13872, TP: 1.14069
2025-04-29 09:12:43,179 - trading_bot - INFO - Active position exists for EURUSD, skipping
2025-04-29 09:12:43,184 - trading_bot - INFO - Calculated levels - Entry: 1.34122, SL: 1.34069, TP: 1.34281
2025-04-29 09:12:43,184 - trading_bot - INFO - Active position exists for GBPUSD, skipping
2025-04-29 09:12:43,188 - trading_bot - INFO - Calculated levels - Entry: 142.369, SL: 142.43971, TP: 142.15686
2025-04-29 09:12:43,188 - trading_bot - INFO - Active position exists for USDJPY, skipping
2025-04-29 09:13:43,193 - trading_bot - INFO - Calculated levels - Entry: 1.13912, SL: 1.13861, TP: 1.14065
2025-04-29 09:13:43,194 - trading_bot - INFO - Active position exists for EURUSD, skipping
2025-04-29 09:13:43,197 - trading_bot - INFO - Calculated levels - Entry: 1.34118, SL: 1.34062, TP: 1.34285
2025-04-29 09:13:43,197 - trading_bot - INFO - Active position exists for GBPUSD, skipping
2025-04-29 09:13:43,201 - trading_bot - INFO - Calculated levels - Entry: 142.392, SL: 142.46686, TP: 142.16743
2025-04-29 09:13:43,201 - trading_bot - INFO - Active position exists for USDJPY, skipping
2025-04-29 09:14:43,219 - trading_bot - INFO - Calculated levels - Entry: 1.13911, SL: 1.13862, TP: 1.14058
2025-04-29 09:14:43,220 - trading_bot - INFO - Active position exists for EURUSD, skipping
2025-04-29 09:14:43,224 - trading_bot - INFO - Calculated levels - Entry: 1.34114, SL: 1.34064, TP: 1.34265
2025-04-29 09:14:43,224 - trading_bot - INFO - Active position exists for GBPUSD, skipping
2025-04-29 09:14:43,227 - trading_bot - INFO - Calculated levels - Entry: 142.415, SL: 142.49414, TP: 142.17757
2025-04-29 09:14:43,227 - trading_bot - INFO - Active position exists for USDJPY, skipping
2025-04-29 09:15:43,246 - trading_bot - INFO - Calculated levels - Entry: 1.13933, SL: 1.13884, TP: 1.1408
2025-04-29 09:15:43,247 - trading_bot - INFO - Active position exists for EURUSD, skipping
2025-04-29 09:15:43,250 - trading_bot - INFO - Calculated levels - Entry: 1.34144, SL: 1.34091, TP: 1.34302
2025-04-29 09:15:43,250 - trading_bot - INFO - Active position exists for GBPUSD, skipping
2025-04-29 09:15:43,253 - trading_bot - INFO - Calculated levels - Entry: 142.418, SL: 142.49329, TP: 142.19214
2025-04-29 09:15:43,253 - trading_bot - INFO - Active position exists for USDJPY, skipping
2025-04-29 09:16:43,267 - trading_bot - INFO - Calculated levels - Entry: 1.13937, SL: 1.13987, TP: 1.13788
2025-04-29 09:16:43,267 - trading_bot - INFO - Active position exists for EURUSD, skipping
2025-04-29 09:16:43,271 - trading_bot - INFO - Calculated levels - Entry: 1.34142, SL: 1.34091, TP: 1.34294
2025-04-29 09:16:43,272 - trading_bot - INFO - Active position exists for GBPUSD, skipping
2025-04-29 09:16:43,276 - trading_bot - INFO - Calculated levels - Entry: 142.424, SL: 142.49629, TP: 142.20714
2025-04-29 09:16:43,276 - trading_bot - INFO - Active position exists for USDJPY, skipping
2025-04-29 09:17:43,286 - trading_bot - INFO - Calculated levels - Entry: 1.13952, SL: 1.13999, TP: 1.1381
2025-04-29 09:17:43,287 - trading_bot - INFO - Active position exists for EURUSD, skipping
2025-04-29 09:17:43,290 - trading_bot - INFO - Calculated levels - Entry: 1.34152, SL: 1.34199, TP: 1.34012
2025-04-29 09:17:43,291 - trading_bot - INFO - Active position exists for GBPUSD, skipping
2025-04-29 09:17:43,294 - trading_bot - INFO - Calculated levels - Entry: 142.398, SL: 142.46543, TP: 142.19571
2025-04-29 09:17:43,294 - trading_bot - INFO - Active position exists for USDJPY, skipping
2025-04-29 09:18:43,311 - trading_bot - INFO - Calculated levels - Entry: 1.1396, SL: 1.14007, TP: 1.13819
2025-04-29 09:18:43,312 - trading_bot - INFO - Active position exists for EURUSD, skipping
2025-04-29 09:18:43,315 - trading_bot - INFO - Calculated levels - Entry: 1.34152, SL: 1.34106, TP: 1.34291
2025-04-29 09:18:43,317 - trading_bot - INFO - Active position exists for GBPUSD, skipping
2025-04-29 09:18:43,320 - trading_bot - INFO - Calculated levels - Entry: 142.368, SL: 142.439, TP: 142.155
2025-04-29 09:18:43,321 - trading_bot - INFO - Active position exists for USDJPY, skipping
2025-04-29 09:19:43,327 - trading_bot - INFO - Calculated levels - Entry: 1.1397, SL: 1.14015, TP: 1.13836
2025-04-29 09:19:43,328 - trading_bot - INFO - Active position exists for EURUSD, skipping
2025-04-29 09:19:43,331 - trading_bot - INFO - Calculated levels - Entry: 1.34175, SL: 1.3422, TP: 1.34039
2025-04-29 09:19:43,332 - trading_bot - INFO - Active position exists for GBPUSD, skipping
2025-04-29 09:19:43,335 - trading_bot - INFO - Calculated levels - Entry: 142.35, SL: 142.28414, TP: 142.54757
2025-04-29 09:19:43,335 - trading_bot - INFO - Active position exists for USDJPY, skipping
2025-04-29 09:20:43,346 - trading_bot - INFO - Calculated levels - Entry: 1.1394, SL: 1.13897, TP: 1.14069
2025-04-29 09:20:43,347 - trading_bot - INFO - Active position exists for EURUSD, skipping
2025-04-29 09:20:43,351 - trading_bot - INFO - Calculated levels - Entry: 1.34144, SL: 1.34099, TP: 1.34279
2025-04-29 09:20:43,352 - trading_bot - INFO - Active position exists for GBPUSD, skipping
2025-04-29 09:20:43,357 - trading_bot - INFO - Calculated levels - Entry: 142.38, SL: 142.44214, TP: 142.19357
2025-04-29 09:20:43,357 - trading_bot - INFO - Active position exists for USDJPY, skipping
2025-04-29 09:21:43,376 - trading_bot - INFO - Calculated levels - Entry: 1.13926, SL: 1.13882, TP: 1.14058
2025-04-29 09:21:43,377 - trading_bot - INFO - Active position exists for EURUSD, skipping
2025-04-29 09:21:43,382 - trading_bot - INFO - Calculated levels - Entry: 1.34114, SL: 1.34161, TP: 1.33972
2025-04-29 09:21:43,382 - trading_bot - INFO - Active position exists for GBPUSD, skipping
2025-04-29 09:21:43,387 - trading_bot - INFO - Calculated levels - Entry: 142.406, SL: 142.46829, TP: 142.21914
2025-04-29 09:21:43,387 - trading_bot - INFO - Active position exists for USDJPY, skipping
2025-04-29 09:22:43,396 - trading_bot - INFO - Calculated levels - Entry: 1.13926, SL: 1.13972, TP: 1.13788
2025-04-29 09:22:43,396 - trading_bot - INFO - Active position exists for EURUSD, skipping
2025-04-29 09:22:43,401 - trading_bot - INFO - Calculated levels - Entry: 1.34113, SL: 1.34156, TP: 1.33984
2025-04-29 09:22:43,402 - trading_bot - INFO - Active position exists for GBPUSD, skipping
2025-04-29 09:22:43,405 - trading_bot - INFO - Calculated levels - Entry: 142.392, SL: 142.45786, TP: 142.19443
2025-04-29 09:22:43,406 - trading_bot - INFO - Active position exists for USDJPY, skipping
2025-04-29 09:23:43,413 - trading_bot - INFO - Calculated levels - Entry: 1.13936, SL: 1.13983, TP: 1.13796
2025-04-29 09:23:43,414 - trading_bot - INFO - Active position exists for EURUSD, skipping
2025-04-29 09:23:43,417 - trading_bot - INFO - Calculated levels - Entry: 1.34113, SL: 1.34155, TP: 1.33987
2025-04-29 09:23:43,417 - trading_bot - INFO - Active position exists for GBPUSD, skipping
2025-04-29 09:23:43,420 - trading_bot - INFO - Calculated levels - Entry: 142.404, SL: 142.33771, TP: 142.60286
2025-04-29 09:23:43,421 - trading_bot - INFO - Active position exists for USDJPY, skipping
2025-04-29 09:24:43,427 - trading_bot - INFO - Calculated levels - Entry: 1.13925, SL: 1.13967, TP: 1.13799
2025-04-29 09:24:43,428 - trading_bot - INFO - Active position exists for EURUSD, skipping
2025-04-29 09:24:43,432 - trading_bot - INFO - Calculated levels - Entry: 1.34097, SL: 1.34137, TP: 1.33978
2025-04-29 09:24:43,432 - trading_bot - INFO - Active position exists for GBPUSD, skipping
2025-04-29 09:24:43,436 - trading_bot - INFO - Calculated levels - Entry: 142.417, SL: 142.35871, TP: 142.59186
2025-04-29 09:24:43,436 - trading_bot - INFO - Active position exists for USDJPY, skipping
2025-04-29 09:25:43,447 - trading_bot - INFO - Calculated levels - Entry: 1.1391, SL: 1.13951, TP: 1.13786
2025-04-29 09:25:43,447 - trading_bot - INFO - Active position exists for EURUSD, skipping
2025-04-29 09:25:43,451 - trading_bot - INFO - Calculated levels - Entry: 1.34082, SL: 1.34121, TP: 1.33965
2025-04-29 09:25:43,451 - trading_bot - INFO - Active position exists for GBPUSD, skipping
2025-04-29 09:25:43,454 - trading_bot - INFO - Calculated levels - Entry: 142.431, SL: 142.37443, TP: 142.60071
2025-04-29 09:25:43,454 - trading_bot - INFO - Active position exists for USDJPY, skipping
2025-04-29 09:26:43,466 - trading_bot - INFO - Calculated levels - Entry: 1.13921, SL: 1.13961, TP: 1.13801
2025-04-29 09:26:43,467 - trading_bot - INFO - Active position exists for EURUSD, skipping
2025-04-29 09:26:43,471 - trading_bot - INFO - Calculated levels - Entry: 1.34094, SL: 1.34132, TP: 1.3398
2025-04-29 09:26:43,471 - trading_bot - INFO - Active position exists for GBPUSD, skipping
2025-04-29 09:26:43,475 - trading_bot - INFO - Calculated levels - Entry: 142.432, SL: 142.37871, TP: 142.59186
2025-04-29 09:26:43,475 - trading_bot - INFO - Active position exists for USDJPY, skipping
2025-04-29 09:27:43,483 - trading_bot - INFO - Calculated levels - Entry: 1.13925, SL: 1.13967, TP: 1.13799
2025-04-29 09:27:43,484 - trading_bot - INFO - Active position exists for EURUSD, skipping
2025-04-29 09:27:43,487 - trading_bot - INFO - Calculated levels - Entry: 1.34103, SL: 1.34142, TP: 1.33985
2025-04-29 09:27:43,487 - trading_bot - INFO - Active position exists for GBPUSD, skipping
2025-04-29 09:27:43,491 - trading_bot - INFO - Calculated levels - Entry: 142.412, SL: 142.35243, TP: 142.59071
2025-04-29 09:27:43,491 - trading_bot - INFO - Active position exists for USDJPY, skipping
2025-04-29 09:28:43,499 - trading_bot - INFO - Calculated levels - Entry: 1.13937, SL: 1.13978, TP: 1.13813
2025-04-29 09:28:43,499 - trading_bot - INFO - Active position exists for EURUSD, skipping
2025-04-29 09:28:43,502 - trading_bot - INFO - Calculated levels - Entry: 1.34113, SL: 1.3415, TP: 1.34001
2025-04-29 09:28:43,503 - trading_bot - INFO - Active position exists for GBPUSD, skipping
2025-04-29 09:28:43,506 - trading_bot - INFO - Calculated levels - Entry: 142.393, SL: 142.33671, TP: 142.56186
2025-04-29 09:28:43,507 - trading_bot - INFO - Active position exists for USDJPY, skipping
2025-04-29 09:29:43,520 - trading_bot - INFO - Calculated levels - Entry: 1.13942, SL: 1.13982, TP: 1.13823
2025-04-29 09:29:43,520 - trading_bot - INFO - Active position exists for EURUSD, skipping
2025-04-29 09:29:43,525 - trading_bot - INFO - Calculated levels - Entry: 1.34122, SL: 1.3416, TP: 1.34008
2025-04-29 09:29:43,525 - trading_bot - INFO - Active position exists for GBPUSD, skipping
2025-04-29 09:29:43,528 - trading_bot - INFO - Calculated levels - Entry: 142.384, SL: 142.32543, TP: 142.55971
2025-04-29 09:29:43,529 - trading_bot - INFO - Active position exists for USDJPY, skipping
2025-04-29 09:30:43,540 - trading_bot - INFO - Calculated levels - Entry: 1.13934, SL: 1.13976, TP: 1.13808
2025-04-29 09:30:43,541 - trading_bot - INFO - Active position exists for EURUSD, skipping
2025-04-29 09:30:43,544 - trading_bot - INFO - Calculated levels - Entry: 1.34122, SL: 1.34161, TP: 1.34004
2025-04-29 09:30:43,545 - trading_bot - INFO - Active position exists for GBPUSD, skipping
2025-04-29 09:30:43,548 - trading_bot - INFO - Calculated levels - Entry: 142.368, SL: 142.42729, TP: 142.19014
2025-04-29 09:30:43,548 - trading_bot - INFO - Active position exists for USDJPY, skipping
2025-04-29 09:31:43,565 - trading_bot - INFO - Calculated levels - Entry: 1.13932, SL: 1.13974, TP: 1.13807
2025-04-29 09:31:43,566 - trading_bot - INFO - Active position exists for EURUSD, skipping
2025-04-29 09:31:43,569 - trading_bot - INFO - Calculated levels - Entry: 1.34113, SL: 1.34153, TP: 1.33992
2025-04-29 09:31:43,569 - trading_bot - INFO - Active position exists for GBPUSD, skipping
2025-04-29 09:31:43,574 - trading_bot - INFO - Calculated levels - Entry: 142.366, SL: 142.42129, TP: 142.20014
2025-04-29 09:31:43,574 - trading_bot - INFO - Active position exists for USDJPY, skipping
2025-04-29 09:32:43,584 - trading_bot - INFO - Calculated levels - Entry: 1.13956, SL: 1.14001, TP: 1.13822
2025-04-29 09:32:43,584 - trading_bot - INFO - Active position exists for EURUSD, skipping
2025-04-29 09:32:43,588 - trading_bot - INFO - Calculated levels - Entry: 1.34134, SL: 1.34175, TP: 1.3401
2025-04-29 09:32:43,588 - trading_bot - INFO - Active position exists for GBPUSD, skipping
2025-04-29 09:32:43,592 - trading_bot - INFO - Calculated levels - Entry: 142.334, SL: 142.39029, TP: 142.16514
2025-04-29 09:32:43,592 - trading_bot - INFO - Active position exists for USDJPY, skipping
2025-04-29 09:33:43,607 - trading_bot - INFO - Calculated levels - Entry: 1.13953, SL: 1.13995, TP: 1.13827
2025-04-29 09:33:43,608 - trading_bot - INFO - Active position exists for EURUSD, skipping
2025-04-29 09:33:43,611 - trading_bot - INFO - Calculated levels - Entry: 1.34134, SL: 1.34097, TP: 1.34246
2025-04-29 09:33:43,611 - trading_bot - INFO - Active position exists for GBPUSD, skipping
2025-04-29 09:33:43,615 - trading_bot - INFO - Calculated levels - Entry: 142.341, SL: 142.39557, TP: 142.17729
2025-04-29 09:33:43,615 - trading_bot - INFO - Active position exists for USDJPY, skipping
2025-04-29 09:34:43,630 - trading_bot - INFO - Calculated levels - Entry: 1.13959, SL: 1.13919, TP: 1.1408
2025-04-29 09:34:43,630 - trading_bot - INFO - Active position exists for EURUSD, skipping
2025-04-29 09:34:43,633 - trading_bot - INFO - Calculated levels - Entry: 1.34135, SL: 1.34101, TP: 1.34238
2025-04-29 09:34:43,634 - trading_bot - INFO - Active position exists for GBPUSD, skipping
2025-04-29 09:34:43,637 - trading_bot - INFO - Calculated levels - Entry: 142.346, SL: 142.39843, TP: 142.18871
2025-04-29 09:34:43,637 - trading_bot - INFO - Active position exists for USDJPY, skipping
2025-04-29 09:35:43,645 - trading_bot - INFO - Calculated levels - Entry: 1.1398, SL: 1.13939, TP: 1.14102
2025-04-29 09:35:43,645 - trading_bot - INFO - Active position exists for EURUSD, skipping
2025-04-29 09:35:43,649 - trading_bot - INFO - Calculated levels - Entry: 1.34155, SL: 1.34119, TP: 1.34264
2025-04-29 09:35:43,649 - trading_bot - INFO - Active position exists for GBPUSD, skipping
2025-04-29 09:35:43,653 - trading_bot - INFO - Calculated levels - Entry: 142.319, SL: 142.37229, TP: 142.15914
2025-04-29 09:35:43,654 - trading_bot - INFO - Active position exists for USDJPY, skipping
2025-04-29 09:36:43,661 - trading_bot - INFO - Calculated levels - Entry: 1.13978, SL: 1.13938, TP: 1.14098
2025-04-29 09:36:43,661 - trading_bot - INFO - Active position exists for EURUSD, skipping
2025-04-29 09:36:43,665 - trading_bot - INFO - Calculated levels - Entry: 1.34153, SL: 1.34117, TP: 1.34261
2025-04-29 09:36:43,665 - trading_bot - INFO - Active position exists for GBPUSD, skipping
2025-04-29 09:36:43,667 - trading_bot - INFO - Calculated levels - Entry: 142.324, SL: 142.38086, TP: 142.15343
2025-04-29 09:36:43,668 - trading_bot - INFO - Active position exists for USDJPY, skipping
2025-04-29 09:37:43,680 - trading_bot - INFO - Calculated levels - Entry: 1.1398, SL: 1.14018, TP: 1.13867
2025-04-29 09:37:43,681 - trading_bot - INFO - Active position exists for EURUSD, skipping
2025-04-29 09:37:43,685 - trading_bot - INFO - Calculated levels - Entry: 1.34156, SL: 1.34191, TP: 1.3405
2025-04-29 09:37:43,686 - trading_bot - INFO - Active position exists for GBPUSD, skipping
2025-04-29 09:37:43,689 - trading_bot - INFO - Calculated levels - Entry: 142.373, SL: 142.43057, TP: 142.20029
2025-04-29 09:37:43,690 - trading_bot - INFO - Active position exists for USDJPY, skipping
2025-04-29 09:38:43,697 - trading_bot - INFO - Calculated levels - Entry: 1.13964, SL: 1.14002, TP: 1.13849
2025-04-29 09:38:43,697 - trading_bot - INFO - Active position exists for EURUSD, skipping
2025-04-29 09:38:43,700 - trading_bot - INFO - Calculated levels - Entry: 1.34161, SL: 1.34195, TP: 1.34059
2025-04-29 09:38:43,700 - trading_bot - INFO - Active position exists for GBPUSD, skipping
2025-04-29 09:38:43,704 - trading_bot - INFO - Calculated levels - Entry: 142.384, SL: 142.32571, TP: 142.55886
2025-04-29 09:38:43,704 - trading_bot - INFO - Active position exists for USDJPY, skipping
2025-04-29 09:39:43,712 - trading_bot - INFO - Calculated levels - Entry: 1.13956, SL: 1.13916, TP: 1.14076
2025-04-29 09:39:43,713 - trading_bot - INFO - Active position exists for EURUSD, skipping
2025-04-29 09:39:43,717 - trading_bot - INFO - Calculated levels - Entry: 1.34163, SL: 1.34196, TP: 1.34064
2025-04-29 09:39:43,717 - trading_bot - INFO - Active position exists for GBPUSD, skipping
2025-04-29 09:39:43,721 - trading_bot - INFO - Calculated levels - Entry: 142.411, SL: 142.34857, TP: 142.59829
2025-04-29 09:39:43,721 - trading_bot - INFO - Active position exists for USDJPY, skipping
2025-04-29 09:40:43,738 - trading_bot - INFO - Calculated levels - Entry: 1.13954, SL: 1.1399, TP: 1.13846
2025-04-29 09:40:43,739 - trading_bot - INFO - Active position exists for EURUSD, skipping
2025-04-29 09:40:43,744 - trading_bot - INFO - Calculated levels - Entry: 1.34142, SL: 1.34108, TP: 1.34243
2025-04-29 09:40:43,744 - trading_bot - INFO - Active position exists for GBPUSD, skipping
2025-04-29 09:40:43,747 - trading_bot - INFO - Calculated levels - Entry: 142.411, SL: 142.34757, TP: 142.60129
2025-04-29 09:40:43,748 - trading_bot - INFO - Active position exists for USDJPY, skipping
2025-04-29 09:41:43,763 - trading_bot - INFO - Calculated levels - Entry: 1.1395, SL: 1.13987, TP: 1.13838
2025-04-29 09:41:43,763 - trading_bot - INFO - Active position exists for EURUSD, skipping
2025-04-29 09:41:43,766 - trading_bot - INFO - Calculated levels - Entry: 1.34152, SL: 1.34119, TP: 1.34252
2025-04-29 09:41:43,767 - trading_bot - INFO - Active position exists for GBPUSD, skipping
2025-04-29 09:41:43,771 - trading_bot - INFO - Calculated levels - Entry: 142.414, SL: 142.35757, TP: 142.58329
2025-04-29 09:41:43,772 - trading_bot - INFO - Active position exists for USDJPY, skipping
2025-04-29 09:42:43,790 - trading_bot - INFO - Calculated levels - Entry: 1.13917, SL: 1.13957, TP: 1.13797
2025-04-29 09:42:43,790 - trading_bot - INFO - Active position exists for EURUSD, skipping
2025-04-29 09:42:43,795 - trading_bot - INFO - Calculated levels - Entry: 1.34113, SL: 1.34149, TP: 1.34004
2025-04-29 09:42:43,796 - trading_bot - INFO - Active position exists for GBPUSD, skipping
2025-04-29 09:42:43,800 - trading_bot - INFO - Calculated levels - Entry: 142.464, SL: 142.40314, TP: 142.64657
2025-04-29 09:42:43,800 - trading_bot - INFO - Active position exists for USDJPY, skipping
2025-04-29 09:43:43,812 - trading_bot - INFO - Calculated levels - Entry: 1.13944, SL: 1.13984, TP: 1.13824
2025-04-29 09:43:43,812 - trading_bot - INFO - Active position exists for EURUSD, skipping
2025-04-29 09:43:43,815 - trading_bot - INFO - Calculated levels - Entry: 1.34153, SL: 1.34193, TP: 1.34033
2025-04-29 09:43:43,816 - trading_bot - INFO - Active position exists for GBPUSD, skipping
2025-04-29 09:43:43,820 - trading_bot - INFO - Calculated levels - Entry: 142.444, SL: 142.38386, TP: 142.62443
2025-04-29 09:43:43,821 - trading_bot - INFO - Active position exists for USDJPY, skipping
2025-04-29 09:44:43,840 - trading_bot - INFO - Calculated levels - Entry: 1.13939, SL: 1.13979, TP: 1.13818
2025-04-29 09:44:43,840 - trading_bot - INFO - Active position exists for EURUSD, skipping
2025-04-29 09:44:43,844 - trading_bot - INFO - Calculated levels - Entry: 1.34145, SL: 1.34185, TP: 1.34025
2025-04-29 09:44:43,844 - trading_bot - INFO - Active position exists for GBPUSD, skipping
2025-04-29 09:44:43,847 - trading_bot - INFO - Calculated levels - Entry: 142.455, SL: 142.39429, TP: 142.63714
2025-04-29 09:44:43,848 - trading_bot - INFO - Active position exists for USDJPY, skipping
